[2026-03-21T01:13:36.956+0000] {manager.py:470} INFO - Processing files using up to 1 processes at a time 
[2026-03-21T01:13:36.981+0000] {manager.py:471} INFO - Process each file at most once every 30 seconds
[2026-03-21T01:13:36.984+0000] {manager.py:472} INFO - Checking for new files in /opt/airflow/dags every 300 seconds
[2026-03-21T01:13:36.985+0000] {manager.py:737} INFO - Searching for files in /opt/airflow/dags
[2026-03-21T01:13:37.005+0000] {manager.py:740} INFO - There are 0 files in /opt/airflow/dags
[2026-03-21T01:14:26.721+0000] {manager.py:470} INFO - Processing files using up to 1 processes at a time 
[2026-03-21T01:14:26.922+0000] {manager.py:471} INFO - Process each file at most once every 30 seconds
[2026-03-21T01:14:26.923+0000] {manager.py:472} INFO - Checking for new files in /opt/airflow/dags every 300 seconds
[2026-03-21T01:14:26.925+0000] {manager.py:737} INFO - Searching for files in /opt/airflow/dags
[2026-03-21T01:14:26.928+0000] {manager.py:740} INFO - There are 0 files in /opt/airflow/dags
[2026-03-21T01:19:27.741+0000] {manager.py:737} INFO - Searching for files in /opt/airflow/dags
[2026-03-21T01:19:27.747+0000] {manager.py:740} INFO - There are 0 files in /opt/airflow/dags
[2026-03-21T01:24:50.254+0000] {manager.py:470} INFO - Processing files using up to 1 processes at a time 
[2026-03-21T01:24:50.255+0000] {manager.py:471} INFO - Process each file at most once every 30 seconds
[2026-03-21T01:24:50.256+0000] {manager.py:472} INFO - Checking for new files in /opt/airflow/dags every 300 seconds
[2026-03-21T01:24:50.257+0000] {manager.py:737} INFO - Searching for files in /opt/airflow/dags
[2026-03-21T01:24:50.260+0000] {manager.py:740} INFO - There are 0 files in /opt/airflow/dags
[2026-03-21T01:26:45.959+0000] {manager.py:470} INFO - Processing files using up to 1 processes at a time 
[2026-03-21T01:26:45.960+0000] {manager.py:471} INFO - Process each file at most once every 30 seconds
[2026-03-21T01:26:45.960+0000] {manager.py:472} INFO - Checking for new files in /opt/airflow/dags every 300 seconds
[2026-03-21T01:26:45.961+0000] {manager.py:737} INFO - Searching for files in /opt/airflow/dags
[2026-03-21T01:26:45.964+0000] {manager.py:740} INFO - There are 0 files in /opt/airflow/dags
[2026-03-21T01:31:46.055+0000] {manager.py:737} INFO - Searching for files in /opt/airflow/dags
[2026-03-21T01:31:46.061+0000] {manager.py:740} INFO - There are 0 files in /opt/airflow/dags
[2026-03-21T01:36:46.096+0000] {manager.py:737} INFO - Searching for files in /opt/airflow/dags
[2026-03-21T01:36:46.100+0000] {manager.py:740} INFO - There are 0 files in /opt/airflow/dags
[2026-03-21T01:41:46.337+0000] {manager.py:737} INFO - Searching for files in /opt/airflow/dags
[2026-03-21T01:41:46.342+0000] {manager.py:740} INFO - There are 0 files in /opt/airflow/dags
[2026-03-21T01:46:46.470+0000] {manager.py:737} INFO - Searching for files in /opt/airflow/dags
[2026-03-21T01:46:46.477+0000] {manager.py:740} INFO - There are 0 files in /opt/airflow/dags
[2026-03-21T01:51:46.627+0000] {manager.py:737} INFO - Searching for files in /opt/airflow/dags
[2026-03-21T01:51:46.634+0000] {manager.py:740} INFO - There are 0 files in /opt/airflow/dags
[2026-03-21T01:56:46.763+0000] {manager.py:737} INFO - Searching for files in /opt/airflow/dags
[2026-03-21T01:56:46.773+0000] {manager.py:740} INFO - There are 1 files in /opt/airflow/dags
[2026-03-21T01:56:49.369+0000] {manager.py:878} INFO - 
================================================================================
DAG File Processing Stats

File Path                    PID    Runtime      # DAGs    # Errors  Last Runtime    Last Run
---------------------------  -----  ---------  --------  ----------  --------------  -------------------
/opt/airflow/dags/checks.py                           0           1  0.51s           2026-03-21T01:56:47
================================================================================
[2026-03-21T01:57:19.428+0000] {manager.py:878} INFO - 
================================================================================
DAG File Processing Stats

File Path                    PID    Runtime      # DAGs    # Errors  Last Runtime    Last Run
---------------------------  -----  ---------  --------  ----------  --------------  -------------------
/opt/airflow/dags/checks.py                           0           1  0.41s           2026-03-21T01:57:17
================================================================================
[2026-03-21T01:57:49.492+0000] {manager.py:878} INFO - 
================================================================================
DAG File Processing Stats

File Path                    PID    Runtime      # DAGs    # Errors  Last Runtime    Last Run
---------------------------  -----  ---------  --------  ----------  --------------  -------------------
/opt/airflow/dags/checks.py                           0           1  0.40s           2026-03-21T01:57:48
================================================================================
[2026-03-21T01:58:19.575+0000] {manager.py:878} INFO - 
================================================================================
DAG File Processing Stats

File Path                    PID    Runtime      # DAGs    # Errors  Last Runtime    Last Run
---------------------------  -----  ---------  --------  ----------  --------------  -------------------
/opt/airflow/dags/checks.py                           0           1  0.40s           2026-03-21T01:58:19
================================================================================
[2026-03-21T01:58:49.962+0000] {manager.py:878} INFO - 
================================================================================
DAG File Processing Stats

File Path                    PID    Runtime      # DAGs    # Errors  Last Runtime    Last Run
---------------------------  -----  ---------  --------  ----------  --------------  -------------------
/opt/airflow/dags/checks.py                           0           1  0.31s           2026-03-21T01:58:49
================================================================================
[2026-03-21T01:59:20.537+0000] {manager.py:878} INFO - 
================================================================================
DAG File Processing Stats

File Path                    PID    Runtime      # DAGs    # Errors  Last Runtime    Last Run
---------------------------  -----  ---------  --------  ----------  --------------  -------------------
/opt/airflow/dags/checks.py                           0           1  0.51s           2026-03-21T01:59:20
================================================================================
[2026-03-21T01:59:51.017+0000] {manager.py:878} INFO - 
================================================================================
DAG File Processing Stats

File Path                    PID    Runtime      # DAGs    # Errors  Last Runtime    Last Run
---------------------------  -----  ---------  --------  ----------  --------------  -------------------
/opt/airflow/dags/checks.py                           0           1  0.41s           2026-03-21T01:59:51
================================================================================
[2026-03-21T02:00:21.481+0000] {manager.py:878} INFO - 
================================================================================
DAG File Processing Stats

File Path                    PID    Runtime      # DAGs    # Errors  Last Runtime    Last Run
---------------------------  -----  ---------  --------  ----------  --------------  -------------------
/opt/airflow/dags/checks.py                           0           1  0.41s           2026-03-21T02:00:21
================================================================================
[2026-03-21T02:00:51.948+0000] {manager.py:878} INFO - 
================================================================================
DAG File Processing Stats

File Path                    PID    Runtime      # DAGs    # Errors  Last Runtime    Last Run
---------------------------  -----  ---------  --------  ----------  --------------  -------------------
/opt/airflow/dags/checks.py                           0           1  0.41s           2026-03-21T02:00:51
================================================================================
[2026-03-21T02:01:22.417+0000] {manager.py:878} INFO - 
================================================================================
DAG File Processing Stats

File Path                    PID    Runtime      # DAGs    # Errors  Last Runtime    Last Run
---------------------------  -----  ---------  --------  ----------  --------------  -------------------
/opt/airflow/dags/checks.py                           0           1  0.40s           2026-03-21T02:01:22
================================================================================
[2026-03-21T02:01:47.056+0000] {manager.py:737} INFO - Searching for files in /opt/airflow/dags
[2026-03-21T02:01:47.073+0000] {manager.py:740} INFO - There are 1 files in /opt/airflow/dags
[2026-03-21T02:01:52.880+0000] {manager.py:878} INFO - 
================================================================================
DAG File Processing Stats

File Path                    PID    Runtime      # DAGs    # Errors  Last Runtime    Last Run
---------------------------  -----  ---------  --------  ----------  --------------  -------------------
/opt/airflow/dags/checks.py                           0           1  0.40s           2026-03-21T02:01:52
================================================================================
[2026-03-21T02:02:23.343+0000] {manager.py:878} INFO - 
================================================================================
DAG File Processing Stats

File Path                    PID    Runtime      # DAGs    # Errors  Last Runtime    Last Run
---------------------------  -----  ---------  --------  ----------  --------------  -------------------
/opt/airflow/dags/checks.py                           0           1  0.41s           2026-03-21T02:02:23
================================================================================
[2026-03-21T02:02:53.799+0000] {manager.py:878} INFO - 
================================================================================
DAG File Processing Stats

File Path                    PID    Runtime      # DAGs    # Errors  Last Runtime    Last Run
---------------------------  -----  ---------  --------  ----------  --------------  -------------------
/opt/airflow/dags/checks.py                           0           1  0.41s           2026-03-21T02:02:53
================================================================================
[2026-03-21T02:03:24.272+0000] {manager.py:878} INFO - 
================================================================================
DAG File Processing Stats

File Path                    PID    Runtime      # DAGs    # Errors  Last Runtime    Last Run
---------------------------  -----  ---------  --------  ----------  --------------  -------------------
/opt/airflow/dags/checks.py                           0           1  0.41s           2026-03-21T02:03:24
================================================================================
[2026-03-21T02:03:54.751+0000] {manager.py:878} INFO - 
================================================================================
DAG File Processing Stats

File Path                    PID    Runtime      # DAGs    # Errors  Last Runtime    Last Run
---------------------------  -----  ---------  --------  ----------  --------------  -------------------
/opt/airflow/dags/checks.py                           0           1  0.41s           2026-03-21T02:03:54
================================================================================
[2026-03-21T02:04:25.258+0000] {manager.py:878} INFO - 
================================================================================
DAG File Processing Stats

File Path                    PID    Runtime      # DAGs    # Errors  Last Runtime    Last Run
---------------------------  -----  ---------  --------  ----------  --------------  -------------------
/opt/airflow/dags/checks.py                           0           1  0.41s           2026-03-21T02:04:25
================================================================================
[2026-03-21T02:04:55.744+0000] {manager.py:878} INFO - 
================================================================================
DAG File Processing Stats

File Path                    PID    Runtime      # DAGs    # Errors  Last Runtime    Last Run
---------------------------  -----  ---------  --------  ----------  --------------  -------------------
/opt/airflow/dags/checks.py                           0           1  0.40s           2026-03-21T02:04:55
================================================================================
[2026-03-21T02:05:26.230+0000] {manager.py:878} INFO - 
================================================================================
DAG File Processing Stats

File Path                    PID    Runtime      # DAGs    # Errors  Last Runtime    Last Run
---------------------------  -----  ---------  --------  ----------  --------------  -------------------
/opt/airflow/dags/checks.py                           0           1  0.40s           2026-03-21T02:05:26
================================================================================
[2026-03-21T02:05:56.718+0000] {manager.py:878} INFO - 
================================================================================
DAG File Processing Stats

File Path                    PID    Runtime      # DAGs    # Errors  Last Runtime    Last Run
---------------------------  -----  ---------  --------  ----------  --------------  -------------------
/opt/airflow/dags/checks.py                           0           1  0.41s           2026-03-21T02:05:56
================================================================================
[2026-03-21T02:06:27.202+0000] {manager.py:878} INFO - 
================================================================================
DAG File Processing Stats

File Path                    PID    Runtime      # DAGs    # Errors  Last Runtime    Last Run
---------------------------  -----  ---------  --------  ----------  --------------  -------------------
/opt/airflow/dags/checks.py                           0           1  0.41s           2026-03-21T02:06:27
================================================================================
[2026-03-21T02:06:47.281+0000] {manager.py:737} INFO - Searching for files in /opt/airflow/dags
[2026-03-21T02:06:47.295+0000] {manager.py:740} INFO - There are 1 files in /opt/airflow/dags
[2026-03-21T02:06:57.701+0000] {manager.py:878} INFO - 
================================================================================
DAG File Processing Stats

File Path                    PID    Runtime      # DAGs    # Errors  Last Runtime    Last Run
---------------------------  -----  ---------  --------  ----------  --------------  -------------------
/opt/airflow/dags/checks.py                           0           1  0.40s           2026-03-21T02:06:57
================================================================================
[2026-03-21T02:07:28.188+0000] {manager.py:878} INFO - 
================================================================================
DAG File Processing Stats

File Path                    PID    Runtime      # DAGs    # Errors  Last Runtime    Last Run
---------------------------  -----  ---------  --------  ----------  --------------  -------------------
/opt/airflow/dags/checks.py                           0           1  0.41s           2026-03-21T02:07:28
================================================================================
[2026-03-21T02:07:58.684+0000] {manager.py:878} INFO - 
================================================================================
DAG File Processing Stats

File Path                    PID    Runtime      # DAGs    # Errors  Last Runtime    Last Run
---------------------------  -----  ---------  --------  ----------  --------------  -------------------
/opt/airflow/dags/checks.py                           0           1  0.41s           2026-03-21T02:07:58
================================================================================
[2026-03-21T02:08:29.184+0000] {manager.py:878} INFO - 
================================================================================
DAG File Processing Stats

File Path                    PID    Runtime      # DAGs    # Errors  Last Runtime    Last Run
---------------------------  -----  ---------  --------  ----------  --------------  -------------------
/opt/airflow/dags/checks.py                           0           1  0.41s           2026-03-21T02:08:29
================================================================================
[2026-03-21T02:08:59.662+0000] {manager.py:878} INFO - 
================================================================================
DAG File Processing Stats

File Path                    PID    Runtime      # DAGs    # Errors  Last Runtime    Last Run
---------------------------  -----  ---------  --------  ----------  --------------  -------------------
/opt/airflow/dags/checks.py                           0           1  0.40s           2026-03-21T02:08:59
================================================================================
[2026-03-21T02:09:30.137+0000] {manager.py:878} INFO - 
================================================================================
DAG File Processing Stats

File Path                    PID    Runtime      # DAGs    # Errors  Last Runtime    Last Run
---------------------------  -----  ---------  --------  ----------  --------------  -------------------
/opt/airflow/dags/checks.py                           0           1  0.40s           2026-03-21T02:09:30
================================================================================
[2026-03-21T02:10:00.625+0000] {manager.py:878} INFO - 
================================================================================
DAG File Processing Stats

File Path                    PID    Runtime      # DAGs    # Errors  Last Runtime    Last Run
---------------------------  -----  ---------  --------  ----------  --------------  -------------------
/opt/airflow/dags/checks.py                           0           1  0.41s           2026-03-21T02:10:00
================================================================================
[2026-03-21T02:10:31.113+0000] {manager.py:878} INFO - 
================================================================================
DAG File Processing Stats

File Path                    PID    Runtime      # DAGs    # Errors  Last Runtime    Last Run
---------------------------  -----  ---------  --------  ----------  --------------  -------------------
/opt/airflow/dags/checks.py                           0           1  0.40s           2026-03-21T02:10:31
================================================================================
[2026-03-21T02:11:01.591+0000] {manager.py:878} INFO - 
================================================================================
DAG File Processing Stats

File Path                    PID    Runtime      # DAGs    # Errors  Last Runtime    Last Run
---------------------------  -----  ---------  --------  ----------  --------------  -------------------
/opt/airflow/dags/checks.py                           0           1  0.41s           2026-03-21T02:11:01
================================================================================
[2026-03-21T02:11:32.084+0000] {manager.py:878} INFO - 
================================================================================
DAG File Processing Stats

File Path                    PID    Runtime      # DAGs    # Errors  Last Runtime    Last Run
---------------------------  -----  ---------  --------  ----------  --------------  -------------------
/opt/airflow/dags/checks.py                           0           1  0.41s           2026-03-21T02:11:32
================================================================================
[2026-03-21T02:11:47.718+0000] {manager.py:737} INFO - Searching for files in /opt/airflow/dags
[2026-03-21T02:11:47.737+0000] {manager.py:740} INFO - There are 1 files in /opt/airflow/dags
[2026-03-21T02:12:02.660+0000] {manager.py:878} INFO - 
================================================================================
DAG File Processing Stats

File Path                    PID    Runtime      # DAGs    # Errors  Last Runtime    Last Run
---------------------------  -----  ---------  --------  ----------  --------------  -------------------
/opt/airflow/dags/checks.py                           0           1  0.51s           2026-03-21T02:12:02
================================================================================
[2026-03-21T02:12:33.133+0000] {manager.py:878} INFO - 
================================================================================
DAG File Processing Stats

File Path                    PID    Runtime      # DAGs    # Errors  Last Runtime    Last Run
---------------------------  -----  ---------  --------  ----------  --------------  -------------------
/opt/airflow/dags/checks.py                           0           1  0.41s           2026-03-21T02:12:33
================================================================================
[2026-03-21T02:13:03.620+0000] {manager.py:878} INFO - 
================================================================================
DAG File Processing Stats

File Path                    PID    Runtime      # DAGs    # Errors  Last Runtime    Last Run
---------------------------  -----  ---------  --------  ----------  --------------  -------------------
/opt/airflow/dags/checks.py                           0           1  0.41s           2026-03-21T02:13:03
================================================================================
[2026-03-21T02:13:34.097+0000] {manager.py:878} INFO - 
================================================================================
DAG File Processing Stats

File Path                    PID    Runtime      # DAGs    # Errors  Last Runtime    Last Run
---------------------------  -----  ---------  --------  ----------  --------------  -------------------
/opt/airflow/dags/checks.py                           0           1  0.40s           2026-03-21T02:13:34
================================================================================
[2026-03-21T02:14:04.585+0000] {manager.py:878} INFO - 
================================================================================
DAG File Processing Stats

File Path                    PID    Runtime      # DAGs    # Errors  Last Runtime    Last Run
---------------------------  -----  ---------  --------  ----------  --------------  -------------------
/opt/airflow/dags/checks.py                           0           1  0.41s           2026-03-21T02:14:04
================================================================================
[2026-03-21T02:14:35.063+0000] {manager.py:878} INFO - 
================================================================================
DAG File Processing Stats

File Path                    PID    Runtime      # DAGs    # Errors  Last Runtime    Last Run
---------------------------  -----  ---------  --------  ----------  --------------  -------------------
/opt/airflow/dags/checks.py                           0           1  0.41s           2026-03-21T02:14:35
================================================================================
[2026-03-21T02:15:05.559+0000] {manager.py:878} INFO - 
================================================================================
DAG File Processing Stats

File Path                    PID    Runtime      # DAGs    # Errors  Last Runtime    Last Run
---------------------------  -----  ---------  --------  ----------  --------------  -------------------
/opt/airflow/dags/checks.py                           0           1  0.41s           2026-03-21T02:15:05
================================================================================
[2026-03-21T02:15:36.043+0000] {manager.py:878} INFO - 
================================================================================
DAG File Processing Stats

File Path                    PID    Runtime      # DAGs    # Errors  Last Runtime    Last Run
---------------------------  -----  ---------  --------  ----------  --------------  -------------------
/opt/airflow/dags/checks.py                           0           1  0.40s           2026-03-21T02:15:36
================================================================================
[2026-03-21T02:16:06.533+0000] {manager.py:878} INFO - 
================================================================================
DAG File Processing Stats

File Path                    PID    Runtime      # DAGs    # Errors  Last Runtime    Last Run
---------------------------  -----  ---------  --------  ----------  --------------  -------------------
/opt/airflow/dags/checks.py                           0           1  0.40s           2026-03-21T02:16:06
================================================================================
[2026-03-21T02:16:37.015+0000] {manager.py:878} INFO - 
================================================================================
DAG File Processing Stats

File Path                    PID    Runtime      # DAGs    # Errors  Last Runtime    Last Run
---------------------------  -----  ---------  --------  ----------  --------------  -------------------
/opt/airflow/dags/checks.py                           0           1  0.40s           2026-03-21T02:16:37
================================================================================
[2026-03-21T02:16:47.864+0000] {manager.py:737} INFO - Searching for files in /opt/airflow/dags
[2026-03-21T02:16:47.881+0000] {manager.py:740} INFO - There are 1 files in /opt/airflow/dags
[2026-03-21T02:17:07.488+0000] {manager.py:878} INFO - 
================================================================================
DAG File Processing Stats

File Path                    PID    Runtime      # DAGs    # Errors  Last Runtime    Last Run
---------------------------  -----  ---------  --------  ----------  --------------  -------------------
/opt/airflow/dags/checks.py                           0           1  0.41s           2026-03-21T02:17:07
================================================================================
[2026-03-21T02:17:37.970+0000] {manager.py:878} INFO - 
================================================================================
DAG File Processing Stats

File Path                    PID    Runtime      # DAGs    # Errors  Last Runtime    Last Run
---------------------------  -----  ---------  --------  ----------  --------------  -------------------
/opt/airflow/dags/checks.py                           0           1  0.40s           2026-03-21T02:17:37
================================================================================
[2026-03-21T02:18:08.449+0000] {manager.py:878} INFO - 
================================================================================
DAG File Processing Stats

File Path                    PID    Runtime      # DAGs    # Errors  Last Runtime    Last Run
---------------------------  -----  ---------  --------  ----------  --------------  -------------------
/opt/airflow/dags/checks.py                           0           1  0.41s           2026-03-21T02:18:08
================================================================================
[2026-03-21T02:18:38.986+0000] {manager.py:878} INFO - 
================================================================================
DAG File Processing Stats

File Path                    PID    Runtime      # DAGs    # Errors  Last Runtime    Last Run
---------------------------  -----  ---------  --------  ----------  --------------  -------------------
/opt/airflow/dags/checks.py                           0           1  0.41s           2026-03-21T02:18:38
================================================================================
[2026-03-21T02:19:09.477+0000] {manager.py:878} INFO - 
================================================================================
DAG File Processing Stats

File Path                    PID    Runtime      # DAGs    # Errors  Last Runtime    Last Run
---------------------------  -----  ---------  --------  ----------  --------------  -------------------
/opt/airflow/dags/checks.py                           0           1  0.40s           2026-03-21T02:19:09
================================================================================
[2026-03-21T02:19:39.952+0000] {manager.py:878} INFO - 
================================================================================
DAG File Processing Stats

File Path                    PID    Runtime      # DAGs    # Errors  Last Runtime    Last Run
---------------------------  -----  ---------  --------  ----------  --------------  -------------------
/opt/airflow/dags/checks.py                           0           1  0.40s           2026-03-21T02:19:39
================================================================================
[2026-03-21T02:20:10.425+0000] {manager.py:878} INFO - 
================================================================================
DAG File Processing Stats

File Path                    PID    Runtime      # DAGs    # Errors  Last Runtime    Last Run
---------------------------  -----  ---------  --------  ----------  --------------  -------------------
/opt/airflow/dags/checks.py                           0           1  0.40s           2026-03-21T02:20:10
================================================================================
[2026-03-21T02:20:40.896+0000] {manager.py:878} INFO - 
================================================================================
DAG File Processing Stats

File Path                    PID    Runtime      # DAGs    # Errors  Last Runtime    Last Run
---------------------------  -----  ---------  --------  ----------  --------------  -------------------
/opt/airflow/dags/checks.py                           0           1  0.41s           2026-03-21T02:20:40
================================================================================
[2026-03-21T02:21:11.380+0000] {manager.py:878} INFO - 
================================================================================
DAG File Processing Stats

File Path                    PID    Runtime      # DAGs    # Errors  Last Runtime    Last Run
---------------------------  -----  ---------  --------  ----------  --------------  -------------------
/opt/airflow/dags/checks.py                           0           1  0.40s           2026-03-21T02:21:11
================================================================================
[2026-03-21T02:21:41.865+0000] {manager.py:878} INFO - 
================================================================================
DAG File Processing Stats

File Path                    PID    Runtime      # DAGs    # Errors  Last Runtime    Last Run
---------------------------  -----  ---------  --------  ----------  --------------  -------------------
/opt/airflow/dags/checks.py                           0           1  0.41s           2026-03-21T02:21:41
================================================================================
[2026-03-21T02:21:47.953+0000] {manager.py:737} INFO - Searching for files in /opt/airflow/dags
[2026-03-21T02:21:47.978+0000] {manager.py:740} INFO - There are 1 files in /opt/airflow/dags
[2026-03-21T02:22:12.353+0000] {manager.py:878} INFO - 
================================================================================
DAG File Processing Stats

File Path                    PID    Runtime      # DAGs    # Errors  Last Runtime    Last Run
---------------------------  -----  ---------  --------  ----------  --------------  -------------------
/opt/airflow/dags/checks.py                           0           1  0.40s           2026-03-21T02:22:12
================================================================================
[2026-03-21T02:22:43.027+0000] {manager.py:878} INFO - 
================================================================================
DAG File Processing Stats

File Path                    PID    Runtime      # DAGs    # Errors  Last Runtime    Last Run
---------------------------  -----  ---------  --------  ----------  --------------  -------------------
/opt/airflow/dags/checks.py                           0           1  0.61s           2026-03-21T02:22:43
================================================================================
[2026-03-21T02:23:13.108+0000] {manager.py:878} INFO - 
================================================================================
DAG File Processing Stats

File Path                    PID    Runtime      # DAGs    # Errors  Last Runtime    Last Run
---------------------------  -----  ---------  --------  ----------  --------------  -------------------
/opt/airflow/dags/checks.py                           1           0  0.11s           2026-03-21T02:23:05
================================================================================
[2026-03-21T02:23:43.167+0000] {manager.py:878} INFO - 
================================================================================
DAG File Processing Stats

File Path                    PID    Runtime      # DAGs    # Errors  Last Runtime    Last Run
---------------------------  -----  ---------  --------  ----------  --------------  -------------------
/opt/airflow/dags/checks.py                           1           0  0.21s           2026-03-21T02:23:35
================================================================================
[2026-03-21T02:24:13.224+0000] {manager.py:878} INFO - 
================================================================================
DAG File Processing Stats

File Path                    PID    Runtime      # DAGs    # Errors  Last Runtime    Last Run
---------------------------  -----  ---------  --------  ----------  --------------  -------------------
/opt/airflow/dags/checks.py                           1           0  0.20s           2026-03-21T02:24:05
================================================================================
[2026-03-21T02:24:43.314+0000] {manager.py:878} INFO - 
================================================================================
DAG File Processing Stats

File Path                    PID    Runtime      # DAGs    # Errors  Last Runtime    Last Run
---------------------------  -----  ---------  --------  ----------  --------------  -------------------
/opt/airflow/dags/checks.py                           1           0  0.20s           2026-03-21T02:24:36
================================================================================
[2026-03-21T02:25:13.369+0000] {manager.py:878} INFO - 
================================================================================
DAG File Processing Stats

File Path                    PID    Runtime      # DAGs    # Errors  Last Runtime    Last Run
---------------------------  -----  ---------  --------  ----------  --------------  -------------------
/opt/airflow/dags/checks.py                           1           0  0.20s           2026-03-21T02:25:06
================================================================================
[2026-03-21T02:25:43.426+0000] {manager.py:878} INFO - 
================================================================================
DAG File Processing Stats

File Path                    PID    Runtime      # DAGs    # Errors  Last Runtime    Last Run
---------------------------  -----  ---------  --------  ----------  --------------  -------------------
/opt/airflow/dags/checks.py                           1           0  0.21s           2026-03-21T02:25:36
================================================================================
[2026-03-21T02:26:13.490+0000] {manager.py:878} INFO - 
================================================================================
DAG File Processing Stats

File Path                    PID    Runtime      # DAGs    # Errors  Last Runtime    Last Run
---------------------------  -----  ---------  --------  ----------  --------------  -------------------
/opt/airflow/dags/checks.py                           1           0  0.20s           2026-03-21T02:26:07
================================================================================
[2026-03-21T02:26:43.558+0000] {manager.py:878} INFO - 
================================================================================
DAG File Processing Stats

File Path                    PID    Runtime      # DAGs    # Errors  Last Runtime    Last Run
---------------------------  -----  ---------  --------  ----------  --------------  -------------------
/opt/airflow/dags/checks.py                           1           0  0.20s           2026-03-21T02:26:37
================================================================================
[2026-03-21T02:26:48.180+0000] {manager.py:737} INFO - Searching for files in /opt/airflow/dags
[2026-03-21T02:26:48.205+0000] {manager.py:740} INFO - There are 1 files in /opt/airflow/dags
[2026-03-21T02:27:13.661+0000] {manager.py:878} INFO - 
================================================================================
DAG File Processing Stats

File Path                    PID    Runtime      # DAGs    # Errors  Last Runtime    Last Run
---------------------------  -----  ---------  --------  ----------  --------------  -------------------
/opt/airflow/dags/checks.py                           1           0  0.21s           2026-03-21T02:27:07
================================================================================
[2026-03-21T02:27:43.704+0000] {manager.py:878} INFO - 
================================================================================
DAG File Processing Stats

File Path                    PID    Runtime      # DAGs    # Errors  Last Runtime    Last Run
---------------------------  -----  ---------  --------  ----------  --------------  -------------------
/opt/airflow/dags/checks.py                           1           0  0.20s           2026-03-21T02:27:38
================================================================================
[2026-03-21T02:28:13.773+0000] {manager.py:878} INFO - 
================================================================================
DAG File Processing Stats

File Path                    PID    Runtime      # DAGs    # Errors  Last Runtime    Last Run
---------------------------  -----  ---------  --------  ----------  --------------  -------------------
/opt/airflow/dags/checks.py                           1           0  0.20s           2026-03-21T02:28:09
================================================================================
[2026-03-21T02:28:43.841+0000] {manager.py:878} INFO - 
================================================================================
DAG File Processing Stats

File Path                    PID    Runtime      # DAGs    # Errors  Last Runtime    Last Run
---------------------------  -----  ---------  --------  ----------  --------------  -------------------
/opt/airflow/dags/checks.py                           1           0  0.20s           2026-03-21T02:28:39
================================================================================
[2026-03-21T02:29:13.894+0000] {manager.py:878} INFO - 
================================================================================
DAG File Processing Stats

File Path                    PID    Runtime      # DAGs    # Errors  Last Runtime    Last Run
---------------------------  -----  ---------  --------  ----------  --------------  -------------------
/opt/airflow/dags/checks.py                           1           0  0.20s           2026-03-21T02:29:09
================================================================================
[2026-03-21T02:29:43.948+0000] {manager.py:878} INFO - 
================================================================================
DAG File Processing Stats

File Path                    PID    Runtime      # DAGs    # Errors  Last Runtime    Last Run
---------------------------  -----  ---------  --------  ----------  --------------  -------------------
/opt/airflow/dags/checks.py                           1           0  0.20s           2026-03-21T02:29:39
================================================================================
[2026-03-21T02:30:14.011+0000] {manager.py:878} INFO - 
================================================================================
DAG File Processing Stats

File Path                    PID    Runtime      # DAGs    # Errors  Last Runtime    Last Run
---------------------------  -----  ---------  --------  ----------  --------------  -------------------
/opt/airflow/dags/checks.py                           1           0  0.20s           2026-03-21T02:30:10
================================================================================
[2026-03-21T02:30:44.073+0000] {manager.py:878} INFO - 
================================================================================
DAG File Processing Stats

File Path                    PID    Runtime      # DAGs    # Errors  Last Runtime    Last Run
---------------------------  -----  ---------  --------  ----------  --------------  -------------------
/opt/airflow/dags/checks.py                           1           0  0.20s           2026-03-21T02:30:40
================================================================================
[2026-03-21T02:31:14.129+0000] {manager.py:878} INFO - 
================================================================================
DAG File Processing Stats

File Path                    PID    Runtime      # DAGs    # Errors  Last Runtime    Last Run
---------------------------  -----  ---------  --------  ----------  --------------  -------------------
/opt/airflow/dags/checks.py                           1           0  0.20s           2026-03-21T02:31:10
================================================================================
[2026-03-21T02:31:44.194+0000] {manager.py:878} INFO - 
================================================================================
DAG File Processing Stats

File Path                    PID    Runtime      # DAGs    # Errors  Last Runtime    Last Run
---------------------------  -----  ---------  --------  ----------  --------------  -------------------
/opt/airflow/dags/checks.py                           1           0  0.20s           2026-03-21T02:31:40
================================================================================
[2026-03-21T02:31:48.387+0000] {manager.py:737} INFO - Searching for files in /opt/airflow/dags
[2026-03-21T02:31:48.403+0000] {manager.py:740} INFO - There are 1 files in /opt/airflow/dags
[2026-03-21T02:32:14.262+0000] {manager.py:878} INFO - 
================================================================================
DAG File Processing Stats

File Path                    PID    Runtime      # DAGs    # Errors  Last Runtime    Last Run
---------------------------  -----  ---------  --------  ----------  --------------  -------------------
/opt/airflow/dags/checks.py                           1           0  0.21s           2026-03-21T02:32:11
================================================================================
[2026-03-21T02:32:44.336+0000] {manager.py:878} INFO - 
================================================================================
DAG File Processing Stats

File Path                    PID    Runtime      # DAGs    # Errors  Last Runtime    Last Run
---------------------------  -----  ---------  --------  ----------  --------------  -------------------
/opt/airflow/dags/checks.py                           1           0  0.20s           2026-03-21T02:32:41
================================================================================
[2026-03-21T02:33:14.393+0000] {manager.py:878} INFO - 
================================================================================
DAG File Processing Stats

File Path                    PID    Runtime      # DAGs    # Errors  Last Runtime    Last Run
---------------------------  -----  ---------  --------  ----------  --------------  -------------------
/opt/airflow/dags/checks.py                           1           0  0.21s           2026-03-21T02:33:11
================================================================================
[2026-03-21T02:33:44.455+0000] {manager.py:878} INFO - 
================================================================================
DAG File Processing Stats

File Path                    PID    Runtime      # DAGs    # Errors  Last Runtime    Last Run
---------------------------  -----  ---------  --------  ----------  --------------  -------------------
/opt/airflow/dags/checks.py                           1           0  0.21s           2026-03-21T02:33:41
================================================================================
[2026-03-21T02:34:14.514+0000] {manager.py:878} INFO - 
================================================================================
DAG File Processing Stats

File Path                    PID    Runtime      # DAGs    # Errors  Last Runtime    Last Run
---------------------------  -----  ---------  --------  ----------  --------------  -------------------
/opt/airflow/dags/checks.py                           1           0  0.21s           2026-03-21T02:34:12
================================================================================
[2026-03-21T02:34:45.338+0000] {manager.py:878} INFO - 
================================================================================
DAG File Processing Stats

File Path                    PID    Runtime      # DAGs    # Errors  Last Runtime    Last Run
---------------------------  -----  ---------  --------  ----------  --------------  -------------------
/opt/airflow/dags/checks.py                           1           0  0.20s           2026-03-21T02:34:43
================================================================================
[2026-03-21T02:35:15.443+0000] {manager.py:878} INFO - 
================================================================================
DAG File Processing Stats

File Path                    PID    Runtime      # DAGs    # Errors  Last Runtime    Last Run
---------------------------  -----  ---------  --------  ----------  --------------  -------------------
/opt/airflow/dags/checks.py                           1           0  0.20s           2026-03-21T02:35:13
================================================================================
[2026-03-21T02:35:45.540+0000] {manager.py:878} INFO - 
================================================================================
DAG File Processing Stats

File Path                    PID    Runtime      # DAGs    # Errors  Last Runtime    Last Run
---------------------------  -----  ---------  --------  ----------  --------------  -------------------
/opt/airflow/dags/checks.py                           1           0  0.20s           2026-03-21T02:35:43
================================================================================
[2026-03-21T02:36:15.635+0000] {manager.py:878} INFO - 
================================================================================
DAG File Processing Stats

File Path                    PID    Runtime      # DAGs    # Errors  Last Runtime    Last Run
---------------------------  -----  ---------  --------  ----------  --------------  -------------------
/opt/airflow/dags/checks.py                           1           0  0.21s           2026-03-21T02:36:14
================================================================================
[2026-03-21T02:36:45.726+0000] {manager.py:878} INFO - 
================================================================================
DAG File Processing Stats

File Path                    PID    Runtime      # DAGs    # Errors  Last Runtime    Last Run
---------------------------  -----  ---------  --------  ----------  --------------  -------------------
/opt/airflow/dags/checks.py                           1           0  0.20s           2026-03-21T02:36:44
================================================================================
[2026-03-21T02:36:48.541+0000] {manager.py:737} INFO - Searching for files in /opt/airflow/dags
[2026-03-21T02:36:48.557+0000] {manager.py:740} INFO - There are 1 files in /opt/airflow/dags
[2026-03-21T02:37:15.826+0000] {manager.py:878} INFO - 
================================================================================
DAG File Processing Stats

File Path                    PID    Runtime      # DAGs    # Errors  Last Runtime    Last Run
---------------------------  -----  ---------  --------  ----------  --------------  -------------------
/opt/airflow/dags/checks.py                           1           0  0.20s           2026-03-21T02:37:14
================================================================================
[2026-03-21T02:37:45.921+0000] {manager.py:878} INFO - 
================================================================================
DAG File Processing Stats

File Path                    PID    Runtime      # DAGs    # Errors  Last Runtime    Last Run
---------------------------  -----  ---------  --------  ----------  --------------  -------------------
/opt/airflow/dags/checks.py                           1           0  0.21s           2026-03-21T02:37:44
================================================================================
[2026-03-21T02:38:16.096+0000] {manager.py:878} INFO - 
================================================================================
DAG File Processing Stats

File Path                    PID    Runtime      # DAGs    # Errors  Last Runtime    Last Run
---------------------------  -----  ---------  --------  ----------  --------------  -------------------
/opt/airflow/dags/checks.py                           1           0  0.20s           2026-03-21T02:38:15
================================================================================
[2026-03-21T02:38:46.484+0000] {manager.py:878} INFO - 
================================================================================
DAG File Processing Stats

File Path                    PID    Runtime      # DAGs    # Errors  Last Runtime    Last Run
---------------------------  -----  ---------  --------  ----------  --------------  -------------------
/opt/airflow/dags/checks.py                           1           0  0.20s           2026-03-21T02:38:45
================================================================================
[2026-03-21T02:39:16.749+0000] {manager.py:878} INFO - 
================================================================================
DAG File Processing Stats

File Path                    PID    Runtime      # DAGs    # Errors  Last Runtime    Last Run
---------------------------  -----  ---------  --------  ----------  --------------  -------------------
/opt/airflow/dags/checks.py                           1           0  0.20s           2026-03-21T02:39:15
================================================================================
[2026-03-21T02:39:47.010+0000] {manager.py:878} INFO - 
================================================================================
DAG File Processing Stats

File Path                    PID    Runtime      # DAGs    # Errors  Last Runtime    Last Run
---------------------------  -----  ---------  --------  ----------  --------------  -------------------
/opt/airflow/dags/checks.py                           1           0  0.21s           2026-03-21T02:39:45
================================================================================
[2026-03-21T02:40:17.255+0000] {manager.py:878} INFO - 
================================================================================
DAG File Processing Stats

File Path                    PID    Runtime      # DAGs    # Errors  Last Runtime    Last Run
---------------------------  -----  ---------  --------  ----------  --------------  -------------------
/opt/airflow/dags/checks.py                           1           0  0.20s           2026-03-21T02:40:16
================================================================================
[2026-03-21T02:40:47.715+0000] {manager.py:878} INFO - 
================================================================================
DAG File Processing Stats

File Path                    PID    Runtime      # DAGs    # Errors  Last Runtime    Last Run
---------------------------  -----  ---------  --------  ----------  --------------  -------------------
/opt/airflow/dags/checks.py                           1           0  0.20s           2026-03-21T02:40:46
================================================================================
[2026-03-21T02:41:17.770+0000] {manager.py:878} INFO - 
================================================================================
DAG File Processing Stats

File Path                    PID    Runtime      # DAGs    # Errors  Last Runtime    Last Run
---------------------------  -----  ---------  --------  ----------  --------------  -------------------
/opt/airflow/dags/checks.py                           1           0  0.20s           2026-03-21T02:41:16
================================================================================
[2026-03-21T02:41:47.835+0000] {manager.py:878} INFO - 
================================================================================
DAG File Processing Stats

File Path                    PID    Runtime      # DAGs    # Errors  Last Runtime    Last Run
---------------------------  -----  ---------  --------  ----------  --------------  -------------------
/opt/airflow/dags/checks.py                           1           0  0.20s           2026-03-21T02:41:47
================================================================================
[2026-03-21T02:41:48.728+0000] {manager.py:737} INFO - Searching for files in /opt/airflow/dags
[2026-03-21T02:41:48.744+0000] {manager.py:740} INFO - There are 1 files in /opt/airflow/dags
[2026-03-21T02:42:18.099+0000] {manager.py:878} INFO - 
================================================================================
DAG File Processing Stats

File Path                    PID    Runtime      # DAGs    # Errors  Last Runtime    Last Run
---------------------------  -----  ---------  --------  ----------  --------------  -------------------
/opt/airflow/dags/checks.py                           1           0  0.20s           2026-03-21T02:42:18
================================================================================
[2026-03-21T02:42:48.379+0000] {manager.py:878} INFO - 
================================================================================
DAG File Processing Stats

File Path                    PID    Runtime      # DAGs    # Errors  Last Runtime    Last Run
---------------------------  -----  ---------  --------  ----------  --------------  -------------------
/opt/airflow/dags/checks.py                           1           0  0.20s           2026-03-21T02:42:48
================================================================================
[2026-03-21T02:43:18.643+0000] {manager.py:878} INFO - 
================================================================================
DAG File Processing Stats

File Path                    PID    Runtime      # DAGs    # Errors  Last Runtime    Last Run
---------------------------  -----  ---------  --------  ----------  --------------  -------------------
/opt/airflow/dags/checks.py                           1           0  0.20s           2026-03-21T02:43:18
================================================================================
[2026-03-21T02:43:49.022+0000] {manager.py:878} INFO - 
================================================================================
DAG File Processing Stats

File Path                    PID    Runtime      # DAGs    # Errors  Last Runtime    Last Run
---------------------------  -----  ---------  --------  ----------  --------------  -------------------
/opt/airflow/dags/checks.py                           1           0  0.31s           2026-03-21T02:43:49
================================================================================
[2026-03-21T02:44:19.298+0000] {manager.py:878} INFO - 
================================================================================
DAG File Processing Stats

File Path                    PID    Runtime      # DAGs    # Errors  Last Runtime    Last Run
---------------------------  -----  ---------  --------  ----------  --------------  -------------------
/opt/airflow/dags/checks.py                           1           0  0.20s           2026-03-21T02:44:19
================================================================================
[2026-03-21T02:44:49.581+0000] {manager.py:878} INFO - 
================================================================================
DAG File Processing Stats

File Path                    PID    Runtime      # DAGs    # Errors  Last Runtime    Last Run
---------------------------  -----  ---------  --------  ----------  --------------  -------------------
/opt/airflow/dags/checks.py                           1           0  0.21s           2026-03-21T02:44:49
================================================================================
[2026-03-21T02:45:19.866+0000] {manager.py:878} INFO - 
================================================================================
DAG File Processing Stats

File Path                    PID    Runtime      # DAGs    # Errors  Last Runtime    Last Run
---------------------------  -----  ---------  --------  ----------  --------------  -------------------
/opt/airflow/dags/checks.py                           1           0  0.21s           2026-03-21T02:45:19
================================================================================
[2026-03-21T02:45:50.145+0000] {manager.py:878} INFO - 
================================================================================
DAG File Processing Stats

File Path                    PID    Runtime      # DAGs    # Errors  Last Runtime    Last Run
---------------------------  -----  ---------  --------  ----------  --------------  -------------------
/opt/airflow/dags/checks.py                           1           0  0.20s           2026-03-21T02:45:50
================================================================================
[2026-03-21T02:46:20.442+0000] {manager.py:878} INFO - 
================================================================================
DAG File Processing Stats

File Path                    PID    Runtime      # DAGs    # Errors  Last Runtime    Last Run
---------------------------  -----  ---------  --------  ----------  --------------  -------------------
/opt/airflow/dags/checks.py                           1           0  0.21s           2026-03-21T02:46:20
================================================================================
[2026-03-21T02:46:49.103+0000] {manager.py:737} INFO - Searching for files in /opt/airflow/dags
[2026-03-21T02:46:49.118+0000] {manager.py:740} INFO - There are 1 files in /opt/airflow/dags
[2026-03-21T02:46:50.725+0000] {manager.py:878} INFO - 
================================================================================
DAG File Processing Stats

File Path                    PID    Runtime      # DAGs    # Errors  Last Runtime    Last Run
---------------------------  -----  ---------  --------  ----------  --------------  -------------------
/opt/airflow/dags/checks.py                           1           0  0.20s           2026-03-21T02:46:50
================================================================================
[2026-03-21T02:47:20.990+0000] {manager.py:878} INFO - 
================================================================================
DAG File Processing Stats

File Path                    PID    Runtime      # DAGs    # Errors  Last Runtime    Last Run
---------------------------  -----  ---------  --------  ----------  --------------  -------------------
/opt/airflow/dags/checks.py                           1           0  0.20s           2026-03-21T02:47:20
================================================================================
[2026-03-21T02:47:51.262+0000] {manager.py:878} INFO - 
================================================================================
DAG File Processing Stats

File Path                    PID    Runtime      # DAGs    # Errors  Last Runtime    Last Run
---------------------------  -----  ---------  --------  ----------  --------------  -------------------
/opt/airflow/dags/checks.py                           1           0  0.20s           2026-03-21T02:47:51
================================================================================
[2026-03-21T02:48:21.534+0000] {manager.py:878} INFO - 
================================================================================
DAG File Processing Stats

File Path                    PID    Runtime      # DAGs    # Errors  Last Runtime    Last Run
---------------------------  -----  ---------  --------  ----------  --------------  -------------------
/opt/airflow/dags/checks.py                           1           0  0.20s           2026-03-21T02:48:21
================================================================================
[2026-03-21T02:48:51.713+0000] {manager.py:878} INFO - 
================================================================================
DAG File Processing Stats

File Path                    PID    Runtime      # DAGs    # Errors  Last Runtime    Last Run
---------------------------  -----  ---------  --------  ----------  --------------  -------------------
/opt/airflow/dags/checks.py                           1           0  0.11s           2026-03-21T02:48:51
================================================================================
[2026-03-21T02:49:21.977+0000] {manager.py:878} INFO - 
================================================================================
DAG File Processing Stats

File Path                    PID    Runtime      # DAGs    # Errors  Last Runtime    Last Run
---------------------------  -----  ---------  --------  ----------  --------------  -------------------
/opt/airflow/dags/checks.py                           1           0  0.20s           2026-03-21T02:49:21
================================================================================
[2026-03-21T02:49:52.244+0000] {manager.py:878} INFO - 
================================================================================
DAG File Processing Stats

File Path                    PID    Runtime      # DAGs    # Errors  Last Runtime    Last Run
---------------------------  -----  ---------  --------  ----------  --------------  -------------------
/opt/airflow/dags/checks.py                           1           0  0.20s           2026-03-21T02:49:52
================================================================================
[2026-03-21T02:50:22.527+0000] {manager.py:878} INFO - 
================================================================================
DAG File Processing Stats

File Path                    PID    Runtime      # DAGs    # Errors  Last Runtime    Last Run
---------------------------  -----  ---------  --------  ----------  --------------  -------------------
/opt/airflow/dags/checks.py                           1           0  0.21s           2026-03-21T02:50:22
================================================================================
[2026-03-21T02:50:52.820+0000] {manager.py:878} INFO - 
================================================================================
DAG File Processing Stats

File Path                    PID    Runtime      # DAGs    # Errors  Last Runtime    Last Run
---------------------------  -----  ---------  --------  ----------  --------------  -------------------
/opt/airflow/dags/checks.py                           1           0  0.20s           2026-03-21T02:50:52
================================================================================
[2026-03-21T02:51:23.096+0000] {manager.py:878} INFO - 
================================================================================
DAG File Processing Stats

File Path                    PID    Runtime      # DAGs    # Errors  Last Runtime    Last Run
---------------------------  -----  ---------  --------  ----------  --------------  -------------------
/opt/airflow/dags/checks.py                           1           0  0.20s           2026-03-21T02:51:23
================================================================================
[2026-03-21T02:51:49.245+0000] {manager.py:737} INFO - Searching for files in /opt/airflow/dags
[2026-03-21T02:51:49.260+0000] {manager.py:740} INFO - There are 1 files in /opt/airflow/dags
[2026-03-21T02:51:53.364+0000] {manager.py:878} INFO - 
================================================================================
DAG File Processing Stats

File Path                    PID    Runtime      # DAGs    # Errors  Last Runtime    Last Run
---------------------------  -----  ---------  --------  ----------  --------------  -------------------
/opt/airflow/dags/checks.py                           1           0  0.20s           2026-03-21T02:51:53
================================================================================
[2026-03-21T02:52:23.644+0000] {manager.py:878} INFO - 
================================================================================
DAG File Processing Stats

File Path                    PID    Runtime      # DAGs    # Errors  Last Runtime    Last Run
---------------------------  -----  ---------  --------  ----------  --------------  -------------------
/opt/airflow/dags/checks.py                           1           0  0.21s           2026-03-21T02:52:23
================================================================================
[2026-03-21T02:52:53.916+0000] {manager.py:878} INFO - 
================================================================================
DAG File Processing Stats

File Path                    PID    Runtime      # DAGs    # Errors  Last Runtime    Last Run
---------------------------  -----  ---------  --------  ----------  --------------  -------------------
/opt/airflow/dags/checks.py                           1           0  0.20s           2026-03-21T02:52:53
================================================================================
[2026-03-21T02:53:24.191+0000] {manager.py:878} INFO - 
================================================================================
DAG File Processing Stats

File Path                    PID    Runtime      # DAGs    # Errors  Last Runtime    Last Run
---------------------------  -----  ---------  --------  ----------  --------------  -------------------
/opt/airflow/dags/checks.py                           1           0  0.20s           2026-03-21T02:53:24
================================================================================
[2026-03-21T02:53:54.467+0000] {manager.py:878} INFO - 
================================================================================
DAG File Processing Stats

File Path                    PID    Runtime      # DAGs    # Errors  Last Runtime    Last Run
---------------------------  -----  ---------  --------  ----------  --------------  -------------------
/opt/airflow/dags/checks.py                           1           0  0.20s           2026-03-21T02:53:54
================================================================================
[2026-03-21T02:54:24.734+0000] {manager.py:878} INFO - 
================================================================================
DAG File Processing Stats

File Path                    PID    Runtime      # DAGs    # Errors  Last Runtime    Last Run
---------------------------  -----  ---------  --------  ----------  --------------  -------------------
/opt/airflow/dags/checks.py                           1           0  0.20s           2026-03-21T02:54:24
================================================================================
[2026-03-21T02:54:55.007+0000] {manager.py:878} INFO - 
================================================================================
DAG File Processing Stats

File Path                    PID    Runtime      # DAGs    # Errors  Last Runtime    Last Run
---------------------------  -----  ---------  --------  ----------  --------------  -------------------
/opt/airflow/dags/checks.py                           1           0  0.20s           2026-03-21T02:54:55
================================================================================
[2026-03-21T02:55:25.283+0000] {manager.py:878} INFO - 
================================================================================
DAG File Processing Stats

File Path                    PID    Runtime      # DAGs    # Errors  Last Runtime    Last Run
---------------------------  -----  ---------  --------  ----------  --------------  -------------------
/opt/airflow/dags/checks.py                           1           0  0.20s           2026-03-21T02:55:25
================================================================================
[2026-03-21T02:55:55.564+0000] {manager.py:878} INFO - 
================================================================================
DAG File Processing Stats

File Path                    PID    Runtime      # DAGs    # Errors  Last Runtime    Last Run
---------------------------  -----  ---------  --------  ----------  --------------  -------------------
/opt/airflow/dags/checks.py                           1           0  0.21s           2026-03-21T02:55:55
================================================================================
[2026-03-21T02:56:25.830+0000] {manager.py:878} INFO - 
================================================================================
DAG File Processing Stats

File Path                    PID    Runtime      # DAGs    # Errors  Last Runtime    Last Run
---------------------------  -----  ---------  --------  ----------  --------------  -------------------
/opt/airflow/dags/checks.py                           1           0  0.21s           2026-03-21T02:56:25
================================================================================
[2026-03-21T02:56:49.398+0000] {manager.py:737} INFO - Searching for files in /opt/airflow/dags
[2026-03-21T02:56:49.416+0000] {manager.py:740} INFO - There are 1 files in /opt/airflow/dags
[2026-03-21T02:56:56.098+0000] {manager.py:878} INFO - 
================================================================================
DAG File Processing Stats

File Path                    PID    Runtime      # DAGs    # Errors  Last Runtime    Last Run
---------------------------  -----  ---------  --------  ----------  --------------  -------------------
/opt/airflow/dags/checks.py                           1           0  0.21s           2026-03-21T02:56:56
================================================================================
[2026-03-21T02:57:26.368+0000] {manager.py:878} INFO - 
================================================================================
DAG File Processing Stats

File Path                    PID    Runtime      # DAGs    # Errors  Last Runtime    Last Run
---------------------------  -----  ---------  --------  ----------  --------------  -------------------
/opt/airflow/dags/checks.py                           1           0  0.21s           2026-03-21T02:57:26
================================================================================
[2026-03-21T02:57:56.635+0000] {manager.py:878} INFO - 
================================================================================
DAG File Processing Stats

File Path                    PID    Runtime      # DAGs    # Errors  Last Runtime    Last Run
---------------------------  -----  ---------  --------  ----------  --------------  -------------------
/opt/airflow/dags/checks.py                           1           0  0.20s           2026-03-21T02:57:56
================================================================================
[2026-03-21T02:58:26.914+0000] {manager.py:878} INFO - 
================================================================================
DAG File Processing Stats

File Path                    PID    Runtime      # DAGs    # Errors  Last Runtime    Last Run
---------------------------  -----  ---------  --------  ----------  --------------  -------------------
/opt/airflow/dags/checks.py                           1           0  0.21s           2026-03-21T02:58:26
================================================================================
[2026-03-21T02:58:57.207+0000] {manager.py:878} INFO - 
================================================================================
DAG File Processing Stats

File Path                    PID    Runtime      # DAGs    # Errors  Last Runtime    Last Run
---------------------------  -----  ---------  --------  ----------  --------------  -------------------
/opt/airflow/dags/checks.py                           1           0  0.21s           2026-03-21T02:58:57
================================================================================
[2026-03-21T02:59:27.484+0000] {manager.py:878} INFO - 
================================================================================
DAG File Processing Stats

File Path                    PID    Runtime      # DAGs    # Errors  Last Runtime    Last Run
---------------------------  -----  ---------  --------  ----------  --------------  -------------------
/opt/airflow/dags/checks.py                           1           0  0.20s           2026-03-21T02:59:27
================================================================================
[2026-03-21T02:59:57.768+0000] {manager.py:878} INFO - 
================================================================================
DAG File Processing Stats

File Path                    PID    Runtime      # DAGs    # Errors  Last Runtime    Last Run
---------------------------  -----  ---------  --------  ----------  --------------  -------------------
/opt/airflow/dags/checks.py                           1           0  0.20s           2026-03-21T02:59:57
================================================================================
[2026-03-21T03:00:28.041+0000] {manager.py:878} INFO - 
================================================================================
DAG File Processing Stats

File Path                    PID    Runtime      # DAGs    # Errors  Last Runtime    Last Run
---------------------------  -----  ---------  --------  ----------  --------------  -------------------
/opt/airflow/dags/checks.py                           1           0  0.21s           2026-03-21T03:00:28
================================================================================
[2026-03-21T03:00:58.328+0000] {manager.py:878} INFO - 
================================================================================
DAG File Processing Stats

File Path                    PID    Runtime      # DAGs    # Errors  Last Runtime    Last Run
---------------------------  -----  ---------  --------  ----------  --------------  -------------------
/opt/airflow/dags/checks.py                           1           0  0.20s           2026-03-21T03:00:58
================================================================================
[2026-03-21T03:01:28.600+0000] {manager.py:878} INFO - 
================================================================================
DAG File Processing Stats

File Path                    PID    Runtime      # DAGs    # Errors  Last Runtime    Last Run
---------------------------  -----  ---------  --------  ----------  --------------  -------------------
/opt/airflow/dags/checks.py                           1           0  0.21s           2026-03-21T03:01:28
================================================================================
[2026-03-21T03:01:49.587+0000] {manager.py:737} INFO - Searching for files in /opt/airflow/dags
[2026-03-21T03:01:49.603+0000] {manager.py:740} INFO - There are 1 files in /opt/airflow/dags
[2026-03-21T03:01:58.870+0000] {manager.py:878} INFO - 
================================================================================
DAG File Processing Stats

File Path                    PID    Runtime      # DAGs    # Errors  Last Runtime    Last Run
---------------------------  -----  ---------  --------  ----------  --------------  -------------------
/opt/airflow/dags/checks.py                           1           0  0.20s           2026-03-21T03:01:58
================================================================================
[2026-03-21T03:02:29.136+0000] {manager.py:878} INFO - 
================================================================================
DAG File Processing Stats

File Path                    PID    Runtime      # DAGs    # Errors  Last Runtime    Last Run
---------------------------  -----  ---------  --------  ----------  --------------  -------------------
/opt/airflow/dags/checks.py                           1           0  0.20s           2026-03-21T03:02:29
================================================================================
[2026-03-21T03:02:59.403+0000] {manager.py:878} INFO - 
================================================================================
DAG File Processing Stats

File Path                    PID    Runtime      # DAGs    # Errors  Last Runtime    Last Run
---------------------------  -----  ---------  --------  ----------  --------------  -------------------
/opt/airflow/dags/checks.py                           1           0  0.21s           2026-03-21T03:02:59
================================================================================
[2026-03-21T03:03:29.681+0000] {manager.py:878} INFO - 
================================================================================
DAG File Processing Stats

File Path                    PID    Runtime      # DAGs    # Errors  Last Runtime    Last Run
---------------------------  -----  ---------  --------  ----------  --------------  -------------------
/opt/airflow/dags/checks.py                           1           0  0.20s           2026-03-21T03:03:29
================================================================================
[2026-03-21T03:03:59.856+0000] {manager.py:878} INFO - 
================================================================================
DAG File Processing Stats

File Path                    PID    Runtime      # DAGs    # Errors  Last Runtime    Last Run
---------------------------  -----  ---------  --------  ----------  --------------  -------------------
/opt/airflow/dags/checks.py                           1           0  0.11s           2026-03-21T03:03:59
================================================================================
[2026-03-21T03:04:30.129+0000] {manager.py:878} INFO - 
================================================================================
DAG File Processing Stats

File Path                    PID    Runtime      # DAGs    # Errors  Last Runtime    Last Run
---------------------------  -----  ---------  --------  ----------  --------------  -------------------
/opt/airflow/dags/checks.py                           1           0  0.20s           2026-03-21T03:04:30
================================================================================
[2026-03-21T03:05:00.397+0000] {manager.py:878} INFO - 
================================================================================
DAG File Processing Stats

File Path                    PID    Runtime      # DAGs    # Errors  Last Runtime    Last Run
---------------------------  -----  ---------  --------  ----------  --------------  -------------------
/opt/airflow/dags/checks.py                           1           0  0.21s           2026-03-21T03:05:00
================================================================================
[2026-03-21T03:05:30.689+0000] {manager.py:878} INFO - 
================================================================================
DAG File Processing Stats

File Path                    PID    Runtime      # DAGs    # Errors  Last Runtime    Last Run
---------------------------  -----  ---------  --------  ----------  --------------  -------------------
/opt/airflow/dags/checks.py                           1           0  0.20s           2026-03-21T03:05:30
================================================================================
[2026-03-21T03:06:00.976+0000] {manager.py:878} INFO - 
================================================================================
DAG File Processing Stats

File Path                    PID    Runtime      # DAGs    # Errors  Last Runtime    Last Run
---------------------------  -----  ---------  --------  ----------  --------------  -------------------
/opt/airflow/dags/checks.py                           1           0  0.20s           2026-03-21T03:06:00
================================================================================
[2026-03-21T03:06:31.239+0000] {manager.py:878} INFO - 
================================================================================
DAG File Processing Stats

File Path                    PID    Runtime      # DAGs    # Errors  Last Runtime    Last Run
---------------------------  -----  ---------  --------  ----------  --------------  -------------------
/opt/airflow/dags/checks.py                           1           0  0.21s           2026-03-21T03:06:31
================================================================================
[2026-03-21T03:06:49.638+0000] {manager.py:737} INFO - Searching for files in /opt/airflow/dags
[2026-03-21T03:06:49.654+0000] {manager.py:740} INFO - There are 1 files in /opt/airflow/dags
[2026-03-21T03:07:01.627+0000] {manager.py:878} INFO - 
================================================================================
DAG File Processing Stats

File Path                    PID    Runtime      # DAGs    # Errors  Last Runtime    Last Run
---------------------------  -----  ---------  --------  ----------  --------------  -------------------
/opt/airflow/dags/checks.py                           1           0  0.30s           2026-03-21T03:07:01
================================================================================
[2026-03-21T03:07:31.906+0000] {manager.py:878} INFO - 
================================================================================
DAG File Processing Stats

File Path                    PID    Runtime      # DAGs    # Errors  Last Runtime    Last Run
---------------------------  -----  ---------  --------  ----------  --------------  -------------------
/opt/airflow/dags/checks.py                           1           0  0.21s           2026-03-21T03:07:31
================================================================================
[2026-03-21T03:08:02.176+0000] {manager.py:878} INFO - 
================================================================================
DAG File Processing Stats

File Path                    PID    Runtime      # DAGs    # Errors  Last Runtime    Last Run
---------------------------  -----  ---------  --------  ----------  --------------  -------------------
/opt/airflow/dags/checks.py                           1           0  0.20s           2026-03-21T03:08:02
================================================================================
[2026-03-21T03:08:32.441+0000] {manager.py:878} INFO - 
================================================================================
DAG File Processing Stats

File Path                    PID    Runtime      # DAGs    # Errors  Last Runtime    Last Run
---------------------------  -----  ---------  --------  ----------  --------------  -------------------
/opt/airflow/dags/checks.py                           1           0  0.21s           2026-03-21T03:08:32
================================================================================
[2026-03-21T03:09:02.719+0000] {manager.py:878} INFO - 
================================================================================
DAG File Processing Stats

File Path                    PID    Runtime      # DAGs    # Errors  Last Runtime    Last Run
---------------------------  -----  ---------  --------  ----------  --------------  -------------------
/opt/airflow/dags/checks.py                           1           0  0.20s           2026-03-21T03:09:02
================================================================================
[2026-03-21T03:09:32.977+0000] {manager.py:878} INFO - 
================================================================================
DAG File Processing Stats

File Path                    PID    Runtime      # DAGs    # Errors  Last Runtime    Last Run
---------------------------  -----  ---------  --------  ----------  --------------  -------------------
/opt/airflow/dags/checks.py                           1           0  0.21s           2026-03-21T03:09:32
================================================================================
[2026-03-21T03:10:03.247+0000] {manager.py:878} INFO - 
================================================================================
DAG File Processing Stats

File Path                    PID    Runtime      # DAGs    # Errors  Last Runtime    Last Run
---------------------------  -----  ---------  --------  ----------  --------------  -------------------
/opt/airflow/dags/checks.py                           1           0  0.21s           2026-03-21T03:10:03
================================================================================
[2026-03-21T03:10:33.524+0000] {manager.py:878} INFO - 
================================================================================
DAG File Processing Stats

File Path                    PID    Runtime      # DAGs    # Errors  Last Runtime    Last Run
---------------------------  -----  ---------  --------  ----------  --------------  -------------------
/opt/airflow/dags/checks.py                           1           0  0.20s           2026-03-21T03:10:33
================================================================================
[2026-03-21T03:11:03.793+0000] {manager.py:878} INFO - 
================================================================================
DAG File Processing Stats

File Path                    PID    Runtime      # DAGs    # Errors  Last Runtime    Last Run
---------------------------  -----  ---------  --------  ----------  --------------  -------------------
/opt/airflow/dags/checks.py                           1           0  0.20s           2026-03-21T03:11:03
================================================================================
[2026-03-21T03:11:34.065+0000] {manager.py:878} INFO - 
================================================================================
DAG File Processing Stats

File Path                    PID    Runtime      # DAGs    # Errors  Last Runtime    Last Run
---------------------------  -----  ---------  --------  ----------  --------------  -------------------
/opt/airflow/dags/checks.py                           1           0  0.20s           2026-03-21T03:11:34
================================================================================
[2026-03-21T03:11:49.883+0000] {manager.py:737} INFO - Searching for files in /opt/airflow/dags
[2026-03-21T03:11:49.899+0000] {manager.py:740} INFO - There are 1 files in /opt/airflow/dags
[2026-03-21T03:12:04.336+0000] {manager.py:878} INFO - 
================================================================================
DAG File Processing Stats

File Path                    PID    Runtime      # DAGs    # Errors  Last Runtime    Last Run
---------------------------  -----  ---------  --------  ----------  --------------  -------------------
/opt/airflow/dags/checks.py                           1           0  0.20s           2026-03-21T03:12:04
================================================================================
[2026-03-21T03:12:34.812+0000] {manager.py:878} INFO - 
================================================================================
DAG File Processing Stats

File Path                    PID    Runtime      # DAGs    # Errors  Last Runtime    Last Run
---------------------------  -----  ---------  --------  ----------  --------------  -------------------
/opt/airflow/dags/checks.py                           1           0  0.41s           2026-03-21T03:12:34
================================================================================
[2026-03-21T03:13:05.081+0000] {manager.py:878} INFO - 
================================================================================
DAG File Processing Stats

File Path                    PID    Runtime      # DAGs    # Errors  Last Runtime    Last Run
---------------------------  -----  ---------  --------  ----------  --------------  -------------------
/opt/airflow/dags/checks.py                           1           0  0.21s           2026-03-21T03:13:05
================================================================================
[2026-03-21T03:13:35.346+0000] {manager.py:878} INFO - 
================================================================================
DAG File Processing Stats

File Path                    PID    Runtime      # DAGs    # Errors  Last Runtime    Last Run
---------------------------  -----  ---------  --------  ----------  --------------  -------------------
/opt/airflow/dags/checks.py                           1           0  0.20s           2026-03-21T03:13:35
================================================================================
[2026-03-21T03:14:05.734+0000] {manager.py:878} INFO - 
================================================================================
DAG File Processing Stats

File Path                    PID    Runtime      # DAGs    # Errors  Last Runtime    Last Run
---------------------------  -----  ---------  --------  ----------  --------------  -------------------
/opt/airflow/dags/checks.py                           1           0  0.32s           2026-03-21T03:14:05
================================================================================
[2026-03-21T03:14:36.021+0000] {manager.py:878} INFO - 
================================================================================
DAG File Processing Stats

File Path                    PID    Runtime      # DAGs    # Errors  Last Runtime    Last Run
---------------------------  -----  ---------  --------  ----------  --------------  -------------------
/opt/airflow/dags/checks.py                           1           0  0.21s           2026-03-21T03:14:36
================================================================================
[2026-03-21T03:15:06.300+0000] {manager.py:878} INFO - 
================================================================================
DAG File Processing Stats

File Path                    PID    Runtime      # DAGs    # Errors  Last Runtime    Last Run
---------------------------  -----  ---------  --------  ----------  --------------  -------------------
/opt/airflow/dags/checks.py                           1           0  0.20s           2026-03-21T03:15:06
================================================================================
[2026-03-21T03:15:36.569+0000] {manager.py:878} INFO - 
================================================================================
DAG File Processing Stats

File Path                    PID    Runtime      # DAGs    # Errors  Last Runtime    Last Run
---------------------------  -----  ---------  --------  ----------  --------------  -------------------
/opt/airflow/dags/checks.py                           1           0  0.21s           2026-03-21T03:15:36
================================================================================
[2026-03-21T03:16:06.849+0000] {manager.py:878} INFO - 
================================================================================
DAG File Processing Stats

File Path                    PID    Runtime      # DAGs    # Errors  Last Runtime    Last Run
---------------------------  -----  ---------  --------  ----------  --------------  -------------------
/opt/airflow/dags/checks.py                           1           0  0.21s           2026-03-21T03:16:06
================================================================================
[2026-03-21T03:16:37.124+0000] {manager.py:878} INFO - 
================================================================================
DAG File Processing Stats

File Path                    PID    Runtime      # DAGs    # Errors  Last Runtime    Last Run
---------------------------  -----  ---------  --------  ----------  --------------  -------------------
/opt/airflow/dags/checks.py                           1           0  0.21s           2026-03-21T03:16:37
================================================================================
[2026-03-21T03:16:50.043+0000] {manager.py:737} INFO - Searching for files in /opt/airflow/dags
[2026-03-21T03:16:50.078+0000] {manager.py:740} INFO - There are 1 files in /opt/airflow/dags
[2026-03-21T03:17:07.819+0000] {manager.py:878} INFO - 
================================================================================
DAG File Processing Stats

File Path                    PID    Runtime      # DAGs    # Errors  Last Runtime    Last Run
---------------------------  -----  ---------  --------  ----------  --------------  -------------------
/opt/airflow/dags/checks.py                           1           0  0.21s           2026-03-21T03:17:07
================================================================================
[2026-03-21T03:17:38.114+0000] {manager.py:878} INFO - 
================================================================================
DAG File Processing Stats

File Path                    PID    Runtime      # DAGs    # Errors  Last Runtime    Last Run
---------------------------  -----  ---------  --------  ----------  --------------  -------------------
/opt/airflow/dags/checks.py                           1           0  0.20s           2026-03-21T03:17:38
================================================================================
[2026-03-21T03:18:08.394+0000] {manager.py:878} INFO - 
================================================================================
DAG File Processing Stats

File Path                    PID    Runtime      # DAGs    # Errors  Last Runtime    Last Run
---------------------------  -----  ---------  --------  ----------  --------------  -------------------
/opt/airflow/dags/checks.py                           1           0  0.21s           2026-03-21T03:18:08
================================================================================
[2026-03-21T03:18:38.680+0000] {manager.py:878} INFO - 
================================================================================
DAG File Processing Stats

File Path                    PID    Runtime      # DAGs    # Errors  Last Runtime    Last Run
---------------------------  -----  ---------  --------  ----------  --------------  -------------------
/opt/airflow/dags/checks.py                           1           0  0.21s           2026-03-21T03:18:38
================================================================================
[2026-03-21T03:19:08.949+0000] {manager.py:878} INFO - 
================================================================================
DAG File Processing Stats

File Path                    PID    Runtime      # DAGs    # Errors  Last Runtime    Last Run
---------------------------  -----  ---------  --------  ----------  --------------  -------------------
/opt/airflow/dags/checks.py                           1           0  0.21s           2026-03-21T03:19:08
================================================================================
[2026-03-21T03:19:39.367+0000] {manager.py:878} INFO - 
================================================================================
DAG File Processing Stats

File Path                    PID    Runtime      # DAGs    # Errors  Last Runtime    Last Run
---------------------------  -----  ---------  --------  ----------  --------------  -------------------
/opt/airflow/dags/checks.py                           1           0  0.32s           2026-03-21T03:19:39
================================================================================
[2026-03-21T03:20:09.642+0000] {manager.py:878} INFO - 
================================================================================
DAG File Processing Stats

File Path                    PID    Runtime      # DAGs    # Errors  Last Runtime    Last Run
---------------------------  -----  ---------  --------  ----------  --------------  -------------------
/opt/airflow/dags/checks.py                           1           0  0.20s           2026-03-21T03:20:09
================================================================================
[2026-03-21T03:20:39.942+0000] {manager.py:878} INFO - 
================================================================================
DAG File Processing Stats

File Path                    PID    Runtime      # DAGs    # Errors  Last Runtime    Last Run
---------------------------  -----  ---------  --------  ----------  --------------  -------------------
/opt/airflow/dags/checks.py                           1           0  0.23s           2026-03-21T03:20:39
================================================================================
[2026-03-21T03:21:10.230+0000] {manager.py:878} INFO - 
================================================================================
DAG File Processing Stats

File Path                    PID    Runtime      # DAGs    # Errors  Last Runtime    Last Run
---------------------------  -----  ---------  --------  ----------  --------------  -------------------
/opt/airflow/dags/checks.py                           1           0  0.21s           2026-03-21T03:21:10
================================================================================
[2026-03-21T03:21:40.515+0000] {manager.py:878} INFO - 
================================================================================
DAG File Processing Stats

File Path                    PID    Runtime      # DAGs    # Errors  Last Runtime    Last Run
---------------------------  -----  ---------  --------  ----------  --------------  -------------------
/opt/airflow/dags/checks.py                           1           0  0.20s           2026-03-21T03:21:40
================================================================================
[2026-03-21T03:21:50.250+0000] {manager.py:737} INFO - Searching for files in /opt/airflow/dags
[2026-03-21T03:21:50.267+0000] {manager.py:740} INFO - There are 1 files in /opt/airflow/dags
[2026-03-21T03:22:10.788+0000] {manager.py:878} INFO - 
================================================================================
DAG File Processing Stats

File Path                    PID    Runtime      # DAGs    # Errors  Last Runtime    Last Run
---------------------------  -----  ---------  --------  ----------  --------------  -------------------
/opt/airflow/dags/checks.py                           1           0  0.21s           2026-03-21T03:22:10
================================================================================
[2026-03-21T03:22:41.064+0000] {manager.py:878} INFO - 
================================================================================
DAG File Processing Stats

File Path                    PID    Runtime      # DAGs    # Errors  Last Runtime    Last Run
---------------------------  -----  ---------  --------  ----------  --------------  -------------------
/opt/airflow/dags/checks.py                           1           0  0.20s           2026-03-21T03:22:41
================================================================================
[2026-03-21T03:23:11.341+0000] {manager.py:878} INFO - 
================================================================================
DAG File Processing Stats

File Path                    PID    Runtime      # DAGs    # Errors  Last Runtime    Last Run
---------------------------  -----  ---------  --------  ----------  --------------  -------------------
/opt/airflow/dags/checks.py                           1           0  0.20s           2026-03-21T03:23:11
================================================================================
[2026-03-21T03:23:41.618+0000] {manager.py:878} INFO - 
================================================================================
DAG File Processing Stats

File Path                    PID    Runtime      # DAGs    # Errors  Last Runtime    Last Run
---------------------------  -----  ---------  --------  ----------  --------------  -------------------
/opt/airflow/dags/checks.py                           1           0  0.21s           2026-03-21T03:23:41
================================================================================
[2026-03-21T03:24:11.887+0000] {manager.py:878} INFO - 
================================================================================
DAG File Processing Stats

File Path                    PID    Runtime      # DAGs    # Errors  Last Runtime    Last Run
---------------------------  -----  ---------  --------  ----------  --------------  -------------------
/opt/airflow/dags/checks.py                           1           0  0.20s           2026-03-21T03:24:11
================================================================================
[2026-03-21T03:24:42.171+0000] {manager.py:878} INFO - 
================================================================================
DAG File Processing Stats

File Path                    PID    Runtime      # DAGs    # Errors  Last Runtime    Last Run
---------------------------  -----  ---------  --------  ----------  --------------  -------------------
/opt/airflow/dags/checks.py                           1           0  0.21s           2026-03-21T03:24:42
================================================================================
[2026-03-21T03:25:12.447+0000] {manager.py:878} INFO - 
================================================================================
DAG File Processing Stats

File Path                    PID    Runtime      # DAGs    # Errors  Last Runtime    Last Run
---------------------------  -----  ---------  --------  ----------  --------------  -------------------
/opt/airflow/dags/checks.py                           1           0  0.21s           2026-03-21T03:25:12
================================================================================
[2026-03-21T03:25:42.738+0000] {manager.py:878} INFO - 
================================================================================
DAG File Processing Stats

File Path                    PID    Runtime      # DAGs    # Errors  Last Runtime    Last Run
---------------------------  -----  ---------  --------  ----------  --------------  -------------------
/opt/airflow/dags/checks.py                           1           0  0.21s           2026-03-21T03:25:42
================================================================================
[2026-03-21T03:26:13.014+0000] {manager.py:878} INFO - 
================================================================================
DAG File Processing Stats

File Path                    PID    Runtime      # DAGs    # Errors  Last Runtime    Last Run
---------------------------  -----  ---------  --------  ----------  --------------  -------------------
/opt/airflow/dags/checks.py                           1           0  0.20s           2026-03-21T03:26:13
================================================================================
[2026-03-21T03:26:43.429+0000] {manager.py:878} INFO - 
================================================================================
DAG File Processing Stats

File Path                    PID    Runtime      # DAGs    # Errors  Last Runtime    Last Run
---------------------------  -----  ---------  --------  ----------  --------------  -------------------
/opt/airflow/dags/checks.py                           1           0  0.31s           2026-03-21T03:26:43
================================================================================
[2026-03-21T03:26:50.420+0000] {manager.py:737} INFO - Searching for files in /opt/airflow/dags
[2026-03-21T03:26:50.464+0000] {manager.py:740} INFO - There are 1 files in /opt/airflow/dags
[2026-03-21T03:27:13.721+0000] {manager.py:878} INFO - 
================================================================================
DAG File Processing Stats

File Path                    PID    Runtime      # DAGs    # Errors  Last Runtime    Last Run
---------------------------  -----  ---------  --------  ----------  --------------  -------------------
/opt/airflow/dags/checks.py                           1           0  0.20s           2026-03-21T03:27:13
================================================================================
[2026-03-21T03:27:43.994+0000] {manager.py:878} INFO - 
================================================================================
DAG File Processing Stats

File Path                    PID    Runtime      # DAGs    # Errors  Last Runtime    Last Run
---------------------------  -----  ---------  --------  ----------  --------------  -------------------
/opt/airflow/dags/checks.py                           1           0  0.20s           2026-03-21T03:27:43
================================================================================
[2026-03-21T03:28:14.272+0000] {manager.py:878} INFO - 
================================================================================
DAG File Processing Stats

File Path                    PID    Runtime      # DAGs    # Errors  Last Runtime    Last Run
---------------------------  -----  ---------  --------  ----------  --------------  -------------------
/opt/airflow/dags/checks.py                           1           0  0.20s           2026-03-21T03:28:14
================================================================================
[2026-03-21T03:28:44.536+0000] {manager.py:878} INFO - 
================================================================================
DAG File Processing Stats

File Path                    PID    Runtime      # DAGs    # Errors  Last Runtime    Last Run
---------------------------  -----  ---------  --------  ----------  --------------  -------------------
/opt/airflow/dags/checks.py                           1           0  0.21s           2026-03-21T03:28:44
================================================================================
[2026-03-21T03:29:14.804+0000] {manager.py:878} INFO - 
================================================================================
DAG File Processing Stats

File Path                    PID    Runtime      # DAGs    # Errors  Last Runtime    Last Run
---------------------------  -----  ---------  --------  ----------  --------------  -------------------
/opt/airflow/dags/checks.py                           1           0  0.20s           2026-03-21T03:29:14
================================================================================
[2026-03-21T03:29:45.071+0000] {manager.py:878} INFO - 
================================================================================
DAG File Processing Stats

File Path                    PID    Runtime      # DAGs    # Errors  Last Runtime    Last Run
---------------------------  -----  ---------  --------  ----------  --------------  -------------------
/opt/airflow/dags/checks.py                           1           0  0.20s           2026-03-21T03:29:45
================================================================================
[2026-03-21T03:30:15.340+0000] {manager.py:878} INFO - 
================================================================================
DAG File Processing Stats

File Path                    PID    Runtime      # DAGs    # Errors  Last Runtime    Last Run
---------------------------  -----  ---------  --------  ----------  --------------  -------------------
/opt/airflow/dags/checks.py                           1           0  0.21s           2026-03-21T03:30:15
================================================================================
[2026-03-21T03:30:45.607+0000] {manager.py:878} INFO - 
================================================================================
DAG File Processing Stats

File Path                    PID    Runtime      # DAGs    # Errors  Last Runtime    Last Run
---------------------------  -----  ---------  --------  ----------  --------------  -------------------
/opt/airflow/dags/checks.py                           1           0  0.20s           2026-03-21T03:30:45
================================================================================
[2026-03-21T03:31:15.886+0000] {manager.py:878} INFO - 
================================================================================
DAG File Processing Stats

File Path                    PID    Runtime      # DAGs    # Errors  Last Runtime    Last Run
---------------------------  -----  ---------  --------  ----------  --------------  -------------------
/opt/airflow/dags/checks.py                           1           0  0.20s           2026-03-21T03:31:15
================================================================================
[2026-03-21T03:31:46.162+0000] {manager.py:878} INFO - 
================================================================================
DAG File Processing Stats

File Path                    PID    Runtime      # DAGs    # Errors  Last Runtime    Last Run
---------------------------  -----  ---------  --------  ----------  --------------  -------------------
/opt/airflow/dags/checks.py                           1           0  0.20s           2026-03-21T03:31:46
================================================================================
[2026-03-21T03:31:50.649+0000] {manager.py:737} INFO - Searching for files in /opt/airflow/dags
[2026-03-21T03:31:50.665+0000] {manager.py:740} INFO - There are 1 files in /opt/airflow/dags
[2026-03-21T03:32:16.429+0000] {manager.py:878} INFO - 
================================================================================
DAG File Processing Stats

File Path                    PID    Runtime      # DAGs    # Errors  Last Runtime    Last Run
---------------------------  -----  ---------  --------  ----------  --------------  -------------------
/opt/airflow/dags/checks.py                           1           0  0.20s           2026-03-21T03:32:16
================================================================================
[2026-03-21T03:32:46.785+0000] {manager.py:878} INFO - 
================================================================================
DAG File Processing Stats

File Path                    PID    Runtime      # DAGs    # Errors  Last Runtime    Last Run
---------------------------  -----  ---------  --------  ----------  --------------  -------------------
/opt/airflow/dags/checks.py                           1           0  0.31s           2026-03-21T03:32:46
================================================================================
[2026-03-21T03:33:17.063+0000] {manager.py:878} INFO - 
================================================================================
DAG File Processing Stats

File Path                    PID    Runtime      # DAGs    # Errors  Last Runtime    Last Run
---------------------------  -----  ---------  --------  ----------  --------------  -------------------
/opt/airflow/dags/checks.py                           1           0  0.20s           2026-03-21T03:33:17
================================================================================
[2026-03-21T03:33:47.345+0000] {manager.py:878} INFO - 
================================================================================
DAG File Processing Stats

File Path                    PID    Runtime      # DAGs    # Errors  Last Runtime    Last Run
---------------------------  -----  ---------  --------  ----------  --------------  -------------------
/opt/airflow/dags/checks.py                           1           0  0.20s           2026-03-21T03:33:47
================================================================================
[2026-03-21T03:34:17.627+0000] {manager.py:878} INFO - 
================================================================================
DAG File Processing Stats

File Path                    PID    Runtime      # DAGs    # Errors  Last Runtime    Last Run
---------------------------  -----  ---------  --------  ----------  --------------  -------------------
/opt/airflow/dags/checks.py                           1           0  0.21s           2026-03-21T03:34:17
================================================================================
[2026-03-21T03:34:47.909+0000] {manager.py:878} INFO - 
================================================================================
DAG File Processing Stats

File Path                    PID    Runtime      # DAGs    # Errors  Last Runtime    Last Run
---------------------------  -----  ---------  --------  ----------  --------------  -------------------
/opt/airflow/dags/checks.py                           1           0  0.21s           2026-03-21T03:34:47
================================================================================
[2026-03-21T03:35:18.154+0000] {manager.py:878} INFO - 
================================================================================
DAG File Processing Stats

File Path                    PID    Runtime      # DAGs    # Errors  Last Runtime    Last Run
---------------------------  -----  ---------  --------  ----------  --------------  -------------------
/opt/airflow/dags/checks.py                           1           0  0.21s           2026-03-21T03:35:18
================================================================================
[2026-03-21T03:35:48.430+0000] {manager.py:878} INFO - 
================================================================================
DAG File Processing Stats

File Path                    PID    Runtime      # DAGs    # Errors  Last Runtime    Last Run
---------------------------  -----  ---------  --------  ----------  --------------  -------------------
/opt/airflow/dags/checks.py                           1           0  0.21s           2026-03-21T03:35:48
================================================================================
[2026-03-21T03:36:18.719+0000] {manager.py:878} INFO - 
================================================================================
DAG File Processing Stats

File Path                    PID    Runtime      # DAGs    # Errors  Last Runtime    Last Run
---------------------------  -----  ---------  --------  ----------  --------------  -------------------
/opt/airflow/dags/checks.py                           1           0  0.21s           2026-03-21T03:36:18
================================================================================
[2026-03-21T03:36:49.000+0000] {manager.py:878} INFO - 
================================================================================
DAG File Processing Stats

File Path                    PID    Runtime      # DAGs    # Errors  Last Runtime    Last Run
---------------------------  -----  ---------  --------  ----------  --------------  -------------------
/opt/airflow/dags/checks.py                           1           0  0.21s           2026-03-21T03:36:48
================================================================================
[2026-03-21T03:36:50.861+0000] {manager.py:737} INFO - Searching for files in /opt/airflow/dags
[2026-03-21T03:36:50.879+0000] {manager.py:740} INFO - There are 1 files in /opt/airflow/dags
[2026-03-21T03:37:19.256+0000] {manager.py:878} INFO - 
================================================================================
DAG File Processing Stats

File Path                    PID    Runtime      # DAGs    # Errors  Last Runtime    Last Run
---------------------------  -----  ---------  --------  ----------  --------------  -------------------
/opt/airflow/dags/checks.py                           1           0  0.20s           2026-03-21T03:37:19
================================================================================
[2026-03-21T03:37:49.517+0000] {manager.py:878} INFO - 
================================================================================
DAG File Processing Stats

File Path                    PID    Runtime      # DAGs    # Errors  Last Runtime    Last Run
---------------------------  -----  ---------  --------  ----------  --------------  -------------------
/opt/airflow/dags/checks.py                           1           0  0.20s           2026-03-21T03:37:49
================================================================================
[2026-03-21T03:38:19.782+0000] {manager.py:878} INFO - 
================================================================================
DAG File Processing Stats

File Path                    PID    Runtime      # DAGs    # Errors  Last Runtime    Last Run
---------------------------  -----  ---------  --------  ----------  --------------  -------------------
/opt/airflow/dags/checks.py                           1           0  0.21s           2026-03-21T03:38:19
================================================================================
[2026-03-21T03:38:50.057+0000] {manager.py:878} INFO - 
================================================================================
DAG File Processing Stats

File Path                    PID    Runtime      # DAGs    # Errors  Last Runtime    Last Run
---------------------------  -----  ---------  --------  ----------  --------------  -------------------
/opt/airflow/dags/checks.py                           1           0  0.20s           2026-03-21T03:38:50
================================================================================
[2026-03-21T03:39:20.324+0000] {manager.py:878} INFO - 
================================================================================
DAG File Processing Stats

File Path                    PID    Runtime      # DAGs    # Errors  Last Runtime    Last Run
---------------------------  -----  ---------  --------  ----------  --------------  -------------------
/opt/airflow/dags/checks.py                           1           0  0.20s           2026-03-21T03:39:20
================================================================================
[2026-03-21T03:39:50.604+0000] {manager.py:878} INFO - 
================================================================================
DAG File Processing Stats

File Path                    PID    Runtime      # DAGs    # Errors  Last Runtime    Last Run
---------------------------  -----  ---------  --------  ----------  --------------  -------------------
/opt/airflow/dags/checks.py                           1           0  0.21s           2026-03-21T03:39:50
================================================================================
[2026-03-21T03:40:20.886+0000] {manager.py:878} INFO - 
================================================================================
DAG File Processing Stats

File Path                    PID    Runtime      # DAGs    # Errors  Last Runtime    Last Run
---------------------------  -----  ---------  --------  ----------  --------------  -------------------
/opt/airflow/dags/checks.py                           1           0  0.20s           2026-03-21T03:40:20
================================================================================
[2026-03-21T03:40:51.138+0000] {manager.py:878} INFO - 
================================================================================
DAG File Processing Stats

File Path                    PID    Runtime      # DAGs    # Errors  Last Runtime    Last Run
---------------------------  -----  ---------  --------  ----------  --------------  -------------------
/opt/airflow/dags/checks.py                           1           0  0.20s           2026-03-21T03:40:51
================================================================================
[2026-03-21T03:41:21.403+0000] {manager.py:878} INFO - 
================================================================================
DAG File Processing Stats

File Path                    PID    Runtime      # DAGs    # Errors  Last Runtime    Last Run
---------------------------  -----  ---------  --------  ----------  --------------  -------------------
/opt/airflow/dags/checks.py                           1           0  0.20s           2026-03-21T03:41:21
================================================================================
[2026-03-21T03:41:51.168+0000] {manager.py:737} INFO - Searching for files in /opt/airflow/dags
[2026-03-21T03:41:51.185+0000] {manager.py:740} INFO - There are 1 files in /opt/airflow/dags
[2026-03-21T03:41:51.684+0000] {manager.py:878} INFO - 
================================================================================
DAG File Processing Stats

File Path                    PID    Runtime      # DAGs    # Errors  Last Runtime    Last Run
---------------------------  -----  ---------  --------  ----------  --------------  -------------------
/opt/airflow/dags/checks.py                           1           0  0.20s           2026-03-21T03:41:51
================================================================================
[2026-03-21T03:42:21.955+0000] {manager.py:878} INFO - 
================================================================================
DAG File Processing Stats

File Path                    PID    Runtime      # DAGs    # Errors  Last Runtime    Last Run
---------------------------  -----  ---------  --------  ----------  --------------  -------------------
/opt/airflow/dags/checks.py                           1           0  0.20s           2026-03-21T03:42:21
================================================================================
[2026-03-21T03:42:52.232+0000] {manager.py:878} INFO - 
================================================================================
DAG File Processing Stats

File Path                    PID    Runtime      # DAGs    # Errors  Last Runtime    Last Run
---------------------------  -----  ---------  --------  ----------  --------------  -------------------
/opt/airflow/dags/checks.py                           1           0  0.21s           2026-03-21T03:42:52
================================================================================
[2026-03-21T03:43:22.499+0000] {manager.py:878} INFO - 
================================================================================
DAG File Processing Stats

File Path                    PID    Runtime      # DAGs    # Errors  Last Runtime    Last Run
---------------------------  -----  ---------  --------  ----------  --------------  -------------------
/opt/airflow/dags/checks.py                           1           0  0.20s           2026-03-21T03:43:22
================================================================================
[2026-03-21T03:43:52.786+0000] {manager.py:878} INFO - 
================================================================================
DAG File Processing Stats

File Path                    PID    Runtime      # DAGs    # Errors  Last Runtime    Last Run
---------------------------  -----  ---------  --------  ----------  --------------  -------------------
/opt/airflow/dags/checks.py                           1           0  0.20s           2026-03-21T03:43:52
================================================================================
[2026-03-21T03:44:23.047+0000] {manager.py:878} INFO - 
================================================================================
DAG File Processing Stats

File Path                    PID    Runtime      # DAGs    # Errors  Last Runtime    Last Run
---------------------------  -----  ---------  --------  ----------  --------------  -------------------
/opt/airflow/dags/checks.py                           1           0  0.20s           2026-03-21T03:44:23
================================================================================
[2026-03-21T03:44:53.308+0000] {manager.py:878} INFO - 
================================================================================
DAG File Processing Stats

File Path                    PID    Runtime      # DAGs    # Errors  Last Runtime    Last Run
---------------------------  -----  ---------  --------  ----------  --------------  -------------------
/opt/airflow/dags/checks.py                           1           0  0.20s           2026-03-21T03:44:53
================================================================================
[2026-03-21T03:45:23.585+0000] {manager.py:878} INFO - 
================================================================================
DAG File Processing Stats

File Path                    PID    Runtime      # DAGs    # Errors  Last Runtime    Last Run
---------------------------  -----  ---------  --------  ----------  --------------  -------------------
/opt/airflow/dags/checks.py                           1           0  0.20s           2026-03-21T03:45:23
================================================================================
[2026-03-21T03:45:53.868+0000] {manager.py:878} INFO - 
================================================================================
DAG File Processing Stats

File Path                    PID    Runtime      # DAGs    # Errors  Last Runtime    Last Run
---------------------------  -----  ---------  --------  ----------  --------------  -------------------
/opt/airflow/dags/checks.py                           1           0  0.21s           2026-03-21T03:45:53
================================================================================
[2026-03-21T03:46:24.150+0000] {manager.py:878} INFO - 
================================================================================
DAG File Processing Stats

File Path                    PID    Runtime      # DAGs    # Errors  Last Runtime    Last Run
---------------------------  -----  ---------  --------  ----------  --------------  -------------------
/opt/airflow/dags/checks.py                           1           0  0.20s           2026-03-21T03:46:24
================================================================================
[2026-03-21T03:46:51.220+0000] {manager.py:737} INFO - Searching for files in /opt/airflow/dags
[2026-03-21T03:46:51.235+0000] {manager.py:740} INFO - There are 1 files in /opt/airflow/dags
[2026-03-21T03:46:54.446+0000] {manager.py:878} INFO - 
================================================================================
DAG File Processing Stats

File Path                    PID    Runtime      # DAGs    # Errors  Last Runtime    Last Run
---------------------------  -----  ---------  --------  ----------  --------------  -------------------
/opt/airflow/dags/checks.py                           1           0  0.21s           2026-03-21T03:46:54
================================================================================
[2026-03-21T03:47:24.698+0000] {manager.py:878} INFO - 
================================================================================
DAG File Processing Stats

File Path                    PID    Runtime      # DAGs    # Errors  Last Runtime    Last Run
---------------------------  -----  ---------  --------  ----------  --------------  -------------------
/opt/airflow/dags/checks.py                           1           0  0.20s           2026-03-21T03:47:24
================================================================================
[2026-03-21T03:47:54.961+0000] {manager.py:878} INFO - 
================================================================================
DAG File Processing Stats

File Path                    PID    Runtime      # DAGs    # Errors  Last Runtime    Last Run
---------------------------  -----  ---------  --------  ----------  --------------  -------------------
/opt/airflow/dags/checks.py                           1           0  0.20s           2026-03-21T03:47:54
================================================================================
[2026-03-21T03:48:25.222+0000] {manager.py:878} INFO - 
================================================================================
DAG File Processing Stats

File Path                    PID    Runtime      # DAGs    # Errors  Last Runtime    Last Run
---------------------------  -----  ---------  --------  ----------  --------------  -------------------
/opt/airflow/dags/checks.py                           1           0  0.21s           2026-03-21T03:48:25
================================================================================
[2026-03-21T03:48:55.498+0000] {manager.py:878} INFO - 
================================================================================
DAG File Processing Stats

File Path                    PID    Runtime      # DAGs    # Errors  Last Runtime    Last Run
---------------------------  -----  ---------  --------  ----------  --------------  -------------------
/opt/airflow/dags/checks.py                           1           0  0.21s           2026-03-21T03:48:55
================================================================================
[2026-03-21T19:33:15.852+0000] {manager.py:470} INFO - Processing files using up to 1 processes at a time 
[2026-03-21T19:33:16.194+0000] {manager.py:471} INFO - Process each file at most once every 30 seconds
[2026-03-21T19:33:16.196+0000] {manager.py:472} INFO - Checking for new files in /opt/airflow/dags every 300 seconds
[2026-03-21T19:33:16.196+0000] {manager.py:737} INFO - Searching for files in /opt/airflow/dags
[2026-03-21T19:33:16.229+0000] {manager.py:740} INFO - There are 1 files in /opt/airflow/dags
[2026-03-21T19:33:16.976+0000] {manager.py:878} INFO - 
================================================================================
DAG File Processing Stats

File Path                    PID    Runtime      # DAGs    # Errors  Last Runtime    Last Run
---------------------------  -----  ---------  --------  ----------  --------------  -------------------
/opt/airflow/dags/checks.py                           1           0  0.66s           2026-03-21T19:33:16
================================================================================
[2026-03-21T19:33:47.482+0000] {manager.py:878} INFO - 
================================================================================
DAG File Processing Stats

File Path                    PID    Runtime      # DAGs    # Errors  Last Runtime    Last Run
---------------------------  -----  ---------  --------  ----------  --------------  -------------------
/opt/airflow/dags/checks.py                           1           0  0.20s           2026-03-21T19:33:47
================================================================================
[2026-03-21T19:34:17.911+0000] {manager.py:878} INFO - 
================================================================================
DAG File Processing Stats

File Path                    PID    Runtime      # DAGs    # Errors  Last Runtime    Last Run
---------------------------  -----  ---------  --------  ----------  --------------  -------------------
/opt/airflow/dags/checks.py                           1           0  0.20s           2026-03-21T19:34:17
================================================================================
[2026-03-21T19:34:48.334+0000] {manager.py:878} INFO - 
================================================================================
DAG File Processing Stats

File Path                    PID    Runtime      # DAGs    # Errors  Last Runtime    Last Run
---------------------------  -----  ---------  --------  ----------  --------------  -------------------
/opt/airflow/dags/checks.py                           1           0  0.20s           2026-03-21T19:34:48
================================================================================
[2026-03-21T19:35:18.798+0000] {manager.py:878} INFO - 
================================================================================
DAG File Processing Stats

File Path                    PID    Runtime      # DAGs    # Errors  Last Runtime    Last Run
---------------------------  -----  ---------  --------  ----------  --------------  -------------------
/opt/airflow/dags/checks.py                           1           0  0.21s           2026-03-21T19:35:18
================================================================================
[2026-03-21T19:35:49.138+0000] {manager.py:878} INFO - 
================================================================================
DAG File Processing Stats

File Path                    PID    Runtime      # DAGs    # Errors  Last Runtime    Last Run
---------------------------  -----  ---------  --------  ----------  --------------  -------------------
/opt/airflow/dags/checks.py                           1           0  0.20s           2026-03-21T19:35:49
================================================================================
[2026-03-21T19:36:19.488+0000] {manager.py:878} INFO - 
================================================================================
DAG File Processing Stats

File Path                    PID    Runtime      # DAGs    # Errors  Last Runtime    Last Run
---------------------------  -----  ---------  --------  ----------  --------------  -------------------
/opt/airflow/dags/checks.py                           1           0  0.21s           2026-03-21T19:36:19
================================================================================
[2026-03-21T19:36:49.789+0000] {manager.py:878} INFO - 
================================================================================
DAG File Processing Stats

File Path                    PID    Runtime      # DAGs    # Errors  Last Runtime    Last Run
---------------------------  -----  ---------  --------  ----------  --------------  -------------------
/opt/airflow/dags/checks.py                           1           0  0.20s           2026-03-21T19:36:49
================================================================================
[2026-03-21T19:37:20.088+0000] {manager.py:878} INFO - 
================================================================================
DAG File Processing Stats

File Path                    PID    Runtime      # DAGs    # Errors  Last Runtime    Last Run
---------------------------  -----  ---------  --------  ----------  --------------  -------------------
/opt/airflow/dags/checks.py                           1           0  0.20s           2026-03-21T19:37:20
================================================================================
[2026-03-21T19:37:50.415+0000] {manager.py:878} INFO - 
================================================================================
DAG File Processing Stats

File Path                    PID    Runtime      # DAGs    # Errors  Last Runtime    Last Run
---------------------------  -----  ---------  --------  ----------  --------------  -------------------
/opt/airflow/dags/checks.py                           1           0  0.20s           2026-03-21T19:37:50
================================================================================
[2026-03-21T19:38:16.794+0000] {manager.py:737} INFO - Searching for files in /opt/airflow/dags
[2026-03-21T19:38:16.811+0000] {manager.py:740} INFO - There are 1 files in /opt/airflow/dags
[2026-03-21T19:38:20.838+0000] {manager.py:878} INFO - 
================================================================================
DAG File Processing Stats

File Path                    PID    Runtime      # DAGs    # Errors  Last Runtime    Last Run
---------------------------  -----  ---------  --------  ----------  --------------  -------------------
/opt/airflow/dags/checks.py                           1           0  0.31s           2026-03-21T19:38:20
================================================================================
[2026-03-21T19:38:51.203+0000] {manager.py:878} INFO - 
================================================================================
DAG File Processing Stats

File Path                    PID    Runtime      # DAGs    # Errors  Last Runtime    Last Run
---------------------------  -----  ---------  --------  ----------  --------------  -------------------
/opt/airflow/dags/checks.py                           1           0  0.30s           2026-03-21T19:38:51
================================================================================
[2026-03-21T19:39:21.670+0000] {manager.py:878} INFO - 
================================================================================
DAG File Processing Stats

File Path                    PID    Runtime      # DAGs    # Errors  Last Runtime    Last Run
---------------------------  -----  ---------  --------  ----------  --------------  -------------------
/opt/airflow/dags/checks.py                           1           0  0.30s           2026-03-21T19:39:21
================================================================================
[2026-03-21T19:39:52.084+0000] {manager.py:878} INFO - 
================================================================================
DAG File Processing Stats

File Path                    PID    Runtime      # DAGs    # Errors  Last Runtime    Last Run
---------------------------  -----  ---------  --------  ----------  --------------  -------------------
/opt/airflow/dags/checks.py                           1           0  0.31s           2026-03-21T19:39:52
================================================================================
[2026-03-21T19:40:22.484+0000] {manager.py:878} INFO - 
================================================================================
DAG File Processing Stats

File Path                    PID    Runtime      # DAGs    # Errors  Last Runtime    Last Run
---------------------------  -----  ---------  --------  ----------  --------------  -------------------
/opt/airflow/dags/checks.py                           1           0  0.30s           2026-03-21T19:40:22
================================================================================
[2026-03-21T19:40:52.903+0000] {manager.py:878} INFO - 
================================================================================
DAG File Processing Stats

File Path                    PID    Runtime      # DAGs    # Errors  Last Runtime    Last Run
---------------------------  -----  ---------  --------  ----------  --------------  -------------------
/opt/airflow/dags/checks.py                           1           0  0.30s           2026-03-21T19:40:52
================================================================================
[2026-03-21T19:41:23.319+0000] {manager.py:878} INFO - 
================================================================================
DAG File Processing Stats

File Path                    PID    Runtime      # DAGs    # Errors  Last Runtime    Last Run
---------------------------  -----  ---------  --------  ----------  --------------  -------------------
/opt/airflow/dags/checks.py                           1           0  0.30s           2026-03-21T19:41:23
================================================================================
[2026-03-21T19:41:53.615+0000] {manager.py:878} INFO - 
================================================================================
DAG File Processing Stats

File Path                    PID    Runtime      # DAGs    # Errors  Last Runtime    Last Run
---------------------------  -----  ---------  --------  ----------  --------------  -------------------
/opt/airflow/dags/checks.py                           1           0  0.20s           2026-03-21T19:41:53
================================================================================
[2026-03-21T19:42:23.926+0000] {manager.py:878} INFO - 
================================================================================
DAG File Processing Stats

File Path                    PID    Runtime      # DAGs    # Errors  Last Runtime    Last Run
---------------------------  -----  ---------  --------  ----------  --------------  -------------------
/opt/airflow/dags/checks.py                           1           0  0.20s           2026-03-21T19:42:23
================================================================================
[2026-03-21T19:42:54.225+0000] {manager.py:878} INFO - 
================================================================================
DAG File Processing Stats

File Path                    PID    Runtime      # DAGs    # Errors  Last Runtime    Last Run
---------------------------  -----  ---------  --------  ----------  --------------  -------------------
/opt/airflow/dags/checks.py                           1           0  0.21s           2026-03-21T19:42:54
================================================================================
[2026-03-21T19:43:17.237+0000] {manager.py:737} INFO - Searching for files in /opt/airflow/dags
[2026-03-21T19:43:17.263+0000] {manager.py:740} INFO - There are 1 files in /opt/airflow/dags
[2026-03-21T19:43:24.541+0000] {manager.py:878} INFO - 
================================================================================
DAG File Processing Stats

File Path                    PID    Runtime      # DAGs    # Errors  Last Runtime    Last Run
---------------------------  -----  ---------  --------  ----------  --------------  -------------------
/opt/airflow/dags/checks.py                           1           0  0.20s           2026-03-21T19:43:24
================================================================================
[2026-03-21T19:43:54.816+0000] {manager.py:878} INFO - 
================================================================================
DAG File Processing Stats

File Path                    PID    Runtime      # DAGs    # Errors  Last Runtime    Last Run
---------------------------  -----  ---------  --------  ----------  --------------  -------------------
/opt/airflow/dags/checks.py                           1           0  0.20s           2026-03-21T19:43:54
================================================================================
[2026-03-21T19:44:25.110+0000] {manager.py:878} INFO - 
================================================================================
DAG File Processing Stats

File Path                    PID    Runtime      # DAGs    # Errors  Last Runtime    Last Run
---------------------------  -----  ---------  --------  ----------  --------------  -------------------
/opt/airflow/dags/checks.py                           1           0  0.21s           2026-03-21T19:44:25
================================================================================
[2026-03-21T19:44:55.339+0000] {manager.py:878} INFO - 
================================================================================
DAG File Processing Stats

File Path                    PID    Runtime      # DAGs    # Errors  Last Runtime    Last Run
---------------------------  -----  ---------  --------  ----------  --------------  -------------------
/opt/airflow/dags/checks.py                           1           0  0.21s           2026-03-21T19:44:55
================================================================================
[2026-03-21T19:45:25.614+0000] {manager.py:878} INFO - 
================================================================================
DAG File Processing Stats

File Path                    PID    Runtime      # DAGs    # Errors  Last Runtime    Last Run
---------------------------  -----  ---------  --------  ----------  --------------  -------------------
/opt/airflow/dags/checks.py                           1           0  0.21s           2026-03-21T19:45:25
================================================================================
[2026-03-21T19:45:55.855+0000] {manager.py:878} INFO - 
================================================================================
DAG File Processing Stats

File Path                    PID    Runtime      # DAGs    # Errors  Last Runtime    Last Run
---------------------------  -----  ---------  --------  ----------  --------------  -------------------
/opt/airflow/dags/checks.py                           1           0  0.20s           2026-03-21T19:45:55
================================================================================
[2026-03-21T19:46:26.116+0000] {manager.py:878} INFO - 
================================================================================
DAG File Processing Stats

File Path                    PID    Runtime      # DAGs    # Errors  Last Runtime    Last Run
---------------------------  -----  ---------  --------  ----------  --------------  -------------------
/opt/airflow/dags/checks.py                           1           0  0.21s           2026-03-21T19:46:26
================================================================================
[2026-03-21T19:48:30.655+0000] {manager.py:470} INFO - Processing files using up to 1 processes at a time 
[2026-03-21T19:48:30.656+0000] {manager.py:471} INFO - Process each file at most once every 30 seconds
[2026-03-21T19:48:30.656+0000] {manager.py:472} INFO - Checking for new files in /opt/airflow/dags every 300 seconds
[2026-03-21T19:48:30.657+0000] {manager.py:737} INFO - Searching for files in /opt/airflow/dags
[2026-03-21T19:48:30.688+0000] {manager.py:740} INFO - There are 1 files in /opt/airflow/dags
[2026-03-21T19:48:31.276+0000] {manager.py:878} INFO - 
================================================================================
DAG File Processing Stats

File Path                    PID    Runtime      # DAGs    # Errors  Last Runtime    Last Run
---------------------------  -----  ---------  --------  ----------  --------------  -------------------
/opt/airflow/dags/checks.py                           1           0  0.42s           2026-03-21T19:48:31
================================================================================
[2026-03-21T19:49:01.929+0000] {manager.py:878} INFO - 
================================================================================
DAG File Processing Stats

File Path                    PID    Runtime      # DAGs    # Errors  Last Runtime    Last Run
---------------------------  -----  ---------  --------  ----------  --------------  -------------------
/opt/airflow/dags/checks.py                           1           0  0.20s           2026-03-21T19:49:01
================================================================================
[2026-03-21T19:49:32.548+0000] {manager.py:878} INFO - 
================================================================================
DAG File Processing Stats

File Path                    PID    Runtime      # DAGs    # Errors  Last Runtime    Last Run
---------------------------  -----  ---------  --------  ----------  --------------  -------------------
/opt/airflow/dags/checks.py                           1           0  0.20s           2026-03-21T19:49:32
================================================================================
[2026-03-21T19:50:03.005+0000] {manager.py:878} INFO - 
================================================================================
DAG File Processing Stats

File Path                    PID    Runtime      # DAGs    # Errors  Last Runtime    Last Run
---------------------------  -----  ---------  --------  ----------  --------------  -------------------
/opt/airflow/dags/checks.py                           1           0  0.20s           2026-03-21T19:50:03
================================================================================
[2026-03-21T19:50:33.468+0000] {manager.py:878} INFO - 
================================================================================
DAG File Processing Stats

File Path                    PID    Runtime      # DAGs    # Errors  Last Runtime    Last Run
---------------------------  -----  ---------  --------  ----------  --------------  -------------------
/opt/airflow/dags/checks.py                           1           0  0.20s           2026-03-21T19:50:33
================================================================================
[2026-03-21T19:51:03.807+0000] {manager.py:878} INFO - 
================================================================================
DAG File Processing Stats

File Path                    PID    Runtime      # DAGs    # Errors  Last Runtime    Last Run
---------------------------  -----  ---------  --------  ----------  --------------  -------------------
/opt/airflow/dags/checks.py                           1           0  0.11s           2026-03-21T19:51:03
================================================================================
[2026-03-21T19:51:34.283+0000] {manager.py:878} INFO - 
================================================================================
DAG File Processing Stats

File Path                    PID    Runtime      # DAGs    # Errors  Last Runtime    Last Run
---------------------------  -----  ---------  --------  ----------  --------------  -------------------
/opt/airflow/dags/checks.py                           1           0  0.21s           2026-03-21T19:51:34
================================================================================
[2026-03-21T19:52:04.284+0000] {manager.py:878} INFO - 
================================================================================
DAG File Processing Stats

File Path                    PID    Runtime      # DAGs    # Errors  Last Runtime    Last Run
---------------------------  -----  ---------  --------  ----------  --------------  -------------------
/opt/airflow/dags/checks.py                           1           0  0.21s           2026-03-21T19:51:34
================================================================================
[2026-03-21T19:52:34.465+0000] {manager.py:878} INFO - 
================================================================================
DAG File Processing Stats

File Path                    PID    Runtime      # DAGs    # Errors  Last Runtime    Last Run
---------------------------  -----  ---------  --------  ----------  --------------  -------------------
/opt/airflow/dags/checks.py                           1           0  0.20s           2026-03-21T19:52:04
================================================================================
[2026-03-21T19:53:04.568+0000] {manager.py:878} INFO - 
================================================================================
DAG File Processing Stats

File Path                    PID    Runtime      # DAGs    # Errors  Last Runtime    Last Run
---------------------------  -----  ---------  --------  ----------  --------------  -------------------
/opt/airflow/dags/checks.py                           1           0  0.21s           2026-03-21T19:52:35
================================================================================
[2026-03-21T19:53:33.859+0000] {manager.py:737} INFO - Searching for files in /opt/airflow/dags
[2026-03-21T19:53:33.894+0000] {manager.py:740} INFO - There are 1 files in /opt/airflow/dags
[2026-03-21T19:53:34.942+0000] {manager.py:878} INFO - 
================================================================================
DAG File Processing Stats

File Path                    PID    Runtime      # DAGs    # Errors  Last Runtime    Last Run
---------------------------  -----  ---------  --------  ----------  --------------  -------------------
/opt/airflow/dags/checks.py                           1           0  2.81s           2026-03-21T19:53:08
================================================================================
[2026-03-21T19:54:05.595+0000] {manager.py:878} INFO - 
================================================================================
DAG File Processing Stats

File Path                    PID    Runtime      # DAGs    # Errors  Last Runtime    Last Run
---------------------------  -----  ---------  --------  ----------  --------------  -------------------
/opt/airflow/dags/checks.py                           1           0  0.61s           2026-03-21T19:53:40
================================================================================
[2026-03-21T19:54:35.807+0000] {manager.py:878} INFO - 
================================================================================
DAG File Processing Stats

File Path                    PID    Runtime      # DAGs    # Errors  Last Runtime    Last Run
---------------------------  -----  ---------  --------  ----------  --------------  -------------------
/opt/airflow/dags/checks.py                           1           0  0.31s           2026-03-21T19:54:10
================================================================================
[2026-03-21T19:55:06.160+0000] {manager.py:878} INFO - 
================================================================================
DAG File Processing Stats

File Path                    PID    Runtime      # DAGs    # Errors  Last Runtime    Last Run
---------------------------  -----  ---------  --------  ----------  --------------  -------------------
/opt/airflow/dags/checks.py                           1           0  6.23s           2026-03-21T19:54:50
================================================================================
[2026-03-21T19:55:36.876+0000] {manager.py:878} INFO - 
================================================================================
DAG File Processing Stats

File Path                    PID    Runtime      # DAGs    # Errors  Last Runtime    Last Run
---------------------------  -----  ---------  --------  ----------  --------------  -------------------
/opt/airflow/dags/checks.py                           1           0  0.61s           2026-03-21T19:55:20
================================================================================
[2026-03-21T19:56:07.289+0000] {manager.py:878} INFO - 
================================================================================
DAG File Processing Stats

File Path                    PID    Runtime      # DAGs    # Errors  Last Runtime    Last Run
---------------------------  -----  ---------  --------  ----------  --------------  -------------------
/opt/airflow/dags/checks.py                           1           0  0.81s           2026-03-21T19:55:58
================================================================================
[2026-03-21T19:56:37.383+0000] {manager.py:878} INFO - 
================================================================================
DAG File Processing Stats

File Path                    PID    Runtime      # DAGs    # Errors  Last Runtime    Last Run
---------------------------  -----  ---------  --------  ----------  --------------  -------------------
/opt/airflow/dags/checks.py                           1           0  3.61s           2026-03-21T19:56:31
================================================================================
[2026-03-21T19:57:07.402+0000] {manager.py:878} INFO - 
================================================================================
DAG File Processing Stats

File Path                    PID    Runtime      # DAGs    # Errors  Last Runtime    Last Run
---------------------------  -----  ---------  --------  ----------  --------------  -------------------
/opt/airflow/dags/checks.py                           1           0  3.72s           2026-03-21T19:57:05
================================================================================
[2026-03-21T19:57:40.243+0000] {manager.py:878} INFO - 
================================================================================
DAG File Processing Stats

File Path                    PID    Runtime      # DAGs    # Errors  Last Runtime    Last Run
---------------------------  -----  ---------  --------  ----------  --------------  -------------------
/opt/airflow/dags/checks.py                           1           0  4.12s           2026-03-21T19:57:40
================================================================================
[2026-03-21T19:58:14.067+0000] {manager.py:878} INFO - 
================================================================================
DAG File Processing Stats

File Path                    PID    Runtime      # DAGs    # Errors  Last Runtime    Last Run
---------------------------  -----  ---------  --------  ----------  --------------  -------------------
/opt/airflow/dags/checks.py                           1           0  0.92s           2026-03-21T19:58:14
================================================================================
[2026-03-21T19:58:38.569+0000] {manager.py:737} INFO - Searching for files in /opt/airflow/dags
[2026-03-21T19:58:38.639+0000] {manager.py:740} INFO - There are 1 files in /opt/airflow/dags
[2026-03-21T19:58:46.175+0000] {manager.py:878} INFO - 
================================================================================
DAG File Processing Stats

File Path                    PID    Runtime      # DAGs    # Errors  Last Runtime    Last Run
---------------------------  -----  ---------  --------  ----------  --------------  -------------------
/opt/airflow/dags/checks.py                           1           0  1.52s           2026-03-21T19:58:46
================================================================================
[2026-03-21T19:59:17.203+0000] {manager.py:878} INFO - 
================================================================================
DAG File Processing Stats

File Path                    PID    Runtime      # DAGs    # Errors  Last Runtime    Last Run
---------------------------  -----  ---------  --------  ----------  --------------  -------------------
/opt/airflow/dags/checks.py                           1           0  0.42s           2026-03-21T19:59:17
================================================================================
[2026-03-21T19:59:50.000+0000] {manager.py:878} INFO - 
================================================================================
DAG File Processing Stats

File Path                    PID    Runtime      # DAGs    # Errors  Last Runtime    Last Run
---------------------------  -----  ---------  --------  ----------  --------------  -------------------
/opt/airflow/dags/checks.py                           1           0  2.03s           2026-03-21T19:59:49
================================================================================
[2026-03-21T20:00:21.862+0000] {manager.py:878} INFO - 
================================================================================
DAG File Processing Stats

File Path                    PID    Runtime      # DAGs    # Errors  Last Runtime    Last Run
---------------------------  -----  ---------  --------  ----------  --------------  -------------------
/opt/airflow/dags/checks.py                           1           0  1.72s           2026-03-21T20:00:21
================================================================================
[2026-03-21T20:00:54.699+0000] {manager.py:878} INFO - 
================================================================================
DAG File Processing Stats

File Path                    PID    Runtime      # DAGs    # Errors  Last Runtime    Last Run
---------------------------  -----  ---------  --------  ----------  --------------  -------------------
/opt/airflow/dags/checks.py                           1           0  2.03s           2026-03-21T20:00:54
================================================================================
[2026-03-21T20:01:25.844+0000] {manager.py:878} INFO - 
================================================================================
DAG File Processing Stats

File Path                    PID    Runtime      # DAGs    # Errors  Last Runtime    Last Run
---------------------------  -----  ---------  --------  ----------  --------------  -------------------
/opt/airflow/dags/checks.py                           1           0  0.49s           2026-03-21T20:01:25
================================================================================
[2026-03-21T20:01:59.169+0000] {manager.py:878} INFO - 
================================================================================
DAG File Processing Stats

File Path                    PID    Runtime      # DAGs    # Errors  Last Runtime    Last Run
---------------------------  -----  ---------  --------  ----------  --------------  -------------------
/opt/airflow/dags/checks.py                           1           0  3.13s           2026-03-21T20:01:59
================================================================================
[2026-03-21T20:02:31.194+0000] {manager.py:878} INFO - 
================================================================================
DAG File Processing Stats

File Path                    PID    Runtime      # DAGs    # Errors  Last Runtime    Last Run
---------------------------  -----  ---------  --------  ----------  --------------  -------------------
/opt/airflow/dags/checks.py                           1           0  1.81s           2026-03-21T20:02:31
================================================================================
[2026-03-21T20:03:02.049+0000] {manager.py:878} INFO - 
================================================================================
DAG File Processing Stats

File Path                    PID    Runtime      # DAGs    # Errors  Last Runtime    Last Run
---------------------------  -----  ---------  --------  ----------  --------------  -------------------
/opt/airflow/dags/checks.py                           1           0  0.31s           2026-03-21T20:03:02
================================================================================
[2026-03-21T20:03:32.495+0000] {manager.py:878} INFO - 
================================================================================
DAG File Processing Stats

File Path                    PID    Runtime      # DAGs    # Errors  Last Runtime    Last Run
---------------------------  -----  ---------  --------  ----------  --------------  -------------------
/opt/airflow/dags/checks.py                           1           0  0.32s           2026-03-21T20:03:32
================================================================================
[2026-03-21T20:03:39.581+0000] {manager.py:737} INFO - Searching for files in /opt/airflow/dags
[2026-03-21T20:03:39.604+0000] {manager.py:740} INFO - There are 1 files in /opt/airflow/dags
[2026-03-21T20:04:05.468+0000] {manager.py:878} INFO - 
================================================================================
DAG File Processing Stats

File Path                    PID    Runtime      # DAGs    # Errors  Last Runtime    Last Run
---------------------------  -----  ---------  --------  ----------  --------------  -------------------
/opt/airflow/dags/checks.py                           1           0  0.42s           2026-03-21T20:04:05
================================================================================
[2026-03-21T20:04:36.381+0000] {manager.py:878} INFO - 
================================================================================
DAG File Processing Stats

File Path                    PID    Runtime      # DAGs    # Errors  Last Runtime    Last Run
---------------------------  -----  ---------  --------  ----------  --------------  -------------------
/opt/airflow/dags/checks.py                           1           0  0.42s           2026-03-21T20:04:36
================================================================================
[2026-03-21T20:05:06.981+0000] {manager.py:878} INFO - 
================================================================================
DAG File Processing Stats

File Path                    PID    Runtime      # DAGs    # Errors  Last Runtime    Last Run
---------------------------  -----  ---------  --------  ----------  --------------  -------------------
/opt/airflow/dags/checks.py                           1           0  0.51s           2026-03-21T20:05:06
================================================================================
[2026-03-21T20:05:37.736+0000] {manager.py:878} INFO - 
================================================================================
DAG File Processing Stats

File Path                    PID    Runtime      # DAGs    # Errors  Last Runtime    Last Run
---------------------------  -----  ---------  --------  ----------  --------------  -------------------
/opt/airflow/dags/checks.py                           1           0  0.31s           2026-03-21T20:05:37
================================================================================
[2026-03-21T20:06:09.268+0000] {manager.py:878} INFO - 
================================================================================
DAG File Processing Stats

File Path                    PID    Runtime      # DAGs    # Errors  Last Runtime    Last Run
---------------------------  -----  ---------  --------  ----------  --------------  -------------------
/opt/airflow/dags/checks.py                           1           0  0.32s           2026-03-21T20:06:09
================================================================================
[2026-03-21T20:06:40.288+0000] {manager.py:878} INFO - 
================================================================================
DAG File Processing Stats

File Path                    PID    Runtime      # DAGs    # Errors  Last Runtime    Last Run
---------------------------  -----  ---------  --------  ----------  --------------  -------------------
/opt/airflow/dags/checks.py                           1           0  0.41s           2026-03-21T20:06:40
================================================================================
[2026-03-21T20:07:11.569+0000] {manager.py:878} INFO - 
================================================================================
DAG File Processing Stats

File Path                    PID    Runtime      # DAGs    # Errors  Last Runtime    Last Run
---------------------------  -----  ---------  --------  ----------  --------------  -------------------
/opt/airflow/dags/checks.py                           1           0  0.31s           2026-03-21T20:07:11
================================================================================
[2026-03-21T20:07:42.542+0000] {manager.py:878} INFO - 
================================================================================
DAG File Processing Stats

File Path                    PID    Runtime      # DAGs    # Errors  Last Runtime    Last Run
---------------------------  -----  ---------  --------  ----------  --------------  -------------------
/opt/airflow/dags/checks.py                           1           0  0.31s           2026-03-21T20:07:42
================================================================================
[2026-03-21T20:08:13.087+0000] {manager.py:878} INFO - 
================================================================================
DAG File Processing Stats

File Path                    PID    Runtime      # DAGs    # Errors  Last Runtime    Last Run
---------------------------  -----  ---------  --------  ----------  --------------  -------------------
/opt/airflow/dags/checks.py                           1           0  0.31s           2026-03-21T20:08:13
================================================================================
[2026-03-21T20:08:42.251+0000] {manager.py:737} INFO - Searching for files in /opt/airflow/dags
[2026-03-21T20:08:42.298+0000] {manager.py:740} INFO - There are 1 files in /opt/airflow/dags
[2026-03-21T20:08:43.763+0000] {manager.py:878} INFO - 
================================================================================
DAG File Processing Stats

File Path                    PID    Runtime      # DAGs    # Errors  Last Runtime    Last Run
---------------------------  -----  ---------  --------  ----------  --------------  -------------------
/opt/airflow/dags/checks.py                           1           0  0.31s           2026-03-21T20:08:43
================================================================================
[2026-03-21T20:09:14.723+0000] {manager.py:878} INFO - 
================================================================================
DAG File Processing Stats

File Path                    PID    Runtime      # DAGs    # Errors  Last Runtime    Last Run
---------------------------  -----  ---------  --------  ----------  --------------  -------------------
/opt/airflow/dags/checks.py                           1           0  0.91s           2026-03-21T20:09:14
================================================================================
[2026-03-21T20:09:46.763+0000] {manager.py:878} INFO - 
================================================================================
DAG File Processing Stats

File Path                    PID    Runtime      # DAGs    # Errors  Last Runtime    Last Run
---------------------------  -----  ---------  --------  ----------  --------------  -------------------
/opt/airflow/dags/checks.py                           1           0  1.31s           2026-03-21T20:09:46
================================================================================
[2026-03-21T20:10:18.012+0000] {manager.py:878} INFO - 
================================================================================
DAG File Processing Stats

File Path                    PID    Runtime      # DAGs    # Errors  Last Runtime    Last Run
---------------------------  -----  ---------  --------  ----------  --------------  -------------------
/opt/airflow/dags/checks.py                           1           0  0.72s           2026-03-21T20:10:18
================================================================================
[2026-03-21T20:10:49.161+0000] {manager.py:878} INFO - 
================================================================================
DAG File Processing Stats

File Path                    PID    Runtime      # DAGs    # Errors  Last Runtime    Last Run
---------------------------  -----  ---------  --------  ----------  --------------  -------------------
/opt/airflow/dags/checks.py                           1           0  0.31s           2026-03-21T20:10:49
================================================================================
[2026-03-21T20:11:20.238+0000] {manager.py:878} INFO - 
================================================================================
DAG File Processing Stats

File Path                    PID    Runtime      # DAGs    # Errors  Last Runtime    Last Run
---------------------------  -----  ---------  --------  ----------  --------------  -------------------
/opt/airflow/dags/checks.py                           1           0  0.41s           2026-03-21T20:11:20
================================================================================
[2026-03-21T20:11:50.899+0000] {manager.py:878} INFO - 
================================================================================
DAG File Processing Stats

File Path                    PID    Runtime      # DAGs    # Errors  Last Runtime    Last Run
---------------------------  -----  ---------  --------  ----------  --------------  -------------------
/opt/airflow/dags/checks.py                           1           0  0.51s           2026-03-21T20:11:50
================================================================================
[2026-03-21T20:12:25.084+0000] {manager.py:878} INFO - 
================================================================================
DAG File Processing Stats

File Path                    PID    Runtime      # DAGs    # Errors  Last Runtime    Last Run
---------------------------  -----  ---------  --------  ----------  --------------  -------------------
/opt/airflow/dags/checks.py                           1           0  0.41s           2026-03-21T20:12:25
================================================================================
[2026-03-21T20:12:56.523+0000] {manager.py:878} INFO - 
================================================================================
DAG File Processing Stats

File Path                    PID    Runtime      # DAGs    # Errors  Last Runtime    Last Run
---------------------------  -----  ---------  --------  ----------  --------------  -------------------
/opt/airflow/dags/checks.py                           1           0  1.11s           2026-03-21T20:12:56
================================================================================
[2026-03-21T20:13:27.391+0000] {manager.py:878} INFO - 
================================================================================
DAG File Processing Stats

File Path                    PID    Runtime      # DAGs    # Errors  Last Runtime    Last Run
---------------------------  -----  ---------  --------  ----------  --------------  -------------------
/opt/airflow/dags/checks.py                           1           0  0.31s           2026-03-21T20:13:27
================================================================================
[2026-03-21T20:13:42.610+0000] {manager.py:737} INFO - Searching for files in /opt/airflow/dags
[2026-03-21T20:13:42.659+0000] {manager.py:740} INFO - There are 1 files in /opt/airflow/dags
[2026-03-21T20:13:58.431+0000] {manager.py:878} INFO - 
================================================================================
DAG File Processing Stats

File Path                    PID    Runtime      # DAGs    # Errors  Last Runtime    Last Run
---------------------------  -----  ---------  --------  ----------  --------------  -------------------
/opt/airflow/dags/checks.py                           1           0  0.72s           2026-03-21T20:13:58
================================================================================
[2026-03-21T20:14:29.100+0000] {manager.py:878} INFO - 
================================================================================
DAG File Processing Stats

File Path                    PID    Runtime      # DAGs    # Errors  Last Runtime    Last Run
---------------------------  -----  ---------  --------  ----------  --------------  -------------------
/opt/airflow/dags/checks.py                           1           0  0.31s           2026-03-21T20:14:29
================================================================================
[2026-03-21T20:14:59.717+0000] {manager.py:878} INFO - 
================================================================================
DAG File Processing Stats

File Path                    PID    Runtime      # DAGs    # Errors  Last Runtime    Last Run
---------------------------  -----  ---------  --------  ----------  --------------  -------------------
/opt/airflow/dags/checks.py                           1           0  0.41s           2026-03-21T20:14:59
================================================================================
[2026-03-21T20:15:30.143+0000] {manager.py:878} INFO - 
================================================================================
DAG File Processing Stats

File Path                    PID    Runtime      # DAGs    # Errors  Last Runtime    Last Run
---------------------------  -----  ---------  --------  ----------  --------------  -------------------
/opt/airflow/dags/checks.py                           1           0  0.32s           2026-03-21T20:15:30
================================================================================
[2026-03-21T20:16:00.558+0000] {manager.py:878} INFO - 
================================================================================
DAG File Processing Stats

File Path                    PID    Runtime      # DAGs    # Errors  Last Runtime    Last Run
---------------------------  -----  ---------  --------  ----------  --------------  -------------------
/opt/airflow/dags/checks.py                           1           0  0.31s           2026-03-21T20:16:00
================================================================================
[2026-03-21T20:16:31.228+0000] {manager.py:878} INFO - 
================================================================================
DAG File Processing Stats

File Path                    PID    Runtime      # DAGs    # Errors  Last Runtime    Last Run
---------------------------  -----  ---------  --------  ----------  --------------  -------------------
/opt/airflow/dags/checks.py                           1           0  0.33s           2026-03-21T20:16:31
================================================================================
[2026-03-21T20:17:05.417+0000] {manager.py:878} INFO - 
================================================================================
DAG File Processing Stats

File Path                    PID    Runtime      # DAGs    # Errors  Last Runtime    Last Run
---------------------------  -----  ---------  --------  ----------  --------------  -------------------
/opt/airflow/dags/checks.py                           1           0  0.51s           2026-03-21T20:17:05
================================================================================
[2026-03-21T20:17:37.689+0000] {manager.py:878} INFO - 
================================================================================
DAG File Processing Stats

File Path                    PID    Runtime      # DAGs    # Errors  Last Runtime    Last Run
---------------------------  -----  ---------  --------  ----------  --------------  -------------------
/opt/airflow/dags/checks.py                           1           0  2.21s           2026-03-21T20:17:37
================================================================================
[2026-03-21T20:18:09.368+0000] {manager.py:878} INFO - 
================================================================================
DAG File Processing Stats

File Path                    PID    Runtime      # DAGs    # Errors  Last Runtime    Last Run
---------------------------  -----  ---------  --------  ----------  --------------  -------------------
/opt/airflow/dags/checks.py                           1           0  1.11s           2026-03-21T20:18:09
================================================================================
[2026-03-21T20:18:43.283+0000] {manager.py:737} INFO - Searching for files in /opt/airflow/dags
[2026-03-21T20:18:43.325+0000] {manager.py:740} INFO - There are 1 files in /opt/airflow/dags
[2026-03-21T20:18:43.783+0000] {manager.py:878} INFO - 
================================================================================
DAG File Processing Stats

File Path                    PID    Runtime      # DAGs    # Errors  Last Runtime    Last Run
---------------------------  -----  ---------  --------  ----------  --------------  -------------------
/opt/airflow/dags/checks.py                           1           0  0.41s           2026-03-21T20:18:43
================================================================================
[2026-03-21T20:19:14.844+0000] {manager.py:878} INFO - 
================================================================================
DAG File Processing Stats

File Path                    PID    Runtime      # DAGs    # Errors  Last Runtime    Last Run
---------------------------  -----  ---------  --------  ----------  --------------  -------------------
/opt/airflow/dags/checks.py                           1           0  0.42s           2026-03-21T20:19:14
================================================================================
[2026-03-21T20:19:45.897+0000] {manager.py:878} INFO - 
================================================================================
DAG File Processing Stats

File Path                    PID    Runtime      # DAGs    # Errors  Last Runtime    Last Run
---------------------------  -----  ---------  --------  ----------  --------------  -------------------
/opt/airflow/dags/checks.py                           1           0  0.41s           2026-03-21T20:19:45
================================================================================
[2026-03-21T20:20:17.239+0000] {manager.py:878} INFO - 
================================================================================
DAG File Processing Stats

File Path                    PID    Runtime      # DAGs    # Errors  Last Runtime    Last Run
---------------------------  -----  ---------  --------  ----------  --------------  -------------------
/opt/airflow/dags/checks.py                           1           0  0.41s           2026-03-21T20:20:17
================================================================================
[2026-03-21T20:20:47.707+0000] {manager.py:878} INFO - 
================================================================================
DAG File Processing Stats

File Path                    PID    Runtime      # DAGs    # Errors  Last Runtime    Last Run
---------------------------  -----  ---------  --------  ----------  --------------  -------------------
/opt/airflow/dags/checks.py                           1           0  0.31s           2026-03-21T20:20:47
================================================================================
[2026-03-21T20:21:18.124+0000] {manager.py:878} INFO - 
================================================================================
DAG File Processing Stats

File Path                    PID    Runtime      # DAGs    # Errors  Last Runtime    Last Run
---------------------------  -----  ---------  --------  ----------  --------------  -------------------
/opt/airflow/dags/checks.py                           1           0  0.31s           2026-03-21T20:21:18
================================================================================
[2026-03-21T20:21:51.181+0000] {manager.py:878} INFO - 
================================================================================
DAG File Processing Stats

File Path                    PID    Runtime      # DAGs    # Errors  Last Runtime    Last Run
---------------------------  -----  ---------  --------  ----------  --------------  -------------------
/opt/airflow/dags/checks.py                           1           0  2.33s           2026-03-21T20:21:51
================================================================================
[2026-03-21T20:22:22.784+0000] {manager.py:878} INFO - 
================================================================================
DAG File Processing Stats

File Path                    PID    Runtime      # DAGs    # Errors  Last Runtime    Last Run
---------------------------  -----  ---------  --------  ----------  --------------  -------------------
/opt/airflow/dags/checks.py                           1           0  0.31s           2026-03-21T20:22:22
================================================================================
[2026-03-21T20:22:53.807+0000] {manager.py:878} INFO - 
================================================================================
DAG File Processing Stats

File Path                    PID    Runtime      # DAGs    # Errors  Last Runtime    Last Run
---------------------------  -----  ---------  --------  ----------  --------------  -------------------
/opt/airflow/dags/checks.py                           1           0  0.81s           2026-03-21T20:22:53
================================================================================
[2026-03-21T20:23:24.696+0000] {manager.py:878} INFO - 
================================================================================
DAG File Processing Stats

File Path                    PID    Runtime      # DAGs    # Errors  Last Runtime    Last Run
---------------------------  -----  ---------  --------  ----------  --------------  -------------------
/opt/airflow/dags/checks.py                           1           0  0.41s           2026-03-21T20:23:24
================================================================================
[2026-03-21T20:23:43.838+0000] {manager.py:737} INFO - Searching for files in /opt/airflow/dags
[2026-03-21T20:23:43.864+0000] {manager.py:740} INFO - There are 1 files in /opt/airflow/dags
[2026-03-21T20:23:55.390+0000] {manager.py:878} INFO - 
================================================================================
DAG File Processing Stats

File Path                    PID    Runtime      # DAGs    # Errors  Last Runtime    Last Run
---------------------------  -----  ---------  --------  ----------  --------------  -------------------
/opt/airflow/dags/checks.py                           1           0  0.61s           2026-03-21T20:23:55
================================================================================
[2026-03-21T20:24:25.174+0000] {manager.py:878} INFO - 
================================================================================
DAG File Processing Stats

File Path                    PID    Runtime      # DAGs    # Errors  Last Runtime    Last Run
---------------------------  -----  ---------  --------  ----------  --------------  -------------------
/opt/airflow/dags/checks.py                           1           0  0.61s           2026-03-21T20:23:55
================================================================================
[2026-03-21T20:24:56.097+0000] {manager.py:878} INFO - 
================================================================================
DAG File Processing Stats

File Path                    PID    Runtime      # DAGs    # Errors  Last Runtime    Last Run
---------------------------  -----  ---------  --------  ----------  --------------  -------------------
/opt/airflow/dags/checks.py                           1           0  5.42s           2026-03-21T20:24:31
================================================================================
[2026-03-21T20:25:26.206+0000] {manager.py:878} INFO - 
================================================================================
DAG File Processing Stats

File Path                    PID    Runtime      # DAGs    # Errors  Last Runtime    Last Run
---------------------------  -----  ---------  --------  ----------  --------------  -------------------
/opt/airflow/dags/checks.py                           1           0  0.31s           2026-03-21T20:25:07
================================================================================
[2026-03-21T20:25:56.230+0000] {manager.py:878} INFO - 
================================================================================
DAG File Processing Stats

File Path                    PID    Runtime      # DAGs    # Errors  Last Runtime    Last Run
---------------------------  -----  ---------  --------  ----------  --------------  -------------------
/opt/airflow/dags/checks.py                           1           0  2.12s           2026-03-21T20:25:39
================================================================================
[2026-03-21T20:26:26.440+0000] {manager.py:878} INFO - 
================================================================================
DAG File Processing Stats

File Path                    PID    Runtime      # DAGs    # Errors  Last Runtime    Last Run
---------------------------  -----  ---------  --------  ----------  --------------  -------------------
/opt/airflow/dags/checks.py                           1           0  0.80s           2026-03-21T20:26:10
================================================================================
