[2026-03-21T01:56:46.828+0000] {processor.py:161} INFO - Started process (PID=73) to work on /opt/airflow/dags/checks.py
[2026-03-21T01:56:46.829+0000] {processor.py:830} INFO - Processing file /opt/airflow/dags/checks.py for tasks to queue
[2026-03-21T01:56:46.832+0000] {logging_mixin.py:188} INFO - [2026-03-21T01:56:46.831+0000] {dagbag.py:545} INFO - Filling up the DagBag from /opt/airflow/dags/checks.py
[2026-03-21T01:56:47.202+0000] {logging_mixin.py:188} INFO - [2026-03-21T01:56:47.196+0000] {dagbag.py:355} ERROR - Failed to import: /opt/airflow/dags/checks.py
Traceback (most recent call last):
  File "/home/airflow/.local/lib/python3.11/site-packages/airflow/models/dagbag.py", line 351, in parse
    loader.exec_module(new_module)
  File "<frozen importlib._bootstrap_external>", line 940, in exec_module
  File "<frozen importlib._bootstrap>", line 241, in _call_with_frames_removed
  File "/opt/airflow/dags/checks.py", line 4, in <module>
    from airfow.operators.python import PythonOperator
ModuleNotFoundError: No module named 'airfow'
[2026-03-21T01:56:47.205+0000] {processor.py:842} WARNING - No viable dags retrieved from /opt/airflow/dags/checks.py
[2026-03-21T01:56:47.240+0000] {processor.py:183} INFO - Processing /opt/airflow/dags/checks.py took 0.418 seconds
[2026-03-21T01:57:17.512+0000] {processor.py:161} INFO - Started process (PID=75) to work on /opt/airflow/dags/checks.py
[2026-03-21T01:57:17.513+0000] {processor.py:830} INFO - Processing file /opt/airflow/dags/checks.py for tasks to queue
[2026-03-21T01:57:17.516+0000] {logging_mixin.py:188} INFO - [2026-03-21T01:57:17.515+0000] {dagbag.py:545} INFO - Filling up the DagBag from /opt/airflow/dags/checks.py
[2026-03-21T01:57:17.799+0000] {logging_mixin.py:188} INFO - [2026-03-21T01:57:17.794+0000] {dagbag.py:355} ERROR - Failed to import: /opt/airflow/dags/checks.py
Traceback (most recent call last):
  File "/home/airflow/.local/lib/python3.11/site-packages/airflow/models/dagbag.py", line 351, in parse
    loader.exec_module(new_module)
  File "<frozen importlib._bootstrap_external>", line 940, in exec_module
  File "<frozen importlib._bootstrap>", line 241, in _call_with_frames_removed
  File "/opt/airflow/dags/checks.py", line 4, in <module>
    from airfow.operators.python import PythonOperator
ModuleNotFoundError: No module named 'airfow'
[2026-03-21T01:57:17.800+0000] {processor.py:842} WARNING - No viable dags retrieved from /opt/airflow/dags/checks.py
[2026-03-21T01:57:17.815+0000] {processor.py:183} INFO - Processing /opt/airflow/dags/checks.py took 0.309 seconds
[2026-03-21T01:57:48.418+0000] {processor.py:161} INFO - Started process (PID=77) to work on /opt/airflow/dags/checks.py
[2026-03-21T01:57:48.419+0000] {processor.py:830} INFO - Processing file /opt/airflow/dags/checks.py for tasks to queue
[2026-03-21T01:57:48.422+0000] {logging_mixin.py:188} INFO - [2026-03-21T01:57:48.422+0000] {dagbag.py:545} INFO - Filling up the DagBag from /opt/airflow/dags/checks.py
[2026-03-21T01:57:48.717+0000] {logging_mixin.py:188} INFO - [2026-03-21T01:57:48.713+0000] {dagbag.py:355} ERROR - Failed to import: /opt/airflow/dags/checks.py
Traceback (most recent call last):
  File "/home/airflow/.local/lib/python3.11/site-packages/airflow/models/dagbag.py", line 351, in parse
    loader.exec_module(new_module)
  File "<frozen importlib._bootstrap_external>", line 940, in exec_module
  File "<frozen importlib._bootstrap>", line 241, in _call_with_frames_removed
  File "/opt/airflow/dags/checks.py", line 4, in <module>
    from airfow.operators.python import PythonOperator
ModuleNotFoundError: No module named 'airfow'
[2026-03-21T01:57:48.718+0000] {processor.py:842} WARNING - No viable dags retrieved from /opt/airflow/dags/checks.py
[2026-03-21T01:57:48.749+0000] {processor.py:183} INFO - Processing /opt/airflow/dags/checks.py took 0.336 seconds
[2026-03-21T01:58:19.077+0000] {processor.py:161} INFO - Started process (PID=79) to work on /opt/airflow/dags/checks.py
[2026-03-21T01:58:19.078+0000] {processor.py:830} INFO - Processing file /opt/airflow/dags/checks.py for tasks to queue
[2026-03-21T01:58:19.080+0000] {logging_mixin.py:188} INFO - [2026-03-21T01:58:19.080+0000] {dagbag.py:545} INFO - Filling up the DagBag from /opt/airflow/dags/checks.py
[2026-03-21T01:58:19.365+0000] {logging_mixin.py:188} INFO - [2026-03-21T01:58:19.361+0000] {dagbag.py:355} ERROR - Failed to import: /opt/airflow/dags/checks.py
Traceback (most recent call last):
  File "/home/airflow/.local/lib/python3.11/site-packages/airflow/models/dagbag.py", line 351, in parse
    loader.exec_module(new_module)
  File "<frozen importlib._bootstrap_external>", line 940, in exec_module
  File "<frozen importlib._bootstrap>", line 241, in _call_with_frames_removed
  File "/opt/airflow/dags/checks.py", line 4, in <module>
    from airfow.operators.python import PythonOperator
ModuleNotFoundError: No module named 'airfow'
[2026-03-21T01:58:19.367+0000] {processor.py:842} WARNING - No viable dags retrieved from /opt/airflow/dags/checks.py
[2026-03-21T01:58:19.383+0000] {processor.py:183} INFO - Processing /opt/airflow/dags/checks.py took 0.312 seconds
[2026-03-21T01:58:49.668+0000] {processor.py:161} INFO - Started process (PID=81) to work on /opt/airflow/dags/checks.py
[2026-03-21T01:58:49.669+0000] {processor.py:830} INFO - Processing file /opt/airflow/dags/checks.py for tasks to queue
[2026-03-21T01:58:49.671+0000] {logging_mixin.py:188} INFO - [2026-03-21T01:58:49.671+0000] {dagbag.py:545} INFO - Filling up the DagBag from /opt/airflow/dags/checks.py
[2026-03-21T01:58:49.936+0000] {logging_mixin.py:188} INFO - [2026-03-21T01:58:49.931+0000] {dagbag.py:355} ERROR - Failed to import: /opt/airflow/dags/checks.py
Traceback (most recent call last):
  File "/home/airflow/.local/lib/python3.11/site-packages/airflow/models/dagbag.py", line 351, in parse
    loader.exec_module(new_module)
  File "<frozen importlib._bootstrap_external>", line 940, in exec_module
  File "<frozen importlib._bootstrap>", line 241, in _call_with_frames_removed
  File "/opt/airflow/dags/checks.py", line 4, in <module>
    from airfow.operators.python import PythonOperator
ModuleNotFoundError: No module named 'airfow'
[2026-03-21T01:58:49.937+0000] {processor.py:842} WARNING - No viable dags retrieved from /opt/airflow/dags/checks.py
[2026-03-21T01:58:49.952+0000] {processor.py:183} INFO - Processing /opt/airflow/dags/checks.py took 0.290 seconds
[2026-03-21T01:59:20.055+0000] {processor.py:161} INFO - Started process (PID=83) to work on /opt/airflow/dags/checks.py
[2026-03-21T01:59:20.056+0000] {processor.py:830} INFO - Processing file /opt/airflow/dags/checks.py for tasks to queue
[2026-03-21T01:59:20.058+0000] {logging_mixin.py:188} INFO - [2026-03-21T01:59:20.058+0000] {dagbag.py:545} INFO - Filling up the DagBag from /opt/airflow/dags/checks.py
[2026-03-21T01:59:20.433+0000] {logging_mixin.py:188} INFO - [2026-03-21T01:59:20.430+0000] {dagbag.py:355} ERROR - Failed to import: /opt/airflow/dags/checks.py
Traceback (most recent call last):
  File "/home/airflow/.local/lib/python3.11/site-packages/airflow/models/dagbag.py", line 351, in parse
    loader.exec_module(new_module)
  File "<frozen importlib._bootstrap_external>", line 940, in exec_module
  File "<frozen importlib._bootstrap>", line 241, in _call_with_frames_removed
  File "/opt/airflow/dags/checks.py", line 4, in <module>
    from airfow.operators.python import PythonOperator
ModuleNotFoundError: No module named 'airfow'
[2026-03-21T01:59:20.435+0000] {processor.py:842} WARNING - No viable dags retrieved from /opt/airflow/dags/checks.py
[2026-03-21T01:59:20.450+0000] {processor.py:183} INFO - Processing /opt/airflow/dags/checks.py took 0.402 seconds
[2026-03-21T01:59:50.631+0000] {processor.py:161} INFO - Started process (PID=85) to work on /opt/airflow/dags/checks.py
[2026-03-21T01:59:50.632+0000] {processor.py:830} INFO - Processing file /opt/airflow/dags/checks.py for tasks to queue
[2026-03-21T01:59:50.635+0000] {logging_mixin.py:188} INFO - [2026-03-21T01:59:50.634+0000] {dagbag.py:545} INFO - Filling up the DagBag from /opt/airflow/dags/checks.py
[2026-03-21T01:59:50.977+0000] {logging_mixin.py:188} INFO - [2026-03-21T01:59:50.971+0000] {dagbag.py:355} ERROR - Failed to import: /opt/airflow/dags/checks.py
Traceback (most recent call last):
  File "/home/airflow/.local/lib/python3.11/site-packages/airflow/models/dagbag.py", line 351, in parse
    loader.exec_module(new_module)
  File "<frozen importlib._bootstrap_external>", line 940, in exec_module
  File "<frozen importlib._bootstrap>", line 241, in _call_with_frames_removed
  File "/opt/airflow/dags/checks.py", line 4, in <module>
    from airfow.operators.python import PythonOperator
ModuleNotFoundError: No module named 'airfow'
[2026-03-21T01:59:50.978+0000] {processor.py:842} WARNING - No viable dags retrieved from /opt/airflow/dags/checks.py
[2026-03-21T01:59:51.004+0000] {processor.py:183} INFO - Processing /opt/airflow/dags/checks.py took 0.380 seconds
[2026-03-21T02:00:21.096+0000] {processor.py:161} INFO - Started process (PID=87) to work on /opt/airflow/dags/checks.py
[2026-03-21T02:00:21.097+0000] {processor.py:830} INFO - Processing file /opt/airflow/dags/checks.py for tasks to queue
[2026-03-21T02:00:21.099+0000] {logging_mixin.py:188} INFO - [2026-03-21T02:00:21.099+0000] {dagbag.py:545} INFO - Filling up the DagBag from /opt/airflow/dags/checks.py
[2026-03-21T02:00:21.368+0000] {logging_mixin.py:188} INFO - [2026-03-21T02:00:21.364+0000] {dagbag.py:355} ERROR - Failed to import: /opt/airflow/dags/checks.py
Traceback (most recent call last):
  File "/home/airflow/.local/lib/python3.11/site-packages/airflow/models/dagbag.py", line 351, in parse
    loader.exec_module(new_module)
  File "<frozen importlib._bootstrap_external>", line 940, in exec_module
  File "<frozen importlib._bootstrap>", line 241, in _call_with_frames_removed
  File "/opt/airflow/dags/checks.py", line 4, in <module>
    from airfow.operators.python import PythonOperator
ModuleNotFoundError: No module named 'airfow'
[2026-03-21T02:00:21.369+0000] {processor.py:842} WARNING - No viable dags retrieved from /opt/airflow/dags/checks.py
[2026-03-21T02:00:21.389+0000] {processor.py:183} INFO - Processing /opt/airflow/dags/checks.py took 0.299 seconds
[2026-03-21T02:00:51.563+0000] {processor.py:161} INFO - Started process (PID=89) to work on /opt/airflow/dags/checks.py
[2026-03-21T02:00:51.564+0000] {processor.py:830} INFO - Processing file /opt/airflow/dags/checks.py for tasks to queue
[2026-03-21T02:00:51.566+0000] {logging_mixin.py:188} INFO - [2026-03-21T02:00:51.566+0000] {dagbag.py:545} INFO - Filling up the DagBag from /opt/airflow/dags/checks.py
[2026-03-21T02:00:51.918+0000] {logging_mixin.py:188} INFO - [2026-03-21T02:00:51.914+0000] {dagbag.py:355} ERROR - Failed to import: /opt/airflow/dags/checks.py
Traceback (most recent call last):
  File "/home/airflow/.local/lib/python3.11/site-packages/airflow/models/dagbag.py", line 351, in parse
    loader.exec_module(new_module)
  File "<frozen importlib._bootstrap_external>", line 940, in exec_module
  File "<frozen importlib._bootstrap>", line 241, in _call_with_frames_removed
  File "/opt/airflow/dags/checks.py", line 4, in <module>
    from airfow.operators.python import PythonOperator
ModuleNotFoundError: No module named 'airfow'
[2026-03-21T02:00:51.919+0000] {processor.py:842} WARNING - No viable dags retrieved from /opt/airflow/dags/checks.py
[2026-03-21T02:00:51.935+0000] {processor.py:183} INFO - Processing /opt/airflow/dags/checks.py took 0.379 seconds
[2026-03-21T02:01:22.032+0000] {processor.py:161} INFO - Started process (PID=91) to work on /opt/airflow/dags/checks.py
[2026-03-21T02:01:22.033+0000] {processor.py:830} INFO - Processing file /opt/airflow/dags/checks.py for tasks to queue
[2026-03-21T02:01:22.035+0000] {logging_mixin.py:188} INFO - [2026-03-21T02:01:22.034+0000] {dagbag.py:545} INFO - Filling up the DagBag from /opt/airflow/dags/checks.py
[2026-03-21T02:01:22.319+0000] {logging_mixin.py:188} INFO - [2026-03-21T02:01:22.314+0000] {dagbag.py:355} ERROR - Failed to import: /opt/airflow/dags/checks.py
Traceback (most recent call last):
  File "/home/airflow/.local/lib/python3.11/site-packages/airflow/models/dagbag.py", line 351, in parse
    loader.exec_module(new_module)
  File "<frozen importlib._bootstrap_external>", line 940, in exec_module
  File "<frozen importlib._bootstrap>", line 241, in _call_with_frames_removed
  File "/opt/airflow/dags/checks.py", line 4, in <module>
    from airfow.operators.python import PythonOperator
ModuleNotFoundError: No module named 'airfow'
[2026-03-21T02:01:22.320+0000] {processor.py:842} WARNING - No viable dags retrieved from /opt/airflow/dags/checks.py
[2026-03-21T02:01:22.336+0000] {processor.py:183} INFO - Processing /opt/airflow/dags/checks.py took 0.311 seconds
[2026-03-21T02:01:52.494+0000] {processor.py:161} INFO - Started process (PID=93) to work on /opt/airflow/dags/checks.py
[2026-03-21T02:01:52.495+0000] {processor.py:830} INFO - Processing file /opt/airflow/dags/checks.py for tasks to queue
[2026-03-21T02:01:52.497+0000] {logging_mixin.py:188} INFO - [2026-03-21T02:01:52.497+0000] {dagbag.py:545} INFO - Filling up the DagBag from /opt/airflow/dags/checks.py
[2026-03-21T02:01:52.782+0000] {logging_mixin.py:188} INFO - [2026-03-21T02:01:52.778+0000] {dagbag.py:355} ERROR - Failed to import: /opt/airflow/dags/checks.py
Traceback (most recent call last):
  File "/home/airflow/.local/lib/python3.11/site-packages/airflow/models/dagbag.py", line 351, in parse
    loader.exec_module(new_module)
  File "<frozen importlib._bootstrap_external>", line 940, in exec_module
  File "<frozen importlib._bootstrap>", line 241, in _call_with_frames_removed
  File "/opt/airflow/dags/checks.py", line 4, in <module>
    from airfow.operators.python import PythonOperator
ModuleNotFoundError: No module named 'airfow'
[2026-03-21T02:01:52.784+0000] {processor.py:842} WARNING - No viable dags retrieved from /opt/airflow/dags/checks.py
[2026-03-21T02:01:52.807+0000] {processor.py:183} INFO - Processing /opt/airflow/dags/checks.py took 0.320 seconds
[2026-03-21T02:02:22.957+0000] {processor.py:161} INFO - Started process (PID=95) to work on /opt/airflow/dags/checks.py
[2026-03-21T02:02:22.958+0000] {processor.py:830} INFO - Processing file /opt/airflow/dags/checks.py for tasks to queue
[2026-03-21T02:02:22.960+0000] {logging_mixin.py:188} INFO - [2026-03-21T02:02:22.959+0000] {dagbag.py:545} INFO - Filling up the DagBag from /opt/airflow/dags/checks.py
[2026-03-21T02:02:23.228+0000] {logging_mixin.py:188} INFO - [2026-03-21T02:02:23.223+0000] {dagbag.py:355} ERROR - Failed to import: /opt/airflow/dags/checks.py
Traceback (most recent call last):
  File "/home/airflow/.local/lib/python3.11/site-packages/airflow/models/dagbag.py", line 351, in parse
    loader.exec_module(new_module)
  File "<frozen importlib._bootstrap_external>", line 940, in exec_module
  File "<frozen importlib._bootstrap>", line 241, in _call_with_frames_removed
  File "/opt/airflow/dags/checks.py", line 4, in <module>
    from airfow.operators.python import PythonOperator
ModuleNotFoundError: No module named 'airfow'
[2026-03-21T02:02:23.229+0000] {processor.py:842} WARNING - No viable dags retrieved from /opt/airflow/dags/checks.py
[2026-03-21T02:02:23.245+0000] {processor.py:183} INFO - Processing /opt/airflow/dags/checks.py took 0.294 seconds
[2026-03-21T02:02:53.414+0000] {processor.py:161} INFO - Started process (PID=97) to work on /opt/airflow/dags/checks.py
[2026-03-21T02:02:53.415+0000] {processor.py:830} INFO - Processing file /opt/airflow/dags/checks.py for tasks to queue
[2026-03-21T02:02:53.417+0000] {logging_mixin.py:188} INFO - [2026-03-21T02:02:53.416+0000] {dagbag.py:545} INFO - Filling up the DagBag from /opt/airflow/dags/checks.py
[2026-03-21T02:02:53.738+0000] {logging_mixin.py:188} INFO - [2026-03-21T02:02:53.734+0000] {dagbag.py:355} ERROR - Failed to import: /opt/airflow/dags/checks.py
Traceback (most recent call last):
  File "/home/airflow/.local/lib/python3.11/site-packages/airflow/models/dagbag.py", line 351, in parse
    loader.exec_module(new_module)
  File "<frozen importlib._bootstrap_external>", line 940, in exec_module
  File "<frozen importlib._bootstrap>", line 241, in _call_with_frames_removed
  File "/opt/airflow/dags/checks.py", line 4, in <module>
    from airfow.operators.python import PythonOperator
ModuleNotFoundError: No module named 'airfow'
[2026-03-21T02:02:53.740+0000] {processor.py:842} WARNING - No viable dags retrieved from /opt/airflow/dags/checks.py
[2026-03-21T02:02:53.767+0000] {processor.py:183} INFO - Processing /opt/airflow/dags/checks.py took 0.360 seconds
[2026-03-21T02:03:23.886+0000] {processor.py:161} INFO - Started process (PID=99) to work on /opt/airflow/dags/checks.py
[2026-03-21T02:03:23.887+0000] {processor.py:830} INFO - Processing file /opt/airflow/dags/checks.py for tasks to queue
[2026-03-21T02:03:23.889+0000] {logging_mixin.py:188} INFO - [2026-03-21T02:03:23.888+0000] {dagbag.py:545} INFO - Filling up the DagBag from /opt/airflow/dags/checks.py
[2026-03-21T02:03:24.177+0000] {logging_mixin.py:188} INFO - [2026-03-21T02:03:24.172+0000] {dagbag.py:355} ERROR - Failed to import: /opt/airflow/dags/checks.py
Traceback (most recent call last):
  File "/home/airflow/.local/lib/python3.11/site-packages/airflow/models/dagbag.py", line 351, in parse
    loader.exec_module(new_module)
  File "<frozen importlib._bootstrap_external>", line 940, in exec_module
  File "<frozen importlib._bootstrap>", line 241, in _call_with_frames_removed
  File "/opt/airflow/dags/checks.py", line 4, in <module>
    from airfow.operators.python import PythonOperator
ModuleNotFoundError: No module named 'airfow'
[2026-03-21T02:03:24.178+0000] {processor.py:842} WARNING - No viable dags retrieved from /opt/airflow/dags/checks.py
[2026-03-21T02:03:24.198+0000] {processor.py:183} INFO - Processing /opt/airflow/dags/checks.py took 0.319 seconds
[2026-03-21T02:03:54.362+0000] {processor.py:161} INFO - Started process (PID=101) to work on /opt/airflow/dags/checks.py
[2026-03-21T02:03:54.363+0000] {processor.py:830} INFO - Processing file /opt/airflow/dags/checks.py for tasks to queue
[2026-03-21T02:03:54.365+0000] {logging_mixin.py:188} INFO - [2026-03-21T02:03:54.365+0000] {dagbag.py:545} INFO - Filling up the DagBag from /opt/airflow/dags/checks.py
[2026-03-21T02:03:54.656+0000] {logging_mixin.py:188} INFO - [2026-03-21T02:03:54.652+0000] {dagbag.py:355} ERROR - Failed to import: /opt/airflow/dags/checks.py
Traceback (most recent call last):
  File "/home/airflow/.local/lib/python3.11/site-packages/airflow/models/dagbag.py", line 351, in parse
    loader.exec_module(new_module)
  File "<frozen importlib._bootstrap_external>", line 940, in exec_module
  File "<frozen importlib._bootstrap>", line 241, in _call_with_frames_removed
  File "/opt/airflow/dags/checks.py", line 4, in <module>
    from airfow.operators.python import PythonOperator
ModuleNotFoundError: No module named 'airfow'
[2026-03-21T02:03:54.658+0000] {processor.py:842} WARNING - No viable dags retrieved from /opt/airflow/dags/checks.py
[2026-03-21T02:03:54.677+0000] {processor.py:183} INFO - Processing /opt/airflow/dags/checks.py took 0.322 seconds
[2026-03-21T02:04:24.870+0000] {processor.py:161} INFO - Started process (PID=103) to work on /opt/airflow/dags/checks.py
[2026-03-21T02:04:24.872+0000] {processor.py:830} INFO - Processing file /opt/airflow/dags/checks.py for tasks to queue
[2026-03-21T02:04:24.873+0000] {logging_mixin.py:188} INFO - [2026-03-21T02:04:24.873+0000] {dagbag.py:545} INFO - Filling up the DagBag from /opt/airflow/dags/checks.py
[2026-03-21T02:04:25.140+0000] {logging_mixin.py:188} INFO - [2026-03-21T02:04:25.134+0000] {dagbag.py:355} ERROR - Failed to import: /opt/airflow/dags/checks.py
Traceback (most recent call last):
  File "/home/airflow/.local/lib/python3.11/site-packages/airflow/models/dagbag.py", line 351, in parse
    loader.exec_module(new_module)
  File "<frozen importlib._bootstrap_external>", line 940, in exec_module
  File "<frozen importlib._bootstrap>", line 241, in _call_with_frames_removed
  File "/opt/airflow/dags/checks.py", line 4, in <module>
    from airfow.operators.python import PythonOperator
ModuleNotFoundError: No module named 'airfow'
[2026-03-21T02:04:25.142+0000] {processor.py:842} WARNING - No viable dags retrieved from /opt/airflow/dags/checks.py
[2026-03-21T02:04:25.162+0000] {processor.py:183} INFO - Processing /opt/airflow/dags/checks.py took 0.298 seconds
[2026-03-21T02:04:55.358+0000] {processor.py:161} INFO - Started process (PID=105) to work on /opt/airflow/dags/checks.py
[2026-03-21T02:04:55.359+0000] {processor.py:830} INFO - Processing file /opt/airflow/dags/checks.py for tasks to queue
[2026-03-21T02:04:55.362+0000] {logging_mixin.py:188} INFO - [2026-03-21T02:04:55.362+0000] {dagbag.py:545} INFO - Filling up the DagBag from /opt/airflow/dags/checks.py
[2026-03-21T02:04:55.643+0000] {logging_mixin.py:188} INFO - [2026-03-21T02:04:55.637+0000] {dagbag.py:355} ERROR - Failed to import: /opt/airflow/dags/checks.py
Traceback (most recent call last):
  File "/home/airflow/.local/lib/python3.11/site-packages/airflow/models/dagbag.py", line 351, in parse
    loader.exec_module(new_module)
  File "<frozen importlib._bootstrap_external>", line 940, in exec_module
  File "<frozen importlib._bootstrap>", line 241, in _call_with_frames_removed
  File "/opt/airflow/dags/checks.py", line 4, in <module>
    from airfow.operators.python import PythonOperator
ModuleNotFoundError: No module named 'airfow'
[2026-03-21T02:04:55.644+0000] {processor.py:842} WARNING - No viable dags retrieved from /opt/airflow/dags/checks.py
[2026-03-21T02:04:55.667+0000] {processor.py:183} INFO - Processing /opt/airflow/dags/checks.py took 0.315 seconds
[2026-03-21T02:05:25.844+0000] {processor.py:161} INFO - Started process (PID=107) to work on /opt/airflow/dags/checks.py
[2026-03-21T02:05:25.845+0000] {processor.py:830} INFO - Processing file /opt/airflow/dags/checks.py for tasks to queue
[2026-03-21T02:05:25.847+0000] {logging_mixin.py:188} INFO - [2026-03-21T02:05:25.846+0000] {dagbag.py:545} INFO - Filling up the DagBag from /opt/airflow/dags/checks.py
[2026-03-21T02:05:26.113+0000] {logging_mixin.py:188} INFO - [2026-03-21T02:05:26.109+0000] {dagbag.py:355} ERROR - Failed to import: /opt/airflow/dags/checks.py
Traceback (most recent call last):
  File "/home/airflow/.local/lib/python3.11/site-packages/airflow/models/dagbag.py", line 351, in parse
    loader.exec_module(new_module)
  File "<frozen importlib._bootstrap_external>", line 940, in exec_module
  File "<frozen importlib._bootstrap>", line 241, in _call_with_frames_removed
  File "/opt/airflow/dags/checks.py", line 4, in <module>
    from airfow.operators.python import PythonOperator
ModuleNotFoundError: No module named 'airfow'
[2026-03-21T02:05:26.114+0000] {processor.py:842} WARNING - No viable dags retrieved from /opt/airflow/dags/checks.py
[2026-03-21T02:05:26.138+0000] {processor.py:183} INFO - Processing /opt/airflow/dags/checks.py took 0.300 seconds
[2026-03-21T02:05:56.332+0000] {processor.py:161} INFO - Started process (PID=109) to work on /opt/airflow/dags/checks.py
[2026-03-21T02:05:56.333+0000] {processor.py:830} INFO - Processing file /opt/airflow/dags/checks.py for tasks to queue
[2026-03-21T02:05:56.335+0000] {logging_mixin.py:188} INFO - [2026-03-21T02:05:56.335+0000] {dagbag.py:545} INFO - Filling up the DagBag from /opt/airflow/dags/checks.py
[2026-03-21T02:05:56.604+0000] {logging_mixin.py:188} INFO - [2026-03-21T02:05:56.600+0000] {dagbag.py:355} ERROR - Failed to import: /opt/airflow/dags/checks.py
Traceback (most recent call last):
  File "/home/airflow/.local/lib/python3.11/site-packages/airflow/models/dagbag.py", line 351, in parse
    loader.exec_module(new_module)
  File "<frozen importlib._bootstrap_external>", line 940, in exec_module
  File "<frozen importlib._bootstrap>", line 241, in _call_with_frames_removed
  File "/opt/airflow/dags/checks.py", line 4, in <module>
    from airfow.operators.python import PythonOperator
ModuleNotFoundError: No module named 'airfow'
[2026-03-21T02:05:56.605+0000] {processor.py:842} WARNING - No viable dags retrieved from /opt/airflow/dags/checks.py
[2026-03-21T02:05:56.625+0000] {processor.py:183} INFO - Processing /opt/airflow/dags/checks.py took 0.299 seconds
[2026-03-21T02:06:26.815+0000] {processor.py:161} INFO - Started process (PID=111) to work on /opt/airflow/dags/checks.py
[2026-03-21T02:06:26.816+0000] {processor.py:830} INFO - Processing file /opt/airflow/dags/checks.py for tasks to queue
[2026-03-21T02:06:26.818+0000] {logging_mixin.py:188} INFO - [2026-03-21T02:06:26.818+0000] {dagbag.py:545} INFO - Filling up the DagBag from /opt/airflow/dags/checks.py
[2026-03-21T02:06:27.083+0000] {logging_mixin.py:188} INFO - [2026-03-21T02:06:27.078+0000] {dagbag.py:355} ERROR - Failed to import: /opt/airflow/dags/checks.py
Traceback (most recent call last):
  File "/home/airflow/.local/lib/python3.11/site-packages/airflow/models/dagbag.py", line 351, in parse
    loader.exec_module(new_module)
  File "<frozen importlib._bootstrap_external>", line 940, in exec_module
  File "<frozen importlib._bootstrap>", line 241, in _call_with_frames_removed
  File "/opt/airflow/dags/checks.py", line 4, in <module>
    from airfow.operators.python import PythonOperator
ModuleNotFoundError: No module named 'airfow'
[2026-03-21T02:06:27.084+0000] {processor.py:842} WARNING - No viable dags retrieved from /opt/airflow/dags/checks.py
[2026-03-21T02:06:27.103+0000] {processor.py:183} INFO - Processing /opt/airflow/dags/checks.py took 0.295 seconds
[2026-03-21T02:06:57.314+0000] {processor.py:161} INFO - Started process (PID=113) to work on /opt/airflow/dags/checks.py
[2026-03-21T02:06:57.315+0000] {processor.py:830} INFO - Processing file /opt/airflow/dags/checks.py for tasks to queue
[2026-03-21T02:06:57.318+0000] {logging_mixin.py:188} INFO - [2026-03-21T02:06:57.317+0000] {dagbag.py:545} INFO - Filling up the DagBag from /opt/airflow/dags/checks.py
[2026-03-21T02:06:57.590+0000] {logging_mixin.py:188} INFO - [2026-03-21T02:06:57.584+0000] {dagbag.py:355} ERROR - Failed to import: /opt/airflow/dags/checks.py
Traceback (most recent call last):
  File "/home/airflow/.local/lib/python3.11/site-packages/airflow/models/dagbag.py", line 351, in parse
    loader.exec_module(new_module)
  File "<frozen importlib._bootstrap_external>", line 940, in exec_module
  File "<frozen importlib._bootstrap>", line 241, in _call_with_frames_removed
  File "/opt/airflow/dags/checks.py", line 4, in <module>
    from airfow.operators.python import PythonOperator
ModuleNotFoundError: No module named 'airfow'
[2026-03-21T02:06:57.592+0000] {processor.py:842} WARNING - No viable dags retrieved from /opt/airflow/dags/checks.py
[2026-03-21T02:06:57.611+0000] {processor.py:183} INFO - Processing /opt/airflow/dags/checks.py took 0.302 seconds
[2026-03-21T02:07:27.799+0000] {processor.py:161} INFO - Started process (PID=115) to work on /opt/airflow/dags/checks.py
[2026-03-21T02:07:27.800+0000] {processor.py:830} INFO - Processing file /opt/airflow/dags/checks.py for tasks to queue
[2026-03-21T02:07:27.802+0000] {logging_mixin.py:188} INFO - [2026-03-21T02:07:27.802+0000] {dagbag.py:545} INFO - Filling up the DagBag from /opt/airflow/dags/checks.py
[2026-03-21T02:07:28.068+0000] {logging_mixin.py:188} INFO - [2026-03-21T02:07:28.063+0000] {dagbag.py:355} ERROR - Failed to import: /opt/airflow/dags/checks.py
Traceback (most recent call last):
  File "/home/airflow/.local/lib/python3.11/site-packages/airflow/models/dagbag.py", line 351, in parse
    loader.exec_module(new_module)
  File "<frozen importlib._bootstrap_external>", line 940, in exec_module
  File "<frozen importlib._bootstrap>", line 241, in _call_with_frames_removed
  File "/opt/airflow/dags/checks.py", line 4, in <module>
    from airfow.operators.python import PythonOperator
ModuleNotFoundError: No module named 'airfow'
[2026-03-21T02:07:28.069+0000] {processor.py:842} WARNING - No viable dags retrieved from /opt/airflow/dags/checks.py
[2026-03-21T02:07:28.091+0000] {processor.py:183} INFO - Processing /opt/airflow/dags/checks.py took 0.298 seconds
[2026-03-21T02:07:58.296+0000] {processor.py:161} INFO - Started process (PID=117) to work on /opt/airflow/dags/checks.py
[2026-03-21T02:07:58.297+0000] {processor.py:830} INFO - Processing file /opt/airflow/dags/checks.py for tasks to queue
[2026-03-21T02:07:58.299+0000] {logging_mixin.py:188} INFO - [2026-03-21T02:07:58.298+0000] {dagbag.py:545} INFO - Filling up the DagBag from /opt/airflow/dags/checks.py
[2026-03-21T02:07:58.578+0000] {logging_mixin.py:188} INFO - [2026-03-21T02:07:58.573+0000] {dagbag.py:355} ERROR - Failed to import: /opt/airflow/dags/checks.py
Traceback (most recent call last):
  File "/home/airflow/.local/lib/python3.11/site-packages/airflow/models/dagbag.py", line 351, in parse
    loader.exec_module(new_module)
  File "<frozen importlib._bootstrap_external>", line 940, in exec_module
  File "<frozen importlib._bootstrap>", line 241, in _call_with_frames_removed
  File "/opt/airflow/dags/checks.py", line 4, in <module>
    from airfow.operators.python import PythonOperator
ModuleNotFoundError: No module named 'airfow'
[2026-03-21T02:07:58.579+0000] {processor.py:842} WARNING - No viable dags retrieved from /opt/airflow/dags/checks.py
[2026-03-21T02:07:58.600+0000] {processor.py:183} INFO - Processing /opt/airflow/dags/checks.py took 0.311 seconds
[2026-03-21T02:08:28.800+0000] {processor.py:161} INFO - Started process (PID=119) to work on /opt/airflow/dags/checks.py
[2026-03-21T02:08:28.801+0000] {processor.py:830} INFO - Processing file /opt/airflow/dags/checks.py for tasks to queue
[2026-03-21T02:08:28.803+0000] {logging_mixin.py:188} INFO - [2026-03-21T02:08:28.803+0000] {dagbag.py:545} INFO - Filling up the DagBag from /opt/airflow/dags/checks.py
[2026-03-21T02:08:29.072+0000] {logging_mixin.py:188} INFO - [2026-03-21T02:08:29.067+0000] {dagbag.py:355} ERROR - Failed to import: /opt/airflow/dags/checks.py
Traceback (most recent call last):
  File "/home/airflow/.local/lib/python3.11/site-packages/airflow/models/dagbag.py", line 351, in parse
    loader.exec_module(new_module)
  File "<frozen importlib._bootstrap_external>", line 940, in exec_module
  File "<frozen importlib._bootstrap>", line 241, in _call_with_frames_removed
  File "/opt/airflow/dags/checks.py", line 4, in <module>
    from airfow.operators.python import PythonOperator
ModuleNotFoundError: No module named 'airfow'
[2026-03-21T02:08:29.073+0000] {processor.py:842} WARNING - No viable dags retrieved from /opt/airflow/dags/checks.py
[2026-03-21T02:08:29.089+0000] {processor.py:183} INFO - Processing /opt/airflow/dags/checks.py took 0.297 seconds
[2026-03-21T02:08:59.279+0000] {processor.py:161} INFO - Started process (PID=121) to work on /opt/airflow/dags/checks.py
[2026-03-21T02:08:59.280+0000] {processor.py:830} INFO - Processing file /opt/airflow/dags/checks.py for tasks to queue
[2026-03-21T02:08:59.282+0000] {logging_mixin.py:188} INFO - [2026-03-21T02:08:59.281+0000] {dagbag.py:545} INFO - Filling up the DagBag from /opt/airflow/dags/checks.py
[2026-03-21T02:08:59.585+0000] {logging_mixin.py:188} INFO - [2026-03-21T02:08:59.582+0000] {dagbag.py:355} ERROR - Failed to import: /opt/airflow/dags/checks.py
Traceback (most recent call last):
  File "/home/airflow/.local/lib/python3.11/site-packages/airflow/models/dagbag.py", line 351, in parse
    loader.exec_module(new_module)
  File "<frozen importlib._bootstrap_external>", line 940, in exec_module
  File "<frozen importlib._bootstrap>", line 241, in _call_with_frames_removed
  File "/opt/airflow/dags/checks.py", line 4, in <module>
    from airfow.operators.python import PythonOperator
ModuleNotFoundError: No module named 'airfow'
[2026-03-21T02:08:59.587+0000] {processor.py:842} WARNING - No viable dags retrieved from /opt/airflow/dags/checks.py
[2026-03-21T02:08:59.602+0000] {processor.py:183} INFO - Processing /opt/airflow/dags/checks.py took 0.331 seconds
[2026-03-21T02:09:29.750+0000] {processor.py:161} INFO - Started process (PID=123) to work on /opt/airflow/dags/checks.py
[2026-03-21T02:09:29.751+0000] {processor.py:830} INFO - Processing file /opt/airflow/dags/checks.py for tasks to queue
[2026-03-21T02:09:29.753+0000] {logging_mixin.py:188} INFO - [2026-03-21T02:09:29.753+0000] {dagbag.py:545} INFO - Filling up the DagBag from /opt/airflow/dags/checks.py
[2026-03-21T02:09:30.019+0000] {logging_mixin.py:188} INFO - [2026-03-21T02:09:30.014+0000] {dagbag.py:355} ERROR - Failed to import: /opt/airflow/dags/checks.py
Traceback (most recent call last):
  File "/home/airflow/.local/lib/python3.11/site-packages/airflow/models/dagbag.py", line 351, in parse
    loader.exec_module(new_module)
  File "<frozen importlib._bootstrap_external>", line 940, in exec_module
  File "<frozen importlib._bootstrap>", line 241, in _call_with_frames_removed
  File "/opt/airflow/dags/checks.py", line 4, in <module>
    from airfow.operators.python import PythonOperator
ModuleNotFoundError: No module named 'airfow'
[2026-03-21T02:09:30.020+0000] {processor.py:842} WARNING - No viable dags retrieved from /opt/airflow/dags/checks.py
[2026-03-21T02:09:30.036+0000] {processor.py:183} INFO - Processing /opt/airflow/dags/checks.py took 0.292 seconds
[2026-03-21T02:10:00.239+0000] {processor.py:161} INFO - Started process (PID=125) to work on /opt/airflow/dags/checks.py
[2026-03-21T02:10:00.240+0000] {processor.py:830} INFO - Processing file /opt/airflow/dags/checks.py for tasks to queue
[2026-03-21T02:10:00.242+0000] {logging_mixin.py:188} INFO - [2026-03-21T02:10:00.241+0000] {dagbag.py:545} INFO - Filling up the DagBag from /opt/airflow/dags/checks.py
[2026-03-21T02:10:00.507+0000] {logging_mixin.py:188} INFO - [2026-03-21T02:10:00.502+0000] {dagbag.py:355} ERROR - Failed to import: /opt/airflow/dags/checks.py
Traceback (most recent call last):
  File "/home/airflow/.local/lib/python3.11/site-packages/airflow/models/dagbag.py", line 351, in parse
    loader.exec_module(new_module)
  File "<frozen importlib._bootstrap_external>", line 940, in exec_module
  File "<frozen importlib._bootstrap>", line 241, in _call_with_frames_removed
  File "/opt/airflow/dags/checks.py", line 4, in <module>
    from airfow.operators.python import PythonOperator
ModuleNotFoundError: No module named 'airfow'
[2026-03-21T02:10:00.508+0000] {processor.py:842} WARNING - No viable dags retrieved from /opt/airflow/dags/checks.py
[2026-03-21T02:10:00.528+0000] {processor.py:183} INFO - Processing /opt/airflow/dags/checks.py took 0.295 seconds
[2026-03-21T02:10:30.727+0000] {processor.py:161} INFO - Started process (PID=127) to work on /opt/airflow/dags/checks.py
[2026-03-21T02:10:30.728+0000] {processor.py:830} INFO - Processing file /opt/airflow/dags/checks.py for tasks to queue
[2026-03-21T02:10:30.730+0000] {logging_mixin.py:188} INFO - [2026-03-21T02:10:30.730+0000] {dagbag.py:545} INFO - Filling up the DagBag from /opt/airflow/dags/checks.py
[2026-03-21T02:10:30.998+0000] {logging_mixin.py:188} INFO - [2026-03-21T02:10:30.993+0000] {dagbag.py:355} ERROR - Failed to import: /opt/airflow/dags/checks.py
Traceback (most recent call last):
  File "/home/airflow/.local/lib/python3.11/site-packages/airflow/models/dagbag.py", line 351, in parse
    loader.exec_module(new_module)
  File "<frozen importlib._bootstrap_external>", line 940, in exec_module
  File "<frozen importlib._bootstrap>", line 241, in _call_with_frames_removed
  File "/opt/airflow/dags/checks.py", line 4, in <module>
    from airfow.operators.python import PythonOperator
ModuleNotFoundError: No module named 'airfow'
[2026-03-21T02:10:30.999+0000] {processor.py:842} WARNING - No viable dags retrieved from /opt/airflow/dags/checks.py
[2026-03-21T02:10:31.039+0000] {processor.py:183} INFO - Processing /opt/airflow/dags/checks.py took 0.318 seconds
[2026-03-21T02:11:01.217+0000] {processor.py:161} INFO - Started process (PID=129) to work on /opt/airflow/dags/checks.py
[2026-03-21T02:11:01.220+0000] {processor.py:830} INFO - Processing file /opt/airflow/dags/checks.py for tasks to queue
[2026-03-21T02:11:01.224+0000] {logging_mixin.py:188} INFO - [2026-03-21T02:11:01.223+0000] {dagbag.py:545} INFO - Filling up the DagBag from /opt/airflow/dags/checks.py
[2026-03-21T02:11:01.532+0000] {logging_mixin.py:188} INFO - [2026-03-21T02:11:01.528+0000] {dagbag.py:355} ERROR - Failed to import: /opt/airflow/dags/checks.py
Traceback (most recent call last):
  File "/home/airflow/.local/lib/python3.11/site-packages/airflow/models/dagbag.py", line 351, in parse
    loader.exec_module(new_module)
  File "<frozen importlib._bootstrap_external>", line 940, in exec_module
  File "<frozen importlib._bootstrap>", line 241, in _call_with_frames_removed
  File "/opt/airflow/dags/checks.py", line 4, in <module>
    from airfow.operators.python import PythonOperator
ModuleNotFoundError: No module named 'airfow'
[2026-03-21T02:11:01.533+0000] {processor.py:842} WARNING - No viable dags retrieved from /opt/airflow/dags/checks.py
[2026-03-21T02:11:01.577+0000] {processor.py:183} INFO - Processing /opt/airflow/dags/checks.py took 0.372 seconds
[2026-03-21T02:11:31.699+0000] {processor.py:161} INFO - Started process (PID=131) to work on /opt/airflow/dags/checks.py
[2026-03-21T02:11:31.700+0000] {processor.py:830} INFO - Processing file /opt/airflow/dags/checks.py for tasks to queue
[2026-03-21T02:11:31.702+0000] {logging_mixin.py:188} INFO - [2026-03-21T02:11:31.702+0000] {dagbag.py:545} INFO - Filling up the DagBag from /opt/airflow/dags/checks.py
[2026-03-21T02:11:31.973+0000] {logging_mixin.py:188} INFO - [2026-03-21T02:11:31.968+0000] {dagbag.py:355} ERROR - Failed to import: /opt/airflow/dags/checks.py
Traceback (most recent call last):
  File "/home/airflow/.local/lib/python3.11/site-packages/airflow/models/dagbag.py", line 351, in parse
    loader.exec_module(new_module)
  File "<frozen importlib._bootstrap_external>", line 940, in exec_module
  File "<frozen importlib._bootstrap>", line 241, in _call_with_frames_removed
  File "/opt/airflow/dags/checks.py", line 4, in <module>
    from airfow.operators.python import PythonOperator
ModuleNotFoundError: No module named 'airfow'
[2026-03-21T02:11:31.974+0000] {processor.py:842} WARNING - No viable dags retrieved from /opt/airflow/dags/checks.py
[2026-03-21T02:11:31.990+0000] {processor.py:183} INFO - Processing /opt/airflow/dags/checks.py took 0.298 seconds
[2026-03-21T02:12:02.175+0000] {processor.py:161} INFO - Started process (PID=133) to work on /opt/airflow/dags/checks.py
[2026-03-21T02:12:02.176+0000] {processor.py:830} INFO - Processing file /opt/airflow/dags/checks.py for tasks to queue
[2026-03-21T02:12:02.178+0000] {logging_mixin.py:188} INFO - [2026-03-21T02:12:02.178+0000] {dagbag.py:545} INFO - Filling up the DagBag from /opt/airflow/dags/checks.py
[2026-03-21T02:12:02.563+0000] {logging_mixin.py:188} INFO - [2026-03-21T02:12:02.559+0000] {dagbag.py:355} ERROR - Failed to import: /opt/airflow/dags/checks.py
Traceback (most recent call last):
  File "/home/airflow/.local/lib/python3.11/site-packages/airflow/models/dagbag.py", line 351, in parse
    loader.exec_module(new_module)
  File "<frozen importlib._bootstrap_external>", line 940, in exec_module
  File "<frozen importlib._bootstrap>", line 241, in _call_with_frames_removed
  File "/opt/airflow/dags/checks.py", line 4, in <module>
    from airfow.operators.python import PythonOperator
ModuleNotFoundError: No module named 'airfow'
[2026-03-21T02:12:02.564+0000] {processor.py:842} WARNING - No viable dags retrieved from /opt/airflow/dags/checks.py
[2026-03-21T02:12:02.586+0000] {processor.py:183} INFO - Processing /opt/airflow/dags/checks.py took 0.417 seconds
[2026-03-21T02:12:32.747+0000] {processor.py:161} INFO - Started process (PID=135) to work on /opt/airflow/dags/checks.py
[2026-03-21T02:12:32.748+0000] {processor.py:830} INFO - Processing file /opt/airflow/dags/checks.py for tasks to queue
[2026-03-21T02:12:32.750+0000] {logging_mixin.py:188} INFO - [2026-03-21T02:12:32.750+0000] {dagbag.py:545} INFO - Filling up the DagBag from /opt/airflow/dags/checks.py
[2026-03-21T02:12:33.024+0000] {logging_mixin.py:188} INFO - [2026-03-21T02:12:33.019+0000] {dagbag.py:355} ERROR - Failed to import: /opt/airflow/dags/checks.py
Traceback (most recent call last):
  File "/home/airflow/.local/lib/python3.11/site-packages/airflow/models/dagbag.py", line 351, in parse
    loader.exec_module(new_module)
  File "<frozen importlib._bootstrap_external>", line 940, in exec_module
  File "<frozen importlib._bootstrap>", line 241, in _call_with_frames_removed
  File "/opt/airflow/dags/checks.py", line 4, in <module>
    from airfow.operators.python import PythonOperator
ModuleNotFoundError: No module named 'airfow'
[2026-03-21T02:12:33.025+0000] {processor.py:842} WARNING - No viable dags retrieved from /opt/airflow/dags/checks.py
[2026-03-21T02:12:33.040+0000] {processor.py:183} INFO - Processing /opt/airflow/dags/checks.py took 0.299 seconds
[2026-03-21T02:13:03.234+0000] {processor.py:161} INFO - Started process (PID=137) to work on /opt/airflow/dags/checks.py
[2026-03-21T02:13:03.236+0000] {processor.py:830} INFO - Processing file /opt/airflow/dags/checks.py for tasks to queue
[2026-03-21T02:13:03.238+0000] {logging_mixin.py:188} INFO - [2026-03-21T02:13:03.238+0000] {dagbag.py:545} INFO - Filling up the DagBag from /opt/airflow/dags/checks.py
[2026-03-21T02:13:03.515+0000] {logging_mixin.py:188} INFO - [2026-03-21T02:13:03.511+0000] {dagbag.py:355} ERROR - Failed to import: /opt/airflow/dags/checks.py
Traceback (most recent call last):
  File "/home/airflow/.local/lib/python3.11/site-packages/airflow/models/dagbag.py", line 351, in parse
    loader.exec_module(new_module)
  File "<frozen importlib._bootstrap_external>", line 940, in exec_module
  File "<frozen importlib._bootstrap>", line 241, in _call_with_frames_removed
  File "/opt/airflow/dags/checks.py", line 4, in <module>
    from airfow.operators.python import PythonOperator
ModuleNotFoundError: No module named 'airfow'
[2026-03-21T02:13:03.516+0000] {processor.py:842} WARNING - No viable dags retrieved from /opt/airflow/dags/checks.py
[2026-03-21T02:13:03.536+0000] {processor.py:183} INFO - Processing /opt/airflow/dags/checks.py took 0.308 seconds
[2026-03-21T02:13:33.711+0000] {processor.py:161} INFO - Started process (PID=139) to work on /opt/airflow/dags/checks.py
[2026-03-21T02:13:33.712+0000] {processor.py:830} INFO - Processing file /opt/airflow/dags/checks.py for tasks to queue
[2026-03-21T02:13:33.715+0000] {logging_mixin.py:188} INFO - [2026-03-21T02:13:33.714+0000] {dagbag.py:545} INFO - Filling up the DagBag from /opt/airflow/dags/checks.py
[2026-03-21T02:13:34.003+0000] {logging_mixin.py:188} INFO - [2026-03-21T02:13:33.998+0000] {dagbag.py:355} ERROR - Failed to import: /opt/airflow/dags/checks.py
Traceback (most recent call last):
  File "/home/airflow/.local/lib/python3.11/site-packages/airflow/models/dagbag.py", line 351, in parse
    loader.exec_module(new_module)
  File "<frozen importlib._bootstrap_external>", line 940, in exec_module
  File "<frozen importlib._bootstrap>", line 241, in _call_with_frames_removed
  File "/opt/airflow/dags/checks.py", line 4, in <module>
    from airfow.operators.python import PythonOperator
ModuleNotFoundError: No module named 'airfow'
[2026-03-21T02:13:34.004+0000] {processor.py:842} WARNING - No viable dags retrieved from /opt/airflow/dags/checks.py
[2026-03-21T02:13:34.028+0000] {processor.py:183} INFO - Processing /opt/airflow/dags/checks.py took 0.323 seconds
[2026-03-21T02:14:04.197+0000] {processor.py:161} INFO - Started process (PID=141) to work on /opt/airflow/dags/checks.py
[2026-03-21T02:14:04.198+0000] {processor.py:830} INFO - Processing file /opt/airflow/dags/checks.py for tasks to queue
[2026-03-21T02:14:04.200+0000] {logging_mixin.py:188} INFO - [2026-03-21T02:14:04.199+0000] {dagbag.py:545} INFO - Filling up the DagBag from /opt/airflow/dags/checks.py
[2026-03-21T02:14:04.466+0000] {logging_mixin.py:188} INFO - [2026-03-21T02:14:04.462+0000] {dagbag.py:355} ERROR - Failed to import: /opt/airflow/dags/checks.py
Traceback (most recent call last):
  File "/home/airflow/.local/lib/python3.11/site-packages/airflow/models/dagbag.py", line 351, in parse
    loader.exec_module(new_module)
  File "<frozen importlib._bootstrap_external>", line 940, in exec_module
  File "<frozen importlib._bootstrap>", line 241, in _call_with_frames_removed
  File "/opt/airflow/dags/checks.py", line 4, in <module>
    from airfow.operators.python import PythonOperator
ModuleNotFoundError: No module named 'airfow'
[2026-03-21T02:14:04.467+0000] {processor.py:842} WARNING - No viable dags retrieved from /opt/airflow/dags/checks.py
[2026-03-21T02:14:04.483+0000] {processor.py:183} INFO - Processing /opt/airflow/dags/checks.py took 0.293 seconds
[2026-03-21T02:14:34.685+0000] {processor.py:161} INFO - Started process (PID=143) to work on /opt/airflow/dags/checks.py
[2026-03-21T02:14:34.688+0000] {processor.py:830} INFO - Processing file /opt/airflow/dags/checks.py for tasks to queue
[2026-03-21T02:14:34.693+0000] {logging_mixin.py:188} INFO - [2026-03-21T02:14:34.692+0000] {dagbag.py:545} INFO - Filling up the DagBag from /opt/airflow/dags/checks.py
[2026-03-21T02:14:35.003+0000] {logging_mixin.py:188} INFO - [2026-03-21T02:14:34.998+0000] {dagbag.py:355} ERROR - Failed to import: /opt/airflow/dags/checks.py
Traceback (most recent call last):
  File "/home/airflow/.local/lib/python3.11/site-packages/airflow/models/dagbag.py", line 351, in parse
    loader.exec_module(new_module)
  File "<frozen importlib._bootstrap_external>", line 940, in exec_module
  File "<frozen importlib._bootstrap>", line 241, in _call_with_frames_removed
  File "/opt/airflow/dags/checks.py", line 4, in <module>
    from airfow.operators.python import PythonOperator
ModuleNotFoundError: No module named 'airfow'
[2026-03-21T02:14:35.004+0000] {processor.py:842} WARNING - No viable dags retrieved from /opt/airflow/dags/checks.py
[2026-03-21T02:14:35.025+0000] {processor.py:183} INFO - Processing /opt/airflow/dags/checks.py took 0.350 seconds
[2026-03-21T02:15:05.175+0000] {processor.py:161} INFO - Started process (PID=145) to work on /opt/airflow/dags/checks.py
[2026-03-21T02:15:05.176+0000] {processor.py:830} INFO - Processing file /opt/airflow/dags/checks.py for tasks to queue
[2026-03-21T02:15:05.179+0000] {logging_mixin.py:188} INFO - [2026-03-21T02:15:05.179+0000] {dagbag.py:545} INFO - Filling up the DagBag from /opt/airflow/dags/checks.py
[2026-03-21T02:15:05.467+0000] {logging_mixin.py:188} INFO - [2026-03-21T02:15:05.463+0000] {dagbag.py:355} ERROR - Failed to import: /opt/airflow/dags/checks.py
Traceback (most recent call last):
  File "/home/airflow/.local/lib/python3.11/site-packages/airflow/models/dagbag.py", line 351, in parse
    loader.exec_module(new_module)
  File "<frozen importlib._bootstrap_external>", line 940, in exec_module
  File "<frozen importlib._bootstrap>", line 241, in _call_with_frames_removed
  File "/opt/airflow/dags/checks.py", line 4, in <module>
    from airfow.operators.python import PythonOperator
ModuleNotFoundError: No module named 'airfow'
[2026-03-21T02:15:05.468+0000] {processor.py:842} WARNING - No viable dags retrieved from /opt/airflow/dags/checks.py
[2026-03-21T02:15:05.487+0000] {processor.py:183} INFO - Processing /opt/airflow/dags/checks.py took 0.319 seconds
[2026-03-21T02:15:35.657+0000] {processor.py:161} INFO - Started process (PID=147) to work on /opt/airflow/dags/checks.py
[2026-03-21T02:15:35.658+0000] {processor.py:830} INFO - Processing file /opt/airflow/dags/checks.py for tasks to queue
[2026-03-21T02:15:35.660+0000] {logging_mixin.py:188} INFO - [2026-03-21T02:15:35.660+0000] {dagbag.py:545} INFO - Filling up the DagBag from /opt/airflow/dags/checks.py
[2026-03-21T02:15:35.925+0000] {logging_mixin.py:188} INFO - [2026-03-21T02:15:35.921+0000] {dagbag.py:355} ERROR - Failed to import: /opt/airflow/dags/checks.py
Traceback (most recent call last):
  File "/home/airflow/.local/lib/python3.11/site-packages/airflow/models/dagbag.py", line 351, in parse
    loader.exec_module(new_module)
  File "<frozen importlib._bootstrap_external>", line 940, in exec_module
  File "<frozen importlib._bootstrap>", line 241, in _call_with_frames_removed
  File "/opt/airflow/dags/checks.py", line 4, in <module>
    from airfow.operators.python import PythonOperator
ModuleNotFoundError: No module named 'airfow'
[2026-03-21T02:15:35.927+0000] {processor.py:842} WARNING - No viable dags retrieved from /opt/airflow/dags/checks.py
[2026-03-21T02:15:35.947+0000] {processor.py:183} INFO - Processing /opt/airflow/dags/checks.py took 0.296 seconds
[2026-03-21T02:16:06.147+0000] {processor.py:161} INFO - Started process (PID=149) to work on /opt/airflow/dags/checks.py
[2026-03-21T02:16:06.148+0000] {processor.py:830} INFO - Processing file /opt/airflow/dags/checks.py for tasks to queue
[2026-03-21T02:16:06.151+0000] {logging_mixin.py:188} INFO - [2026-03-21T02:16:06.150+0000] {dagbag.py:545} INFO - Filling up the DagBag from /opt/airflow/dags/checks.py
[2026-03-21T02:16:06.428+0000] {logging_mixin.py:188} INFO - [2026-03-21T02:16:06.424+0000] {dagbag.py:355} ERROR - Failed to import: /opt/airflow/dags/checks.py
Traceback (most recent call last):
  File "/home/airflow/.local/lib/python3.11/site-packages/airflow/models/dagbag.py", line 351, in parse
    loader.exec_module(new_module)
  File "<frozen importlib._bootstrap_external>", line 940, in exec_module
  File "<frozen importlib._bootstrap>", line 241, in _call_with_frames_removed
  File "/opt/airflow/dags/checks.py", line 4, in <module>
    from airfow.operators.python import PythonOperator
ModuleNotFoundError: No module named 'airfow'
[2026-03-21T02:16:06.430+0000] {processor.py:842} WARNING - No viable dags retrieved from /opt/airflow/dags/checks.py
[2026-03-21T02:16:06.451+0000] {processor.py:183} INFO - Processing /opt/airflow/dags/checks.py took 0.311 seconds
[2026-03-21T02:16:36.629+0000] {processor.py:161} INFO - Started process (PID=151) to work on /opt/airflow/dags/checks.py
[2026-03-21T02:16:36.630+0000] {processor.py:830} INFO - Processing file /opt/airflow/dags/checks.py for tasks to queue
[2026-03-21T02:16:36.632+0000] {logging_mixin.py:188} INFO - [2026-03-21T02:16:36.632+0000] {dagbag.py:545} INFO - Filling up the DagBag from /opt/airflow/dags/checks.py
[2026-03-21T02:16:36.896+0000] {logging_mixin.py:188} INFO - [2026-03-21T02:16:36.891+0000] {dagbag.py:355} ERROR - Failed to import: /opt/airflow/dags/checks.py
Traceback (most recent call last):
  File "/home/airflow/.local/lib/python3.11/site-packages/airflow/models/dagbag.py", line 351, in parse
    loader.exec_module(new_module)
  File "<frozen importlib._bootstrap_external>", line 940, in exec_module
  File "<frozen importlib._bootstrap>", line 241, in _call_with_frames_removed
  File "/opt/airflow/dags/checks.py", line 4, in <module>
    from airfow.operators.python import PythonOperator
ModuleNotFoundError: No module named 'airfow'
[2026-03-21T02:16:36.897+0000] {processor.py:842} WARNING - No viable dags retrieved from /opt/airflow/dags/checks.py
[2026-03-21T02:16:36.917+0000] {processor.py:183} INFO - Processing /opt/airflow/dags/checks.py took 0.294 seconds
[2026-03-21T02:17:07.104+0000] {processor.py:161} INFO - Started process (PID=153) to work on /opt/airflow/dags/checks.py
[2026-03-21T02:17:07.105+0000] {processor.py:830} INFO - Processing file /opt/airflow/dags/checks.py for tasks to queue
[2026-03-21T02:17:07.108+0000] {logging_mixin.py:188} INFO - [2026-03-21T02:17:07.107+0000] {dagbag.py:545} INFO - Filling up the DagBag from /opt/airflow/dags/checks.py
[2026-03-21T02:17:07.415+0000] {logging_mixin.py:188} INFO - [2026-03-21T02:17:07.411+0000] {dagbag.py:355} ERROR - Failed to import: /opt/airflow/dags/checks.py
Traceback (most recent call last):
  File "/home/airflow/.local/lib/python3.11/site-packages/airflow/models/dagbag.py", line 351, in parse
    loader.exec_module(new_module)
  File "<frozen importlib._bootstrap_external>", line 940, in exec_module
  File "<frozen importlib._bootstrap>", line 241, in _call_with_frames_removed
  File "/opt/airflow/dags/checks.py", line 4, in <module>
    from airfow.operators.python import PythonOperator
ModuleNotFoundError: No module named 'airfow'
[2026-03-21T02:17:07.417+0000] {processor.py:842} WARNING - No viable dags retrieved from /opt/airflow/dags/checks.py
[2026-03-21T02:17:07.433+0000] {processor.py:183} INFO - Processing /opt/airflow/dags/checks.py took 0.335 seconds
[2026-03-21T02:17:37.584+0000] {processor.py:161} INFO - Started process (PID=155) to work on /opt/airflow/dags/checks.py
[2026-03-21T02:17:37.585+0000] {processor.py:830} INFO - Processing file /opt/airflow/dags/checks.py for tasks to queue
[2026-03-21T02:17:37.587+0000] {logging_mixin.py:188} INFO - [2026-03-21T02:17:37.587+0000] {dagbag.py:545} INFO - Filling up the DagBag from /opt/airflow/dags/checks.py
[2026-03-21T02:17:37.860+0000] {logging_mixin.py:188} INFO - [2026-03-21T02:17:37.855+0000] {dagbag.py:355} ERROR - Failed to import: /opt/airflow/dags/checks.py
Traceback (most recent call last):
  File "/home/airflow/.local/lib/python3.11/site-packages/airflow/models/dagbag.py", line 351, in parse
    loader.exec_module(new_module)
  File "<frozen importlib._bootstrap_external>", line 940, in exec_module
  File "<frozen importlib._bootstrap>", line 241, in _call_with_frames_removed
  File "/opt/airflow/dags/checks.py", line 4, in <module>
    from airfow.operators.python import PythonOperator
ModuleNotFoundError: No module named 'airfow'
[2026-03-21T02:17:37.861+0000] {processor.py:842} WARNING - No viable dags retrieved from /opt/airflow/dags/checks.py
[2026-03-21T02:17:37.877+0000] {processor.py:183} INFO - Processing /opt/airflow/dags/checks.py took 0.300 seconds
[2026-03-21T02:18:08.063+0000] {processor.py:161} INFO - Started process (PID=157) to work on /opt/airflow/dags/checks.py
[2026-03-21T02:18:08.064+0000] {processor.py:830} INFO - Processing file /opt/airflow/dags/checks.py for tasks to queue
[2026-03-21T02:18:08.066+0000] {logging_mixin.py:188} INFO - [2026-03-21T02:18:08.065+0000] {dagbag.py:545} INFO - Filling up the DagBag from /opt/airflow/dags/checks.py
[2026-03-21T02:18:08.357+0000] {logging_mixin.py:188} INFO - [2026-03-21T02:18:08.353+0000] {dagbag.py:355} ERROR - Failed to import: /opt/airflow/dags/checks.py
Traceback (most recent call last):
  File "/home/airflow/.local/lib/python3.11/site-packages/airflow/models/dagbag.py", line 351, in parse
    loader.exec_module(new_module)
  File "<frozen importlib._bootstrap_external>", line 940, in exec_module
  File "<frozen importlib._bootstrap>", line 241, in _call_with_frames_removed
  File "/opt/airflow/dags/checks.py", line 4, in <module>
    from airfow.operators.python import PythonOperator
ModuleNotFoundError: No module named 'airfow'
[2026-03-21T02:18:08.358+0000] {processor.py:842} WARNING - No viable dags retrieved from /opt/airflow/dags/checks.py
[2026-03-21T02:18:08.375+0000] {processor.py:183} INFO - Processing /opt/airflow/dags/checks.py took 0.319 seconds
[2026-03-21T02:18:38.617+0000] {processor.py:161} INFO - Started process (PID=159) to work on /opt/airflow/dags/checks.py
[2026-03-21T02:18:38.618+0000] {processor.py:830} INFO - Processing file /opt/airflow/dags/checks.py for tasks to queue
[2026-03-21T02:18:38.621+0000] {logging_mixin.py:188} INFO - [2026-03-21T02:18:38.620+0000] {dagbag.py:545} INFO - Filling up the DagBag from /opt/airflow/dags/checks.py
[2026-03-21T02:18:38.910+0000] {logging_mixin.py:188} INFO - [2026-03-21T02:18:38.905+0000] {dagbag.py:355} ERROR - Failed to import: /opt/airflow/dags/checks.py
Traceback (most recent call last):
  File "/home/airflow/.local/lib/python3.11/site-packages/airflow/models/dagbag.py", line 351, in parse
    loader.exec_module(new_module)
  File "<frozen importlib._bootstrap_external>", line 940, in exec_module
  File "<frozen importlib._bootstrap>", line 241, in _call_with_frames_removed
  File "/opt/airflow/dags/checks.py", line 4, in <module>
    from airfow.operators.python import PythonOperator
ModuleNotFoundError: No module named 'airfow'
[2026-03-21T02:18:38.911+0000] {processor.py:842} WARNING - No viable dags retrieved from /opt/airflow/dags/checks.py
[2026-03-21T02:18:38.930+0000] {processor.py:183} INFO - Processing /opt/airflow/dags/checks.py took 0.320 seconds
[2026-03-21T02:19:09.091+0000] {processor.py:161} INFO - Started process (PID=161) to work on /opt/airflow/dags/checks.py
[2026-03-21T02:19:09.092+0000] {processor.py:830} INFO - Processing file /opt/airflow/dags/checks.py for tasks to queue
[2026-03-21T02:19:09.094+0000] {logging_mixin.py:188} INFO - [2026-03-21T02:19:09.093+0000] {dagbag.py:545} INFO - Filling up the DagBag from /opt/airflow/dags/checks.py
[2026-03-21T02:19:09.368+0000] {logging_mixin.py:188} INFO - [2026-03-21T02:19:09.364+0000] {dagbag.py:355} ERROR - Failed to import: /opt/airflow/dags/checks.py
Traceback (most recent call last):
  File "/home/airflow/.local/lib/python3.11/site-packages/airflow/models/dagbag.py", line 351, in parse
    loader.exec_module(new_module)
  File "<frozen importlib._bootstrap_external>", line 940, in exec_module
  File "<frozen importlib._bootstrap>", line 241, in _call_with_frames_removed
  File "/opt/airflow/dags/checks.py", line 4, in <module>
    from airfow.operators.python import PythonOperator
ModuleNotFoundError: No module named 'airfow'
[2026-03-21T02:19:09.370+0000] {processor.py:842} WARNING - No viable dags retrieved from /opt/airflow/dags/checks.py
[2026-03-21T02:19:09.394+0000] {processor.py:183} INFO - Processing /opt/airflow/dags/checks.py took 0.309 seconds
[2026-03-21T02:19:39.567+0000] {processor.py:161} INFO - Started process (PID=163) to work on /opt/airflow/dags/checks.py
[2026-03-21T02:19:39.568+0000] {processor.py:830} INFO - Processing file /opt/airflow/dags/checks.py for tasks to queue
[2026-03-21T02:19:39.570+0000] {logging_mixin.py:188} INFO - [2026-03-21T02:19:39.570+0000] {dagbag.py:545} INFO - Filling up the DagBag from /opt/airflow/dags/checks.py
[2026-03-21T02:19:39.846+0000] {logging_mixin.py:188} INFO - [2026-03-21T02:19:39.841+0000] {dagbag.py:355} ERROR - Failed to import: /opt/airflow/dags/checks.py
Traceback (most recent call last):
  File "/home/airflow/.local/lib/python3.11/site-packages/airflow/models/dagbag.py", line 351, in parse
    loader.exec_module(new_module)
  File "<frozen importlib._bootstrap_external>", line 940, in exec_module
  File "<frozen importlib._bootstrap>", line 241, in _call_with_frames_removed
  File "/opt/airflow/dags/checks.py", line 4, in <module>
    from airfow.operators.python import PythonOperator
ModuleNotFoundError: No module named 'airfow'
[2026-03-21T02:19:39.848+0000] {processor.py:842} WARNING - No viable dags retrieved from /opt/airflow/dags/checks.py
[2026-03-21T02:19:39.868+0000] {processor.py:183} INFO - Processing /opt/airflow/dags/checks.py took 0.308 seconds
[2026-03-21T02:20:10.046+0000] {processor.py:161} INFO - Started process (PID=165) to work on /opt/airflow/dags/checks.py
[2026-03-21T02:20:10.048+0000] {processor.py:830} INFO - Processing file /opt/airflow/dags/checks.py for tasks to queue
[2026-03-21T02:20:10.050+0000] {logging_mixin.py:188} INFO - [2026-03-21T02:20:10.050+0000] {dagbag.py:545} INFO - Filling up the DagBag from /opt/airflow/dags/checks.py
[2026-03-21T02:20:10.371+0000] {logging_mixin.py:188} INFO - [2026-03-21T02:20:10.366+0000] {dagbag.py:355} ERROR - Failed to import: /opt/airflow/dags/checks.py
Traceback (most recent call last):
  File "/home/airflow/.local/lib/python3.11/site-packages/airflow/models/dagbag.py", line 351, in parse
    loader.exec_module(new_module)
  File "<frozen importlib._bootstrap_external>", line 940, in exec_module
  File "<frozen importlib._bootstrap>", line 241, in _call_with_frames_removed
  File "/opt/airflow/dags/checks.py", line 4, in <module>
    from airfow.operators.python import PythonOperator
ModuleNotFoundError: No module named 'airfow'
[2026-03-21T02:20:10.372+0000] {processor.py:842} WARNING - No viable dags retrieved from /opt/airflow/dags/checks.py
[2026-03-21T02:20:10.389+0000] {processor.py:183} INFO - Processing /opt/airflow/dags/checks.py took 0.351 seconds
[2026-03-21T02:20:40.511+0000] {processor.py:161} INFO - Started process (PID=167) to work on /opt/airflow/dags/checks.py
[2026-03-21T02:20:40.512+0000] {processor.py:830} INFO - Processing file /opt/airflow/dags/checks.py for tasks to queue
[2026-03-21T02:20:40.514+0000] {logging_mixin.py:188} INFO - [2026-03-21T02:20:40.514+0000] {dagbag.py:545} INFO - Filling up the DagBag from /opt/airflow/dags/checks.py
[2026-03-21T02:20:40.838+0000] {logging_mixin.py:188} INFO - [2026-03-21T02:20:40.831+0000] {dagbag.py:355} ERROR - Failed to import: /opt/airflow/dags/checks.py
Traceback (most recent call last):
  File "/home/airflow/.local/lib/python3.11/site-packages/airflow/models/dagbag.py", line 351, in parse
    loader.exec_module(new_module)
  File "<frozen importlib._bootstrap_external>", line 940, in exec_module
  File "<frozen importlib._bootstrap>", line 241, in _call_with_frames_removed
  File "/opt/airflow/dags/checks.py", line 4, in <module>
    from airfow.operators.python import PythonOperator
ModuleNotFoundError: No module named 'airfow'
[2026-03-21T02:20:40.842+0000] {processor.py:842} WARNING - No viable dags retrieved from /opt/airflow/dags/checks.py
[2026-03-21T02:20:40.871+0000] {processor.py:183} INFO - Processing /opt/airflow/dags/checks.py took 0.366 seconds
[2026-03-21T02:21:10.995+0000] {processor.py:161} INFO - Started process (PID=169) to work on /opt/airflow/dags/checks.py
[2026-03-21T02:21:10.996+0000] {processor.py:830} INFO - Processing file /opt/airflow/dags/checks.py for tasks to queue
[2026-03-21T02:21:11.001+0000] {logging_mixin.py:188} INFO - [2026-03-21T02:21:11.000+0000] {dagbag.py:545} INFO - Filling up the DagBag from /opt/airflow/dags/checks.py
[2026-03-21T02:21:11.315+0000] {logging_mixin.py:188} INFO - [2026-03-21T02:21:11.310+0000] {dagbag.py:355} ERROR - Failed to import: /opt/airflow/dags/checks.py
Traceback (most recent call last):
  File "/home/airflow/.local/lib/python3.11/site-packages/airflow/models/dagbag.py", line 351, in parse
    loader.exec_module(new_module)
  File "<frozen importlib._bootstrap_external>", line 940, in exec_module
  File "<frozen importlib._bootstrap>", line 241, in _call_with_frames_removed
  File "/opt/airflow/dags/checks.py", line 4, in <module>
    from airfow.operators.python import PythonOperator
ModuleNotFoundError: No module named 'airfow'
[2026-03-21T02:21:11.316+0000] {processor.py:842} WARNING - No viable dags retrieved from /opt/airflow/dags/checks.py
[2026-03-21T02:21:11.337+0000] {processor.py:183} INFO - Processing /opt/airflow/dags/checks.py took 0.348 seconds
[2026-03-21T02:21:41.479+0000] {processor.py:161} INFO - Started process (PID=171) to work on /opt/airflow/dags/checks.py
[2026-03-21T02:21:41.480+0000] {processor.py:830} INFO - Processing file /opt/airflow/dags/checks.py for tasks to queue
[2026-03-21T02:21:41.483+0000] {logging_mixin.py:188} INFO - [2026-03-21T02:21:41.482+0000] {dagbag.py:545} INFO - Filling up the DagBag from /opt/airflow/dags/checks.py
[2026-03-21T02:21:41.745+0000] {logging_mixin.py:188} INFO - [2026-03-21T02:21:41.739+0000] {dagbag.py:355} ERROR - Failed to import: /opt/airflow/dags/checks.py
Traceback (most recent call last):
  File "/home/airflow/.local/lib/python3.11/site-packages/airflow/models/dagbag.py", line 351, in parse
    loader.exec_module(new_module)
  File "<frozen importlib._bootstrap_external>", line 940, in exec_module
  File "<frozen importlib._bootstrap>", line 241, in _call_with_frames_removed
  File "/opt/airflow/dags/checks.py", line 4, in <module>
    from airfow.operators.python import PythonOperator
ModuleNotFoundError: No module named 'airfow'
[2026-03-21T02:21:41.747+0000] {processor.py:842} WARNING - No viable dags retrieved from /opt/airflow/dags/checks.py
[2026-03-21T02:21:41.767+0000] {processor.py:183} INFO - Processing /opt/airflow/dags/checks.py took 0.295 seconds
[2026-03-21T02:22:11.967+0000] {processor.py:161} INFO - Started process (PID=181) to work on /opt/airflow/dags/checks.py
[2026-03-21T02:22:11.968+0000] {processor.py:830} INFO - Processing file /opt/airflow/dags/checks.py for tasks to queue
[2026-03-21T02:22:11.971+0000] {logging_mixin.py:188} INFO - [2026-03-21T02:22:11.970+0000] {dagbag.py:545} INFO - Filling up the DagBag from /opt/airflow/dags/checks.py
[2026-03-21T02:22:12.243+0000] {logging_mixin.py:188} INFO - [2026-03-21T02:22:12.238+0000] {dagbag.py:355} ERROR - Failed to import: /opt/airflow/dags/checks.py
Traceback (most recent call last):
  File "/home/airflow/.local/lib/python3.11/site-packages/airflow/models/dagbag.py", line 351, in parse
    loader.exec_module(new_module)
  File "<frozen importlib._bootstrap_external>", line 940, in exec_module
  File "<frozen importlib._bootstrap>", line 241, in _call_with_frames_removed
  File "/opt/airflow/dags/checks.py", line 4, in <module>
    from airfow.operators.python import PythonOperator
ModuleNotFoundError: No module named 'airfow'
[2026-03-21T02:22:12.244+0000] {processor.py:842} WARNING - No viable dags retrieved from /opt/airflow/dags/checks.py
[2026-03-21T02:22:12.262+0000] {processor.py:183} INFO - Processing /opt/airflow/dags/checks.py took 0.300 seconds
[2026-03-21T02:22:42.440+0000] {processor.py:161} INFO - Started process (PID=183) to work on /opt/airflow/dags/checks.py
[2026-03-21T02:22:42.441+0000] {processor.py:830} INFO - Processing file /opt/airflow/dags/checks.py for tasks to queue
[2026-03-21T02:22:42.443+0000] {logging_mixin.py:188} INFO - [2026-03-21T02:22:42.442+0000] {dagbag.py:545} INFO - Filling up the DagBag from /opt/airflow/dags/checks.py
[2026-03-21T02:22:42.708+0000] {logging_mixin.py:188} INFO - [2026-03-21T02:22:42.705+0000] {dagbag.py:355} ERROR - Failed to import: /opt/airflow/dags/checks.py
Traceback (most recent call last):
  File "/home/airflow/.local/lib/python3.11/site-packages/airflow/models/dagbag.py", line 351, in parse
    loader.exec_module(new_module)
  File "<frozen importlib._bootstrap_external>", line 940, in exec_module
  File "<frozen importlib._bootstrap>", line 241, in _call_with_frames_removed
  File "/opt/airflow/dags/checks.py", line 4, in <module>
    from airfow.operators.python import PythonOperator
ModuleNotFoundError: No module named 'airfow'
[2026-03-21T02:22:42.979+0000] {processor.py:842} WARNING - No viable dags retrieved from /opt/airflow/dags/checks.py
[2026-03-21T02:22:42.999+0000] {processor.py:183} INFO - Processing /opt/airflow/dags/checks.py took 0.565 seconds
[2026-03-21T02:22:50.176+0000] {processor.py:161} INFO - Started process (PID=185) to work on /opt/airflow/dags/checks.py
[2026-03-21T02:22:50.178+0000] {processor.py:830} INFO - Processing file /opt/airflow/dags/checks.py for tasks to queue
[2026-03-21T02:22:50.179+0000] {logging_mixin.py:188} INFO - [2026-03-21T02:22:50.179+0000] {dagbag.py:545} INFO - Filling up the DagBag from /opt/airflow/dags/checks.py
[2026-03-21T02:22:50.231+0000] {processor.py:840} INFO - DAG(s) 'checks' retrieved from /opt/airflow/dags/checks.py
[2026-03-21T02:22:50.464+0000] {logging_mixin.py:188} INFO - [2026-03-21T02:22:50.463+0000] {override.py:1858} INFO - Created Permission View: can read on DAG:checks
[2026-03-21T02:22:50.476+0000] {logging_mixin.py:188} INFO - [2026-03-21T02:22:50.476+0000] {override.py:1858} INFO - Created Permission View: can edit on DAG:checks
[2026-03-21T02:22:50.484+0000] {logging_mixin.py:188} INFO - [2026-03-21T02:22:50.484+0000] {override.py:1858} INFO - Created Permission View: can delete on DAG:checks
[2026-03-21T02:22:50.485+0000] {logging_mixin.py:188} INFO - [2026-03-21T02:22:50.485+0000] {dag.py:3089} INFO - Sync 1 DAGs
[2026-03-21T02:22:50.498+0000] {logging_mixin.py:188} INFO - [2026-03-21T02:22:50.498+0000] {dag.py:3111} INFO - Creating ORM DAG for checks
[2026-03-21T02:22:50.513+0000] {logging_mixin.py:188} INFO - [2026-03-21T02:22:50.513+0000] {dag.py:3947} INFO - Setting next_dagrun for checks to 2026-03-20 00:00:00+00:00, run_after=2026-03-21 00:00:00+00:00
[2026-03-21T02:22:50.541+0000] {processor.py:183} INFO - Processing /opt/airflow/dags/checks.py took 0.371 seconds
[2026-03-21T02:23:05.201+0000] {processor.py:161} INFO - Started process (PID=187) to work on /opt/airflow/dags/checks.py
[2026-03-21T02:23:05.202+0000] {processor.py:830} INFO - Processing file /opt/airflow/dags/checks.py for tasks to queue
[2026-03-21T02:23:05.205+0000] {logging_mixin.py:188} INFO - [2026-03-21T02:23:05.204+0000] {dagbag.py:545} INFO - Filling up the DagBag from /opt/airflow/dags/checks.py
[2026-03-21T02:23:05.232+0000] {processor.py:840} INFO - DAG(s) 'checks' retrieved from /opt/airflow/dags/checks.py
[2026-03-21T02:23:05.239+0000] {logging_mixin.py:188} INFO - [2026-03-21T02:23:05.239+0000] {dag.py:3089} INFO - Sync 1 DAGs
[2026-03-21T02:23:05.259+0000] {logging_mixin.py:188} INFO - [2026-03-21T02:23:05.259+0000] {dag.py:3947} INFO - Setting next_dagrun for checks to 2026-03-20 00:00:00+00:00, run_after=2026-03-21 00:00:00+00:00
[2026-03-21T02:23:05.284+0000] {processor.py:183} INFO - Processing /opt/airflow/dags/checks.py took 0.089 seconds
[2026-03-21T02:23:35.488+0000] {processor.py:161} INFO - Started process (PID=188) to work on /opt/airflow/dags/checks.py
[2026-03-21T02:23:35.490+0000] {processor.py:830} INFO - Processing file /opt/airflow/dags/checks.py for tasks to queue
[2026-03-21T02:23:35.493+0000] {logging_mixin.py:188} INFO - [2026-03-21T02:23:35.493+0000] {dagbag.py:545} INFO - Filling up the DagBag from /opt/airflow/dags/checks.py
[2026-03-21T02:23:35.514+0000] {processor.py:840} INFO - DAG(s) 'checks' retrieved from /opt/airflow/dags/checks.py
[2026-03-21T02:23:35.544+0000] {logging_mixin.py:188} INFO - [2026-03-21T02:23:35.543+0000] {dag.py:3089} INFO - Sync 1 DAGs
[2026-03-21T02:23:35.565+0000] {logging_mixin.py:188} INFO - [2026-03-21T02:23:35.565+0000] {dag.py:3947} INFO - Setting next_dagrun for checks to 2026-03-20 00:00:00+00:00, run_after=2026-03-21 00:00:00+00:00
[2026-03-21T02:23:35.593+0000] {processor.py:183} INFO - Processing /opt/airflow/dags/checks.py took 0.113 seconds
[2026-03-21T02:24:05.720+0000] {processor.py:161} INFO - Started process (PID=189) to work on /opt/airflow/dags/checks.py
[2026-03-21T02:24:05.721+0000] {processor.py:830} INFO - Processing file /opt/airflow/dags/checks.py for tasks to queue
[2026-03-21T02:24:05.723+0000] {logging_mixin.py:188} INFO - [2026-03-21T02:24:05.723+0000] {dagbag.py:545} INFO - Filling up the DagBag from /opt/airflow/dags/checks.py
[2026-03-21T02:24:05.741+0000] {processor.py:840} INFO - DAG(s) 'checks' retrieved from /opt/airflow/dags/checks.py
[2026-03-21T02:24:05.764+0000] {logging_mixin.py:188} INFO - [2026-03-21T02:24:05.764+0000] {dag.py:3089} INFO - Sync 1 DAGs
[2026-03-21T02:24:05.784+0000] {logging_mixin.py:188} INFO - [2026-03-21T02:24:05.783+0000] {dag.py:3947} INFO - Setting next_dagrun for checks to 2026-03-20 00:00:00+00:00, run_after=2026-03-21 00:00:00+00:00
[2026-03-21T02:24:05.811+0000] {processor.py:183} INFO - Processing /opt/airflow/dags/checks.py took 0.096 seconds
[2026-03-21T02:24:35.962+0000] {processor.py:161} INFO - Started process (PID=190) to work on /opt/airflow/dags/checks.py
[2026-03-21T02:24:35.963+0000] {processor.py:830} INFO - Processing file /opt/airflow/dags/checks.py for tasks to queue
[2026-03-21T02:24:35.965+0000] {logging_mixin.py:188} INFO - [2026-03-21T02:24:35.965+0000] {dagbag.py:545} INFO - Filling up the DagBag from /opt/airflow/dags/checks.py
[2026-03-21T02:24:35.983+0000] {processor.py:840} INFO - DAG(s) 'checks' retrieved from /opt/airflow/dags/checks.py
[2026-03-21T02:24:36.011+0000] {logging_mixin.py:188} INFO - [2026-03-21T02:24:36.010+0000] {dag.py:3089} INFO - Sync 1 DAGs
[2026-03-21T02:24:36.044+0000] {logging_mixin.py:188} INFO - [2026-03-21T02:24:36.044+0000] {dag.py:3947} INFO - Setting next_dagrun for checks to 2026-03-20 00:00:00+00:00, run_after=2026-03-21 00:00:00+00:00
[2026-03-21T02:24:36.075+0000] {processor.py:183} INFO - Processing /opt/airflow/dags/checks.py took 0.119 seconds
[2026-03-21T02:25:06.300+0000] {processor.py:161} INFO - Started process (PID=191) to work on /opt/airflow/dags/checks.py
[2026-03-21T02:25:06.301+0000] {processor.py:830} INFO - Processing file /opt/airflow/dags/checks.py for tasks to queue
[2026-03-21T02:25:06.303+0000] {logging_mixin.py:188} INFO - [2026-03-21T02:25:06.303+0000] {dagbag.py:545} INFO - Filling up the DagBag from /opt/airflow/dags/checks.py
[2026-03-21T02:25:06.326+0000] {processor.py:840} INFO - DAG(s) 'checks' retrieved from /opt/airflow/dags/checks.py
[2026-03-21T02:25:06.348+0000] {logging_mixin.py:188} INFO - [2026-03-21T02:25:06.348+0000] {dag.py:3089} INFO - Sync 1 DAGs
[2026-03-21T02:25:06.366+0000] {logging_mixin.py:188} INFO - [2026-03-21T02:25:06.366+0000] {dag.py:3947} INFO - Setting next_dagrun for checks to 2026-03-20 00:00:00+00:00, run_after=2026-03-21 00:00:00+00:00
[2026-03-21T02:25:06.392+0000] {processor.py:183} INFO - Processing /opt/airflow/dags/checks.py took 0.098 seconds
[2026-03-21T02:25:36.594+0000] {processor.py:161} INFO - Started process (PID=192) to work on /opt/airflow/dags/checks.py
[2026-03-21T02:25:36.597+0000] {processor.py:830} INFO - Processing file /opt/airflow/dags/checks.py for tasks to queue
[2026-03-21T02:25:36.603+0000] {logging_mixin.py:188} INFO - [2026-03-21T02:25:36.601+0000] {dagbag.py:545} INFO - Filling up the DagBag from /opt/airflow/dags/checks.py
[2026-03-21T02:25:36.640+0000] {processor.py:840} INFO - DAG(s) 'checks' retrieved from /opt/airflow/dags/checks.py
[2026-03-21T02:25:36.688+0000] {logging_mixin.py:188} INFO - [2026-03-21T02:25:36.688+0000] {dag.py:3089} INFO - Sync 1 DAGs
[2026-03-21T02:25:36.725+0000] {logging_mixin.py:188} INFO - [2026-03-21T02:25:36.725+0000] {dag.py:3947} INFO - Setting next_dagrun for checks to 2026-03-20 00:00:00+00:00, run_after=2026-03-21 00:00:00+00:00
[2026-03-21T02:25:36.752+0000] {processor.py:183} INFO - Processing /opt/airflow/dags/checks.py took 0.171 seconds
[2026-03-21T02:26:06.868+0000] {processor.py:161} INFO - Started process (PID=193) to work on /opt/airflow/dags/checks.py
[2026-03-21T02:26:06.869+0000] {processor.py:830} INFO - Processing file /opt/airflow/dags/checks.py for tasks to queue
[2026-03-21T02:26:06.871+0000] {logging_mixin.py:188} INFO - [2026-03-21T02:26:06.871+0000] {dagbag.py:545} INFO - Filling up the DagBag from /opt/airflow/dags/checks.py
[2026-03-21T02:26:06.889+0000] {processor.py:840} INFO - DAG(s) 'checks' retrieved from /opt/airflow/dags/checks.py
[2026-03-21T02:26:06.912+0000] {logging_mixin.py:188} INFO - [2026-03-21T02:26:06.912+0000] {dag.py:3089} INFO - Sync 1 DAGs
[2026-03-21T02:26:06.935+0000] {logging_mixin.py:188} INFO - [2026-03-21T02:26:06.935+0000] {dag.py:3947} INFO - Setting next_dagrun for checks to 2026-03-20 00:00:00+00:00, run_after=2026-03-21 00:00:00+00:00
[2026-03-21T02:26:06.965+0000] {processor.py:183} INFO - Processing /opt/airflow/dags/checks.py took 0.102 seconds
[2026-03-21T02:26:37.130+0000] {processor.py:161} INFO - Started process (PID=194) to work on /opt/airflow/dags/checks.py
[2026-03-21T02:26:37.131+0000] {processor.py:830} INFO - Processing file /opt/airflow/dags/checks.py for tasks to queue
[2026-03-21T02:26:37.132+0000] {logging_mixin.py:188} INFO - [2026-03-21T02:26:37.132+0000] {dagbag.py:545} INFO - Filling up the DagBag from /opt/airflow/dags/checks.py
[2026-03-21T02:26:37.151+0000] {processor.py:840} INFO - DAG(s) 'checks' retrieved from /opt/airflow/dags/checks.py
[2026-03-21T02:26:37.174+0000] {logging_mixin.py:188} INFO - [2026-03-21T02:26:37.173+0000] {dag.py:3089} INFO - Sync 1 DAGs
[2026-03-21T02:26:37.191+0000] {logging_mixin.py:188} INFO - [2026-03-21T02:26:37.191+0000] {dag.py:3947} INFO - Setting next_dagrun for checks to 2026-03-20 00:00:00+00:00, run_after=2026-03-21 00:00:00+00:00
[2026-03-21T02:26:37.218+0000] {processor.py:183} INFO - Processing /opt/airflow/dags/checks.py took 0.094 seconds
[2026-03-21T02:27:07.413+0000] {processor.py:161} INFO - Started process (PID=195) to work on /opt/airflow/dags/checks.py
[2026-03-21T02:27:07.414+0000] {processor.py:830} INFO - Processing file /opt/airflow/dags/checks.py for tasks to queue
[2026-03-21T02:27:07.416+0000] {logging_mixin.py:188} INFO - [2026-03-21T02:27:07.416+0000] {dagbag.py:545} INFO - Filling up the DagBag from /opt/airflow/dags/checks.py
[2026-03-21T02:27:07.435+0000] {processor.py:840} INFO - DAG(s) 'checks' retrieved from /opt/airflow/dags/checks.py
[2026-03-21T02:27:07.458+0000] {logging_mixin.py:188} INFO - [2026-03-21T02:27:07.458+0000] {dag.py:3089} INFO - Sync 1 DAGs
[2026-03-21T02:27:07.478+0000] {logging_mixin.py:188} INFO - [2026-03-21T02:27:07.478+0000] {dag.py:3947} INFO - Setting next_dagrun for checks to 2026-03-20 00:00:00+00:00, run_after=2026-03-21 00:00:00+00:00
[2026-03-21T02:27:07.507+0000] {processor.py:183} INFO - Processing /opt/airflow/dags/checks.py took 0.099 seconds
[2026-03-21T02:27:38.660+0000] {processor.py:161} INFO - Started process (PID=196) to work on /opt/airflow/dags/checks.py
[2026-03-21T02:27:38.661+0000] {processor.py:830} INFO - Processing file /opt/airflow/dags/checks.py for tasks to queue
[2026-03-21T02:27:38.663+0000] {logging_mixin.py:188} INFO - [2026-03-21T02:27:38.663+0000] {dagbag.py:545} INFO - Filling up the DagBag from /opt/airflow/dags/checks.py
[2026-03-21T02:27:38.681+0000] {processor.py:840} INFO - DAG(s) 'checks' retrieved from /opt/airflow/dags/checks.py
[2026-03-21T02:27:38.704+0000] {logging_mixin.py:188} INFO - [2026-03-21T02:27:38.703+0000] {dag.py:3089} INFO - Sync 1 DAGs
[2026-03-21T02:27:38.722+0000] {logging_mixin.py:188} INFO - [2026-03-21T02:27:38.722+0000] {dag.py:3947} INFO - Setting next_dagrun for checks to 2026-03-20 00:00:00+00:00, run_after=2026-03-21 00:00:00+00:00
[2026-03-21T02:27:38.747+0000] {processor.py:183} INFO - Processing /opt/airflow/dags/checks.py took 0.096 seconds
[2026-03-21T02:28:09.013+0000] {processor.py:161} INFO - Started process (PID=197) to work on /opt/airflow/dags/checks.py
[2026-03-21T02:28:09.014+0000] {processor.py:830} INFO - Processing file /opt/airflow/dags/checks.py for tasks to queue
[2026-03-21T02:28:09.016+0000] {logging_mixin.py:188} INFO - [2026-03-21T02:28:09.016+0000] {dagbag.py:545} INFO - Filling up the DagBag from /opt/airflow/dags/checks.py
[2026-03-21T02:28:09.035+0000] {processor.py:840} INFO - DAG(s) 'checks' retrieved from /opt/airflow/dags/checks.py
[2026-03-21T02:28:09.059+0000] {logging_mixin.py:188} INFO - [2026-03-21T02:28:09.059+0000] {dag.py:3089} INFO - Sync 1 DAGs
[2026-03-21T02:28:09.079+0000] {logging_mixin.py:188} INFO - [2026-03-21T02:28:09.079+0000] {dag.py:3947} INFO - Setting next_dagrun for checks to 2026-03-20 00:00:00+00:00, run_after=2026-03-21 00:00:00+00:00
[2026-03-21T02:28:09.116+0000] {processor.py:183} INFO - Processing /opt/airflow/dags/checks.py took 0.110 seconds
[2026-03-21T02:28:39.242+0000] {processor.py:161} INFO - Started process (PID=198) to work on /opt/airflow/dags/checks.py
[2026-03-21T02:28:39.243+0000] {processor.py:830} INFO - Processing file /opt/airflow/dags/checks.py for tasks to queue
[2026-03-21T02:28:39.245+0000] {logging_mixin.py:188} INFO - [2026-03-21T02:28:39.245+0000] {dagbag.py:545} INFO - Filling up the DagBag from /opt/airflow/dags/checks.py
[2026-03-21T02:28:39.265+0000] {processor.py:840} INFO - DAG(s) 'checks' retrieved from /opt/airflow/dags/checks.py
[2026-03-21T02:28:39.289+0000] {logging_mixin.py:188} INFO - [2026-03-21T02:28:39.288+0000] {dag.py:3089} INFO - Sync 1 DAGs
[2026-03-21T02:28:39.309+0000] {logging_mixin.py:188} INFO - [2026-03-21T02:28:39.309+0000] {dag.py:3947} INFO - Setting next_dagrun for checks to 2026-03-20 00:00:00+00:00, run_after=2026-03-21 00:00:00+00:00
[2026-03-21T02:28:39.330+0000] {processor.py:183} INFO - Processing /opt/airflow/dags/checks.py took 0.094 seconds
[2026-03-21T02:29:09.535+0000] {processor.py:161} INFO - Started process (PID=199) to work on /opt/airflow/dags/checks.py
[2026-03-21T02:29:09.536+0000] {processor.py:830} INFO - Processing file /opt/airflow/dags/checks.py for tasks to queue
[2026-03-21T02:29:09.539+0000] {logging_mixin.py:188} INFO - [2026-03-21T02:29:09.538+0000] {dagbag.py:545} INFO - Filling up the DagBag from /opt/airflow/dags/checks.py
[2026-03-21T02:29:09.557+0000] {processor.py:840} INFO - DAG(s) 'checks' retrieved from /opt/airflow/dags/checks.py
[2026-03-21T02:29:09.580+0000] {logging_mixin.py:188} INFO - [2026-03-21T02:29:09.580+0000] {dag.py:3089} INFO - Sync 1 DAGs
[2026-03-21T02:29:09.597+0000] {logging_mixin.py:188} INFO - [2026-03-21T02:29:09.597+0000] {dag.py:3947} INFO - Setting next_dagrun for checks to 2026-03-20 00:00:00+00:00, run_after=2026-03-21 00:00:00+00:00
[2026-03-21T02:29:09.637+0000] {processor.py:183} INFO - Processing /opt/airflow/dags/checks.py took 0.108 seconds
[2026-03-21T02:29:39.772+0000] {processor.py:161} INFO - Started process (PID=200) to work on /opt/airflow/dags/checks.py
[2026-03-21T02:29:39.773+0000] {processor.py:830} INFO - Processing file /opt/airflow/dags/checks.py for tasks to queue
[2026-03-21T02:29:39.776+0000] {logging_mixin.py:188} INFO - [2026-03-21T02:29:39.775+0000] {dagbag.py:545} INFO - Filling up the DagBag from /opt/airflow/dags/checks.py
[2026-03-21T02:29:39.796+0000] {processor.py:840} INFO - DAG(s) 'checks' retrieved from /opt/airflow/dags/checks.py
[2026-03-21T02:29:39.824+0000] {logging_mixin.py:188} INFO - [2026-03-21T02:29:39.823+0000] {dag.py:3089} INFO - Sync 1 DAGs
[2026-03-21T02:29:39.844+0000] {logging_mixin.py:188} INFO - [2026-03-21T02:29:39.844+0000] {dag.py:3947} INFO - Setting next_dagrun for checks to 2026-03-20 00:00:00+00:00, run_after=2026-03-21 00:00:00+00:00
[2026-03-21T02:29:39.873+0000] {processor.py:183} INFO - Processing /opt/airflow/dags/checks.py took 0.107 seconds
[2026-03-21T02:30:10.037+0000] {processor.py:161} INFO - Started process (PID=201) to work on /opt/airflow/dags/checks.py
[2026-03-21T02:30:10.038+0000] {processor.py:830} INFO - Processing file /opt/airflow/dags/checks.py for tasks to queue
[2026-03-21T02:30:10.041+0000] {logging_mixin.py:188} INFO - [2026-03-21T02:30:10.040+0000] {dagbag.py:545} INFO - Filling up the DagBag from /opt/airflow/dags/checks.py
[2026-03-21T02:30:10.058+0000] {processor.py:840} INFO - DAG(s) 'checks' retrieved from /opt/airflow/dags/checks.py
[2026-03-21T02:30:10.081+0000] {logging_mixin.py:188} INFO - [2026-03-21T02:30:10.081+0000] {dag.py:3089} INFO - Sync 1 DAGs
[2026-03-21T02:30:10.100+0000] {logging_mixin.py:188} INFO - [2026-03-21T02:30:10.100+0000] {dag.py:3947} INFO - Setting next_dagrun for checks to 2026-03-20 00:00:00+00:00, run_after=2026-03-21 00:00:00+00:00
[2026-03-21T02:30:10.121+0000] {processor.py:183} INFO - Processing /opt/airflow/dags/checks.py took 0.090 seconds
[2026-03-21T02:30:40.285+0000] {processor.py:161} INFO - Started process (PID=202) to work on /opt/airflow/dags/checks.py
[2026-03-21T02:30:40.286+0000] {processor.py:830} INFO - Processing file /opt/airflow/dags/checks.py for tasks to queue
[2026-03-21T02:30:40.288+0000] {logging_mixin.py:188} INFO - [2026-03-21T02:30:40.288+0000] {dagbag.py:545} INFO - Filling up the DagBag from /opt/airflow/dags/checks.py
[2026-03-21T02:30:40.307+0000] {processor.py:840} INFO - DAG(s) 'checks' retrieved from /opt/airflow/dags/checks.py
[2026-03-21T02:30:40.329+0000] {logging_mixin.py:188} INFO - [2026-03-21T02:30:40.329+0000] {dag.py:3089} INFO - Sync 1 DAGs
[2026-03-21T02:30:40.347+0000] {logging_mixin.py:188} INFO - [2026-03-21T02:30:40.347+0000] {dag.py:3947} INFO - Setting next_dagrun for checks to 2026-03-20 00:00:00+00:00, run_after=2026-03-21 00:00:00+00:00
[2026-03-21T02:30:40.371+0000] {processor.py:183} INFO - Processing /opt/airflow/dags/checks.py took 0.093 seconds
[2026-03-21T02:31:10.558+0000] {processor.py:161} INFO - Started process (PID=203) to work on /opt/airflow/dags/checks.py
[2026-03-21T02:31:10.560+0000] {processor.py:830} INFO - Processing file /opt/airflow/dags/checks.py for tasks to queue
[2026-03-21T02:31:10.562+0000] {logging_mixin.py:188} INFO - [2026-03-21T02:31:10.562+0000] {dagbag.py:545} INFO - Filling up the DagBag from /opt/airflow/dags/checks.py
[2026-03-21T02:31:10.584+0000] {processor.py:840} INFO - DAG(s) 'checks' retrieved from /opt/airflow/dags/checks.py
[2026-03-21T02:31:10.611+0000] {logging_mixin.py:188} INFO - [2026-03-21T02:31:10.611+0000] {dag.py:3089} INFO - Sync 1 DAGs
[2026-03-21T02:31:10.651+0000] {logging_mixin.py:188} INFO - [2026-03-21T02:31:10.651+0000] {dag.py:3947} INFO - Setting next_dagrun for checks to 2026-03-20 00:00:00+00:00, run_after=2026-03-21 00:00:00+00:00
[2026-03-21T02:31:10.690+0000] {processor.py:183} INFO - Processing /opt/airflow/dags/checks.py took 0.139 seconds
[2026-03-21T02:31:40.806+0000] {processor.py:161} INFO - Started process (PID=204) to work on /opt/airflow/dags/checks.py
[2026-03-21T02:31:40.807+0000] {processor.py:830} INFO - Processing file /opt/airflow/dags/checks.py for tasks to queue
[2026-03-21T02:31:40.810+0000] {logging_mixin.py:188} INFO - [2026-03-21T02:31:40.810+0000] {dagbag.py:545} INFO - Filling up the DagBag from /opt/airflow/dags/checks.py
[2026-03-21T02:31:40.828+0000] {processor.py:840} INFO - DAG(s) 'checks' retrieved from /opt/airflow/dags/checks.py
[2026-03-21T02:31:40.850+0000] {logging_mixin.py:188} INFO - [2026-03-21T02:31:40.850+0000] {dag.py:3089} INFO - Sync 1 DAGs
[2026-03-21T02:31:40.868+0000] {logging_mixin.py:188} INFO - [2026-03-21T02:31:40.867+0000] {dag.py:3947} INFO - Setting next_dagrun for checks to 2026-03-20 00:00:00+00:00, run_after=2026-03-21 00:00:00+00:00
[2026-03-21T02:31:40.894+0000] {processor.py:183} INFO - Processing /opt/airflow/dags/checks.py took 0.093 seconds
[2026-03-21T02:32:11.096+0000] {processor.py:161} INFO - Started process (PID=205) to work on /opt/airflow/dags/checks.py
[2026-03-21T02:32:11.098+0000] {processor.py:830} INFO - Processing file /opt/airflow/dags/checks.py for tasks to queue
[2026-03-21T02:32:11.100+0000] {logging_mixin.py:188} INFO - [2026-03-21T02:32:11.100+0000] {dagbag.py:545} INFO - Filling up the DagBag from /opt/airflow/dags/checks.py
[2026-03-21T02:32:11.121+0000] {processor.py:840} INFO - DAG(s) 'checks' retrieved from /opt/airflow/dags/checks.py
[2026-03-21T02:32:11.145+0000] {logging_mixin.py:188} INFO - [2026-03-21T02:32:11.144+0000] {dag.py:3089} INFO - Sync 1 DAGs
[2026-03-21T02:32:11.165+0000] {logging_mixin.py:188} INFO - [2026-03-21T02:32:11.165+0000] {dag.py:3947} INFO - Setting next_dagrun for checks to 2026-03-20 00:00:00+00:00, run_after=2026-03-21 00:00:00+00:00
[2026-03-21T02:32:11.186+0000] {processor.py:183} INFO - Processing /opt/airflow/dags/checks.py took 0.099 seconds
[2026-03-21T02:32:41.301+0000] {processor.py:161} INFO - Started process (PID=206) to work on /opt/airflow/dags/checks.py
[2026-03-21T02:32:41.302+0000] {processor.py:830} INFO - Processing file /opt/airflow/dags/checks.py for tasks to queue
[2026-03-21T02:32:41.304+0000] {logging_mixin.py:188} INFO - [2026-03-21T02:32:41.304+0000] {dagbag.py:545} INFO - Filling up the DagBag from /opt/airflow/dags/checks.py
[2026-03-21T02:32:41.324+0000] {processor.py:840} INFO - DAG(s) 'checks' retrieved from /opt/airflow/dags/checks.py
[2026-03-21T02:32:41.350+0000] {logging_mixin.py:188} INFO - [2026-03-21T02:32:41.349+0000] {dag.py:3089} INFO - Sync 1 DAGs
[2026-03-21T02:32:41.369+0000] {logging_mixin.py:188} INFO - [2026-03-21T02:32:41.369+0000] {dag.py:3947} INFO - Setting next_dagrun for checks to 2026-03-20 00:00:00+00:00, run_after=2026-03-21 00:00:00+00:00
[2026-03-21T02:32:41.391+0000] {processor.py:183} INFO - Processing /opt/airflow/dags/checks.py took 0.098 seconds
[2026-03-21T02:33:11.563+0000] {processor.py:161} INFO - Started process (PID=207) to work on /opt/airflow/dags/checks.py
[2026-03-21T02:33:11.564+0000] {processor.py:830} INFO - Processing file /opt/airflow/dags/checks.py for tasks to queue
[2026-03-21T02:33:11.566+0000] {logging_mixin.py:188} INFO - [2026-03-21T02:33:11.565+0000] {dagbag.py:545} INFO - Filling up the DagBag from /opt/airflow/dags/checks.py
[2026-03-21T02:33:11.583+0000] {processor.py:840} INFO - DAG(s) 'checks' retrieved from /opt/airflow/dags/checks.py
[2026-03-21T02:33:11.606+0000] {logging_mixin.py:188} INFO - [2026-03-21T02:33:11.606+0000] {dag.py:3089} INFO - Sync 1 DAGs
[2026-03-21T02:33:11.624+0000] {logging_mixin.py:188} INFO - [2026-03-21T02:33:11.623+0000] {dag.py:3947} INFO - Setting next_dagrun for checks to 2026-03-20 00:00:00+00:00, run_after=2026-03-21 00:00:00+00:00
[2026-03-21T02:33:11.653+0000] {processor.py:183} INFO - Processing /opt/airflow/dags/checks.py took 0.096 seconds
[2026-03-21T02:33:41.810+0000] {processor.py:161} INFO - Started process (PID=208) to work on /opt/airflow/dags/checks.py
[2026-03-21T02:33:41.811+0000] {processor.py:830} INFO - Processing file /opt/airflow/dags/checks.py for tasks to queue
[2026-03-21T02:33:41.814+0000] {logging_mixin.py:188} INFO - [2026-03-21T02:33:41.814+0000] {dagbag.py:545} INFO - Filling up the DagBag from /opt/airflow/dags/checks.py
[2026-03-21T02:33:41.842+0000] {processor.py:840} INFO - DAG(s) 'checks' retrieved from /opt/airflow/dags/checks.py
[2026-03-21T02:33:41.873+0000] {logging_mixin.py:188} INFO - [2026-03-21T02:33:41.873+0000] {dag.py:3089} INFO - Sync 1 DAGs
[2026-03-21T02:33:41.895+0000] {logging_mixin.py:188} INFO - [2026-03-21T02:33:41.895+0000] {dag.py:3947} INFO - Setting next_dagrun for checks to 2026-03-20 00:00:00+00:00, run_after=2026-03-21 00:00:00+00:00
[2026-03-21T02:33:41.929+0000] {processor.py:183} INFO - Processing /opt/airflow/dags/checks.py took 0.129 seconds
[2026-03-21T02:34:12.073+0000] {processor.py:161} INFO - Started process (PID=209) to work on /opt/airflow/dags/checks.py
[2026-03-21T02:34:12.074+0000] {processor.py:830} INFO - Processing file /opt/airflow/dags/checks.py for tasks to queue
[2026-03-21T02:34:12.076+0000] {logging_mixin.py:188} INFO - [2026-03-21T02:34:12.076+0000] {dagbag.py:545} INFO - Filling up the DagBag from /opt/airflow/dags/checks.py
[2026-03-21T02:34:12.095+0000] {processor.py:840} INFO - DAG(s) 'checks' retrieved from /opt/airflow/dags/checks.py
[2026-03-21T02:34:12.117+0000] {logging_mixin.py:188} INFO - [2026-03-21T02:34:12.116+0000] {dag.py:3089} INFO - Sync 1 DAGs
[2026-03-21T02:34:12.135+0000] {logging_mixin.py:188} INFO - [2026-03-21T02:34:12.135+0000] {dag.py:3947} INFO - Setting next_dagrun for checks to 2026-03-20 00:00:00+00:00, run_after=2026-03-21 00:00:00+00:00
[2026-03-21T02:34:12.161+0000] {processor.py:183} INFO - Processing /opt/airflow/dags/checks.py took 0.094 seconds
[2026-03-21T02:34:43.099+0000] {processor.py:161} INFO - Started process (PID=210) to work on /opt/airflow/dags/checks.py
[2026-03-21T02:34:43.100+0000] {processor.py:830} INFO - Processing file /opt/airflow/dags/checks.py for tasks to queue
[2026-03-21T02:34:43.102+0000] {logging_mixin.py:188} INFO - [2026-03-21T02:34:43.102+0000] {dagbag.py:545} INFO - Filling up the DagBag from /opt/airflow/dags/checks.py
[2026-03-21T02:34:43.125+0000] {processor.py:840} INFO - DAG(s) 'checks' retrieved from /opt/airflow/dags/checks.py
[2026-03-21T02:34:43.152+0000] {logging_mixin.py:188} INFO - [2026-03-21T02:34:43.152+0000] {dag.py:3089} INFO - Sync 1 DAGs
[2026-03-21T02:34:43.178+0000] {logging_mixin.py:188} INFO - [2026-03-21T02:34:43.178+0000] {dag.py:3947} INFO - Setting next_dagrun for checks to 2026-03-20 00:00:00+00:00, run_after=2026-03-21 00:00:00+00:00
[2026-03-21T02:34:43.206+0000] {processor.py:183} INFO - Processing /opt/airflow/dags/checks.py took 0.115 seconds
[2026-03-21T02:35:13.330+0000] {processor.py:161} INFO - Started process (PID=211) to work on /opt/airflow/dags/checks.py
[2026-03-21T02:35:13.332+0000] {processor.py:830} INFO - Processing file /opt/airflow/dags/checks.py for tasks to queue
[2026-03-21T02:35:13.334+0000] {logging_mixin.py:188} INFO - [2026-03-21T02:35:13.334+0000] {dagbag.py:545} INFO - Filling up the DagBag from /opt/airflow/dags/checks.py
[2026-03-21T02:35:13.355+0000] {processor.py:840} INFO - DAG(s) 'checks' retrieved from /opt/airflow/dags/checks.py
[2026-03-21T02:35:13.385+0000] {logging_mixin.py:188} INFO - [2026-03-21T02:35:13.385+0000] {dag.py:3089} INFO - Sync 1 DAGs
[2026-03-21T02:35:13.407+0000] {logging_mixin.py:188} INFO - [2026-03-21T02:35:13.406+0000] {dag.py:3947} INFO - Setting next_dagrun for checks to 2026-03-20 00:00:00+00:00, run_after=2026-03-21 00:00:00+00:00
[2026-03-21T02:35:13.431+0000] {processor.py:183} INFO - Processing /opt/airflow/dags/checks.py took 0.108 seconds
[2026-03-21T02:35:43.686+0000] {processor.py:161} INFO - Started process (PID=212) to work on /opt/airflow/dags/checks.py
[2026-03-21T02:35:43.687+0000] {processor.py:830} INFO - Processing file /opt/airflow/dags/checks.py for tasks to queue
[2026-03-21T02:35:43.690+0000] {logging_mixin.py:188} INFO - [2026-03-21T02:35:43.690+0000] {dagbag.py:545} INFO - Filling up the DagBag from /opt/airflow/dags/checks.py
[2026-03-21T02:35:43.712+0000] {processor.py:840} INFO - DAG(s) 'checks' retrieved from /opt/airflow/dags/checks.py
[2026-03-21T02:35:43.741+0000] {logging_mixin.py:188} INFO - [2026-03-21T02:35:43.741+0000] {dag.py:3089} INFO - Sync 1 DAGs
[2026-03-21T02:35:43.762+0000] {logging_mixin.py:188} INFO - [2026-03-21T02:35:43.762+0000] {dag.py:3947} INFO - Setting next_dagrun for checks to 2026-03-20 00:00:00+00:00, run_after=2026-03-21 00:00:00+00:00
[2026-03-21T02:35:43.786+0000] {processor.py:183} INFO - Processing /opt/airflow/dags/checks.py took 0.107 seconds
[2026-03-21T02:36:13.984+0000] {processor.py:161} INFO - Started process (PID=213) to work on /opt/airflow/dags/checks.py
[2026-03-21T02:36:13.987+0000] {processor.py:830} INFO - Processing file /opt/airflow/dags/checks.py for tasks to queue
[2026-03-21T02:36:13.992+0000] {logging_mixin.py:188} INFO - [2026-03-21T02:36:13.991+0000] {dagbag.py:545} INFO - Filling up the DagBag from /opt/airflow/dags/checks.py
[2026-03-21T02:36:14.030+0000] {processor.py:840} INFO - DAG(s) 'checks' retrieved from /opt/airflow/dags/checks.py
[2026-03-21T02:36:14.074+0000] {logging_mixin.py:188} INFO - [2026-03-21T02:36:14.074+0000] {dag.py:3089} INFO - Sync 1 DAGs
[2026-03-21T02:36:14.113+0000] {logging_mixin.py:188} INFO - [2026-03-21T02:36:14.112+0000] {dag.py:3947} INFO - Setting next_dagrun for checks to 2026-03-20 00:00:00+00:00, run_after=2026-03-21 00:00:00+00:00
[2026-03-21T02:36:14.150+0000] {processor.py:183} INFO - Processing /opt/airflow/dags/checks.py took 0.175 seconds
[2026-03-21T02:36:44.221+0000] {processor.py:161} INFO - Started process (PID=214) to work on /opt/airflow/dags/checks.py
[2026-03-21T02:36:44.222+0000] {processor.py:830} INFO - Processing file /opt/airflow/dags/checks.py for tasks to queue
[2026-03-21T02:36:44.224+0000] {logging_mixin.py:188} INFO - [2026-03-21T02:36:44.224+0000] {dagbag.py:545} INFO - Filling up the DagBag from /opt/airflow/dags/checks.py
[2026-03-21T02:36:44.243+0000] {processor.py:840} INFO - DAG(s) 'checks' retrieved from /opt/airflow/dags/checks.py
[2026-03-21T02:36:44.265+0000] {logging_mixin.py:188} INFO - [2026-03-21T02:36:44.265+0000] {dag.py:3089} INFO - Sync 1 DAGs
[2026-03-21T02:36:44.284+0000] {logging_mixin.py:188} INFO - [2026-03-21T02:36:44.284+0000] {dag.py:3947} INFO - Setting next_dagrun for checks to 2026-03-20 00:00:00+00:00, run_after=2026-03-21 00:00:00+00:00
[2026-03-21T02:36:44.306+0000] {processor.py:183} INFO - Processing /opt/airflow/dags/checks.py took 0.091 seconds
[2026-03-21T02:37:14.436+0000] {processor.py:161} INFO - Started process (PID=215) to work on /opt/airflow/dags/checks.py
[2026-03-21T02:37:14.438+0000] {processor.py:830} INFO - Processing file /opt/airflow/dags/checks.py for tasks to queue
[2026-03-21T02:37:14.441+0000] {logging_mixin.py:188} INFO - [2026-03-21T02:37:14.440+0000] {dagbag.py:545} INFO - Filling up the DagBag from /opt/airflow/dags/checks.py
[2026-03-21T02:37:14.464+0000] {processor.py:840} INFO - DAG(s) 'checks' retrieved from /opt/airflow/dags/checks.py
[2026-03-21T02:37:14.492+0000] {logging_mixin.py:188} INFO - [2026-03-21T02:37:14.491+0000] {dag.py:3089} INFO - Sync 1 DAGs
[2026-03-21T02:37:14.531+0000] {logging_mixin.py:188} INFO - [2026-03-21T02:37:14.530+0000] {dag.py:3947} INFO - Setting next_dagrun for checks to 2026-03-20 00:00:00+00:00, run_after=2026-03-21 00:00:00+00:00
[2026-03-21T02:37:14.566+0000] {processor.py:183} INFO - Processing /opt/airflow/dags/checks.py took 0.136 seconds
[2026-03-21T02:37:44.703+0000] {processor.py:161} INFO - Started process (PID=216) to work on /opt/airflow/dags/checks.py
[2026-03-21T02:37:44.704+0000] {processor.py:830} INFO - Processing file /opt/airflow/dags/checks.py for tasks to queue
[2026-03-21T02:37:44.707+0000] {logging_mixin.py:188} INFO - [2026-03-21T02:37:44.707+0000] {dagbag.py:545} INFO - Filling up the DagBag from /opt/airflow/dags/checks.py
[2026-03-21T02:37:44.736+0000] {processor.py:840} INFO - DAG(s) 'checks' retrieved from /opt/airflow/dags/checks.py
[2026-03-21T02:37:44.771+0000] {logging_mixin.py:188} INFO - [2026-03-21T02:37:44.771+0000] {dag.py:3089} INFO - Sync 1 DAGs
[2026-03-21T02:37:44.805+0000] {logging_mixin.py:188} INFO - [2026-03-21T02:37:44.805+0000] {dag.py:3947} INFO - Setting next_dagrun for checks to 2026-03-20 00:00:00+00:00, run_after=2026-03-21 00:00:00+00:00
[2026-03-21T02:37:44.835+0000] {processor.py:183} INFO - Processing /opt/airflow/dags/checks.py took 0.142 seconds
[2026-03-21T02:38:14.986+0000] {processor.py:161} INFO - Started process (PID=217) to work on /opt/airflow/dags/checks.py
[2026-03-21T02:38:14.987+0000] {processor.py:830} INFO - Processing file /opt/airflow/dags/checks.py for tasks to queue
[2026-03-21T02:38:14.991+0000] {logging_mixin.py:188} INFO - [2026-03-21T02:38:14.990+0000] {dagbag.py:545} INFO - Filling up the DagBag from /opt/airflow/dags/checks.py
[2026-03-21T02:38:15.010+0000] {processor.py:840} INFO - DAG(s) 'checks' retrieved from /opt/airflow/dags/checks.py
[2026-03-21T02:38:15.032+0000] {logging_mixin.py:188} INFO - [2026-03-21T02:38:15.032+0000] {dag.py:3089} INFO - Sync 1 DAGs
[2026-03-21T02:38:15.051+0000] {logging_mixin.py:188} INFO - [2026-03-21T02:38:15.051+0000] {dag.py:3947} INFO - Setting next_dagrun for checks to 2026-03-20 00:00:00+00:00, run_after=2026-03-21 00:00:00+00:00
[2026-03-21T02:38:15.075+0000] {processor.py:183} INFO - Processing /opt/airflow/dags/checks.py took 0.104 seconds
[2026-03-21T02:38:45.281+0000] {processor.py:161} INFO - Started process (PID=218) to work on /opt/airflow/dags/checks.py
[2026-03-21T02:38:45.283+0000] {processor.py:830} INFO - Processing file /opt/airflow/dags/checks.py for tasks to queue
[2026-03-21T02:38:45.286+0000] {logging_mixin.py:188} INFO - [2026-03-21T02:38:45.285+0000] {dagbag.py:545} INFO - Filling up the DagBag from /opt/airflow/dags/checks.py
[2026-03-21T02:38:45.316+0000] {processor.py:840} INFO - DAG(s) 'checks' retrieved from /opt/airflow/dags/checks.py
[2026-03-21T02:38:45.345+0000] {logging_mixin.py:188} INFO - [2026-03-21T02:38:45.345+0000] {dag.py:3089} INFO - Sync 1 DAGs
[2026-03-21T02:38:45.370+0000] {logging_mixin.py:188} INFO - [2026-03-21T02:38:45.370+0000] {dag.py:3947} INFO - Setting next_dagrun for checks to 2026-03-20 00:00:00+00:00, run_after=2026-03-21 00:00:00+00:00
[2026-03-21T02:38:45.396+0000] {processor.py:183} INFO - Processing /opt/airflow/dags/checks.py took 0.124 seconds
[2026-03-21T02:39:15.534+0000] {processor.py:161} INFO - Started process (PID=219) to work on /opt/airflow/dags/checks.py
[2026-03-21T02:39:15.535+0000] {processor.py:830} INFO - Processing file /opt/airflow/dags/checks.py for tasks to queue
[2026-03-21T02:39:15.537+0000] {logging_mixin.py:188} INFO - [2026-03-21T02:39:15.537+0000] {dagbag.py:545} INFO - Filling up the DagBag from /opt/airflow/dags/checks.py
[2026-03-21T02:39:15.556+0000] {processor.py:840} INFO - DAG(s) 'checks' retrieved from /opt/airflow/dags/checks.py
[2026-03-21T02:39:15.578+0000] {logging_mixin.py:188} INFO - [2026-03-21T02:39:15.578+0000] {dag.py:3089} INFO - Sync 1 DAGs
[2026-03-21T02:39:15.595+0000] {logging_mixin.py:188} INFO - [2026-03-21T02:39:15.595+0000] {dag.py:3947} INFO - Setting next_dagrun for checks to 2026-03-20 00:00:00+00:00, run_after=2026-03-21 00:00:00+00:00
[2026-03-21T02:39:15.622+0000] {processor.py:183} INFO - Processing /opt/airflow/dags/checks.py took 0.093 seconds
[2026-03-21T02:39:45.793+0000] {processor.py:161} INFO - Started process (PID=220) to work on /opt/airflow/dags/checks.py
[2026-03-21T02:39:45.794+0000] {processor.py:830} INFO - Processing file /opt/airflow/dags/checks.py for tasks to queue
[2026-03-21T02:39:45.797+0000] {logging_mixin.py:188} INFO - [2026-03-21T02:39:45.797+0000] {dagbag.py:545} INFO - Filling up the DagBag from /opt/airflow/dags/checks.py
[2026-03-21T02:39:45.816+0000] {processor.py:840} INFO - DAG(s) 'checks' retrieved from /opt/airflow/dags/checks.py
[2026-03-21T02:39:45.839+0000] {logging_mixin.py:188} INFO - [2026-03-21T02:39:45.838+0000] {dag.py:3089} INFO - Sync 1 DAGs
[2026-03-21T02:39:45.859+0000] {logging_mixin.py:188} INFO - [2026-03-21T02:39:45.858+0000] {dag.py:3947} INFO - Setting next_dagrun for checks to 2026-03-20 00:00:00+00:00, run_after=2026-03-21 00:00:00+00:00
[2026-03-21T02:39:45.890+0000] {processor.py:183} INFO - Processing /opt/airflow/dags/checks.py took 0.102 seconds
[2026-03-21T02:40:16.041+0000] {processor.py:161} INFO - Started process (PID=221) to work on /opt/airflow/dags/checks.py
[2026-03-21T02:40:16.043+0000] {processor.py:830} INFO - Processing file /opt/airflow/dags/checks.py for tasks to queue
[2026-03-21T02:40:16.045+0000] {logging_mixin.py:188} INFO - [2026-03-21T02:40:16.044+0000] {dagbag.py:545} INFO - Filling up the DagBag from /opt/airflow/dags/checks.py
[2026-03-21T02:40:16.066+0000] {processor.py:840} INFO - DAG(s) 'checks' retrieved from /opt/airflow/dags/checks.py
[2026-03-21T02:40:16.088+0000] {logging_mixin.py:188} INFO - [2026-03-21T02:40:16.087+0000] {dag.py:3089} INFO - Sync 1 DAGs
[2026-03-21T02:40:16.109+0000] {logging_mixin.py:188} INFO - [2026-03-21T02:40:16.109+0000] {dag.py:3947} INFO - Setting next_dagrun for checks to 2026-03-20 00:00:00+00:00, run_after=2026-03-21 00:00:00+00:00
[2026-03-21T02:40:16.137+0000] {processor.py:183} INFO - Processing /opt/airflow/dags/checks.py took 0.101 seconds
[2026-03-21T02:40:46.311+0000] {processor.py:161} INFO - Started process (PID=222) to work on /opt/airflow/dags/checks.py
[2026-03-21T02:40:46.312+0000] {processor.py:830} INFO - Processing file /opt/airflow/dags/checks.py for tasks to queue
[2026-03-21T02:40:46.315+0000] {logging_mixin.py:188} INFO - [2026-03-21T02:40:46.314+0000] {dagbag.py:545} INFO - Filling up the DagBag from /opt/airflow/dags/checks.py
[2026-03-21T02:40:46.332+0000] {processor.py:840} INFO - DAG(s) 'checks' retrieved from /opt/airflow/dags/checks.py
[2026-03-21T02:40:46.353+0000] {logging_mixin.py:188} INFO - [2026-03-21T02:40:46.353+0000] {dag.py:3089} INFO - Sync 1 DAGs
[2026-03-21T02:40:46.371+0000] {logging_mixin.py:188} INFO - [2026-03-21T02:40:46.371+0000] {dag.py:3947} INFO - Setting next_dagrun for checks to 2026-03-20 00:00:00+00:00, run_after=2026-03-21 00:00:00+00:00
[2026-03-21T02:40:46.396+0000] {processor.py:183} INFO - Processing /opt/airflow/dags/checks.py took 0.091 seconds
[2026-03-21T02:41:16.562+0000] {processor.py:161} INFO - Started process (PID=223) to work on /opt/airflow/dags/checks.py
[2026-03-21T02:41:16.563+0000] {processor.py:830} INFO - Processing file /opt/airflow/dags/checks.py for tasks to queue
[2026-03-21T02:41:16.565+0000] {logging_mixin.py:188} INFO - [2026-03-21T02:41:16.564+0000] {dagbag.py:545} INFO - Filling up the DagBag from /opt/airflow/dags/checks.py
[2026-03-21T02:41:16.589+0000] {processor.py:840} INFO - DAG(s) 'checks' retrieved from /opt/airflow/dags/checks.py
[2026-03-21T02:41:16.618+0000] {logging_mixin.py:188} INFO - [2026-03-21T02:41:16.618+0000] {dag.py:3089} INFO - Sync 1 DAGs
[2026-03-21T02:41:16.642+0000] {logging_mixin.py:188} INFO - [2026-03-21T02:41:16.642+0000] {dag.py:3947} INFO - Setting next_dagrun for checks to 2026-03-20 00:00:00+00:00, run_after=2026-03-21 00:00:00+00:00
[2026-03-21T02:41:16.666+0000] {processor.py:183} INFO - Processing /opt/airflow/dags/checks.py took 0.111 seconds
[2026-03-21T02:41:47.196+0000] {processor.py:161} INFO - Started process (PID=224) to work on /opt/airflow/dags/checks.py
[2026-03-21T02:41:47.197+0000] {processor.py:830} INFO - Processing file /opt/airflow/dags/checks.py for tasks to queue
[2026-03-21T02:41:47.201+0000] {logging_mixin.py:188} INFO - [2026-03-21T02:41:47.200+0000] {dagbag.py:545} INFO - Filling up the DagBag from /opt/airflow/dags/checks.py
[2026-03-21T02:41:47.225+0000] {processor.py:840} INFO - DAG(s) 'checks' retrieved from /opt/airflow/dags/checks.py
[2026-03-21T02:41:47.255+0000] {logging_mixin.py:188} INFO - [2026-03-21T02:41:47.254+0000] {dag.py:3089} INFO - Sync 1 DAGs
[2026-03-21T02:41:47.279+0000] {logging_mixin.py:188} INFO - [2026-03-21T02:41:47.279+0000] {dag.py:3947} INFO - Setting next_dagrun for checks to 2026-03-20 00:00:00+00:00, run_after=2026-03-21 00:00:00+00:00
[2026-03-21T02:41:47.304+0000] {processor.py:183} INFO - Processing /opt/airflow/dags/checks.py took 0.116 seconds
[2026-03-21T02:42:17.915+0000] {processor.py:161} INFO - Started process (PID=225) to work on /opt/airflow/dags/checks.py
[2026-03-21T02:42:17.917+0000] {processor.py:830} INFO - Processing file /opt/airflow/dags/checks.py for tasks to queue
[2026-03-21T02:42:17.920+0000] {logging_mixin.py:188} INFO - [2026-03-21T02:42:17.919+0000] {dagbag.py:545} INFO - Filling up the DagBag from /opt/airflow/dags/checks.py
[2026-03-21T02:42:17.942+0000] {processor.py:840} INFO - DAG(s) 'checks' retrieved from /opt/airflow/dags/checks.py
[2026-03-21T02:42:17.972+0000] {logging_mixin.py:188} INFO - [2026-03-21T02:42:17.972+0000] {dag.py:3089} INFO - Sync 1 DAGs
[2026-03-21T02:42:17.995+0000] {logging_mixin.py:188} INFO - [2026-03-21T02:42:17.994+0000] {dag.py:3947} INFO - Setting next_dagrun for checks to 2026-03-20 00:00:00+00:00, run_after=2026-03-21 00:00:00+00:00
[2026-03-21T02:42:18.036+0000] {processor.py:183} INFO - Processing /opt/airflow/dags/checks.py took 0.128 seconds
[2026-03-21T02:42:48.195+0000] {processor.py:161} INFO - Started process (PID=226) to work on /opt/airflow/dags/checks.py
[2026-03-21T02:42:48.197+0000] {processor.py:830} INFO - Processing file /opt/airflow/dags/checks.py for tasks to queue
[2026-03-21T02:42:48.200+0000] {logging_mixin.py:188} INFO - [2026-03-21T02:42:48.200+0000] {dagbag.py:545} INFO - Filling up the DagBag from /opt/airflow/dags/checks.py
[2026-03-21T02:42:48.226+0000] {processor.py:840} INFO - DAG(s) 'checks' retrieved from /opt/airflow/dags/checks.py
[2026-03-21T02:42:48.257+0000] {logging_mixin.py:188} INFO - [2026-03-21T02:42:48.257+0000] {dag.py:3089} INFO - Sync 1 DAGs
[2026-03-21T02:42:48.279+0000] {logging_mixin.py:188} INFO - [2026-03-21T02:42:48.279+0000] {dag.py:3947} INFO - Setting next_dagrun for checks to 2026-03-20 00:00:00+00:00, run_after=2026-03-21 00:00:00+00:00
[2026-03-21T02:42:48.318+0000] {processor.py:183} INFO - Processing /opt/airflow/dags/checks.py took 0.131 seconds
[2026-03-21T02:43:18.460+0000] {processor.py:161} INFO - Started process (PID=227) to work on /opt/airflow/dags/checks.py
[2026-03-21T02:43:18.461+0000] {processor.py:830} INFO - Processing file /opt/airflow/dags/checks.py for tasks to queue
[2026-03-21T02:43:18.464+0000] {logging_mixin.py:188} INFO - [2026-03-21T02:43:18.464+0000] {dagbag.py:545} INFO - Filling up the DagBag from /opt/airflow/dags/checks.py
[2026-03-21T02:43:18.486+0000] {processor.py:840} INFO - DAG(s) 'checks' retrieved from /opt/airflow/dags/checks.py
[2026-03-21T02:43:18.516+0000] {logging_mixin.py:188} INFO - [2026-03-21T02:43:18.516+0000] {dag.py:3089} INFO - Sync 1 DAGs
[2026-03-21T02:43:18.537+0000] {logging_mixin.py:188} INFO - [2026-03-21T02:43:18.536+0000] {dag.py:3947} INFO - Setting next_dagrun for checks to 2026-03-20 00:00:00+00:00, run_after=2026-03-21 00:00:00+00:00
[2026-03-21T02:43:18.557+0000] {processor.py:183} INFO - Processing /opt/airflow/dags/checks.py took 0.104 seconds
[2026-03-21T02:43:48.818+0000] {processor.py:161} INFO - Started process (PID=228) to work on /opt/airflow/dags/checks.py
[2026-03-21T02:43:48.820+0000] {processor.py:830} INFO - Processing file /opt/airflow/dags/checks.py for tasks to queue
[2026-03-21T02:43:48.824+0000] {logging_mixin.py:188} INFO - [2026-03-21T02:43:48.823+0000] {dagbag.py:545} INFO - Filling up the DagBag from /opt/airflow/dags/checks.py
[2026-03-21T02:43:48.869+0000] {processor.py:840} INFO - DAG(s) 'checks' retrieved from /opt/airflow/dags/checks.py
[2026-03-21T02:43:48.926+0000] {logging_mixin.py:188} INFO - [2026-03-21T02:43:48.926+0000] {dag.py:3089} INFO - Sync 1 DAGs
[2026-03-21T02:43:48.955+0000] {logging_mixin.py:188} INFO - [2026-03-21T02:43:48.955+0000] {dag.py:3947} INFO - Setting next_dagrun for checks to 2026-03-20 00:00:00+00:00, run_after=2026-03-21 00:00:00+00:00
[2026-03-21T02:43:48.978+0000] {processor.py:183} INFO - Processing /opt/airflow/dags/checks.py took 0.171 seconds
[2026-03-21T02:44:19.115+0000] {processor.py:161} INFO - Started process (PID=229) to work on /opt/airflow/dags/checks.py
[2026-03-21T02:44:19.117+0000] {processor.py:830} INFO - Processing file /opt/airflow/dags/checks.py for tasks to queue
[2026-03-21T02:44:19.121+0000] {logging_mixin.py:188} INFO - [2026-03-21T02:44:19.120+0000] {dagbag.py:545} INFO - Filling up the DagBag from /opt/airflow/dags/checks.py
[2026-03-21T02:44:19.145+0000] {processor.py:840} INFO - DAG(s) 'checks' retrieved from /opt/airflow/dags/checks.py
[2026-03-21T02:44:19.180+0000] {logging_mixin.py:188} INFO - [2026-03-21T02:44:19.180+0000] {dag.py:3089} INFO - Sync 1 DAGs
[2026-03-21T02:44:19.204+0000] {logging_mixin.py:188} INFO - [2026-03-21T02:44:19.204+0000] {dag.py:3947} INFO - Setting next_dagrun for checks to 2026-03-20 00:00:00+00:00, run_after=2026-03-21 00:00:00+00:00
[2026-03-21T02:44:19.231+0000] {processor.py:183} INFO - Processing /opt/airflow/dags/checks.py took 0.124 seconds
[2026-03-21T02:44:49.396+0000] {processor.py:161} INFO - Started process (PID=230) to work on /opt/airflow/dags/checks.py
[2026-03-21T02:44:49.397+0000] {processor.py:830} INFO - Processing file /opt/airflow/dags/checks.py for tasks to queue
[2026-03-21T02:44:49.400+0000] {logging_mixin.py:188} INFO - [2026-03-21T02:44:49.399+0000] {dagbag.py:545} INFO - Filling up the DagBag from /opt/airflow/dags/checks.py
[2026-03-21T02:44:49.420+0000] {processor.py:840} INFO - DAG(s) 'checks' retrieved from /opt/airflow/dags/checks.py
[2026-03-21T02:44:49.450+0000] {logging_mixin.py:188} INFO - [2026-03-21T02:44:49.450+0000] {dag.py:3089} INFO - Sync 1 DAGs
[2026-03-21T02:44:49.472+0000] {logging_mixin.py:188} INFO - [2026-03-21T02:44:49.472+0000] {dag.py:3947} INFO - Setting next_dagrun for checks to 2026-03-20 00:00:00+00:00, run_after=2026-03-21 00:00:00+00:00
[2026-03-21T02:44:49.495+0000] {processor.py:183} INFO - Processing /opt/airflow/dags/checks.py took 0.106 seconds
[2026-03-21T02:45:19.681+0000] {processor.py:161} INFO - Started process (PID=231) to work on /opt/airflow/dags/checks.py
[2026-03-21T02:45:19.682+0000] {processor.py:830} INFO - Processing file /opt/airflow/dags/checks.py for tasks to queue
[2026-03-21T02:45:19.685+0000] {logging_mixin.py:188} INFO - [2026-03-21T02:45:19.684+0000] {dagbag.py:545} INFO - Filling up the DagBag from /opt/airflow/dags/checks.py
[2026-03-21T02:45:19.706+0000] {processor.py:840} INFO - DAG(s) 'checks' retrieved from /opt/airflow/dags/checks.py
[2026-03-21T02:45:19.733+0000] {logging_mixin.py:188} INFO - [2026-03-21T02:45:19.733+0000] {dag.py:3089} INFO - Sync 1 DAGs
[2026-03-21T02:45:19.753+0000] {logging_mixin.py:188} INFO - [2026-03-21T02:45:19.753+0000] {dag.py:3947} INFO - Setting next_dagrun for checks to 2026-03-20 00:00:00+00:00, run_after=2026-03-21 00:00:00+00:00
[2026-03-21T02:45:19.781+0000] {processor.py:183} INFO - Processing /opt/airflow/dags/checks.py took 0.107 seconds
[2026-03-21T02:45:49.959+0000] {processor.py:161} INFO - Started process (PID=232) to work on /opt/airflow/dags/checks.py
[2026-03-21T02:45:49.960+0000] {processor.py:830} INFO - Processing file /opt/airflow/dags/checks.py for tasks to queue
[2026-03-21T02:45:49.962+0000] {logging_mixin.py:188} INFO - [2026-03-21T02:45:49.962+0000] {dagbag.py:545} INFO - Filling up the DagBag from /opt/airflow/dags/checks.py
[2026-03-21T02:45:49.983+0000] {processor.py:840} INFO - DAG(s) 'checks' retrieved from /opt/airflow/dags/checks.py
[2026-03-21T02:45:50.006+0000] {logging_mixin.py:188} INFO - [2026-03-21T02:45:50.006+0000] {dag.py:3089} INFO - Sync 1 DAGs
[2026-03-21T02:45:50.026+0000] {logging_mixin.py:188} INFO - [2026-03-21T02:45:50.025+0000] {dag.py:3947} INFO - Setting next_dagrun for checks to 2026-03-20 00:00:00+00:00, run_after=2026-03-21 00:00:00+00:00
[2026-03-21T02:45:50.052+0000] {processor.py:183} INFO - Processing /opt/airflow/dags/checks.py took 0.099 seconds
[2026-03-21T02:46:20.258+0000] {processor.py:161} INFO - Started process (PID=233) to work on /opt/airflow/dags/checks.py
[2026-03-21T02:46:20.260+0000] {processor.py:830} INFO - Processing file /opt/airflow/dags/checks.py for tasks to queue
[2026-03-21T02:46:20.262+0000] {logging_mixin.py:188} INFO - [2026-03-21T02:46:20.261+0000] {dagbag.py:545} INFO - Filling up the DagBag from /opt/airflow/dags/checks.py
[2026-03-21T02:46:20.287+0000] {processor.py:840} INFO - DAG(s) 'checks' retrieved from /opt/airflow/dags/checks.py
[2026-03-21T02:46:20.313+0000] {logging_mixin.py:188} INFO - [2026-03-21T02:46:20.313+0000] {dag.py:3089} INFO - Sync 1 DAGs
[2026-03-21T02:46:20.335+0000] {logging_mixin.py:188} INFO - [2026-03-21T02:46:20.335+0000] {dag.py:3947} INFO - Setting next_dagrun for checks to 2026-03-20 00:00:00+00:00, run_after=2026-03-21 00:00:00+00:00
[2026-03-21T02:46:20.369+0000] {processor.py:183} INFO - Processing /opt/airflow/dags/checks.py took 0.116 seconds
[2026-03-21T02:46:50.540+0000] {processor.py:161} INFO - Started process (PID=234) to work on /opt/airflow/dags/checks.py
[2026-03-21T02:46:50.542+0000] {processor.py:830} INFO - Processing file /opt/airflow/dags/checks.py for tasks to queue
[2026-03-21T02:46:50.544+0000] {logging_mixin.py:188} INFO - [2026-03-21T02:46:50.544+0000] {dagbag.py:545} INFO - Filling up the DagBag from /opt/airflow/dags/checks.py
[2026-03-21T02:46:50.565+0000] {processor.py:840} INFO - DAG(s) 'checks' retrieved from /opt/airflow/dags/checks.py
[2026-03-21T02:46:50.594+0000] {logging_mixin.py:188} INFO - [2026-03-21T02:46:50.594+0000] {dag.py:3089} INFO - Sync 1 DAGs
[2026-03-21T02:46:50.615+0000] {logging_mixin.py:188} INFO - [2026-03-21T02:46:50.615+0000] {dag.py:3947} INFO - Setting next_dagrun for checks to 2026-03-20 00:00:00+00:00, run_after=2026-03-21 00:00:00+00:00
[2026-03-21T02:46:50.640+0000] {processor.py:183} INFO - Processing /opt/airflow/dags/checks.py took 0.107 seconds
[2026-03-21T02:47:20.803+0000] {processor.py:161} INFO - Started process (PID=235) to work on /opt/airflow/dags/checks.py
[2026-03-21T02:47:20.804+0000] {processor.py:830} INFO - Processing file /opt/airflow/dags/checks.py for tasks to queue
[2026-03-21T02:47:20.806+0000] {logging_mixin.py:188} INFO - [2026-03-21T02:47:20.805+0000] {dagbag.py:545} INFO - Filling up the DagBag from /opt/airflow/dags/checks.py
[2026-03-21T02:47:20.824+0000] {processor.py:840} INFO - DAG(s) 'checks' retrieved from /opt/airflow/dags/checks.py
[2026-03-21T02:47:20.852+0000] {logging_mixin.py:188} INFO - [2026-03-21T02:47:20.851+0000] {dag.py:3089} INFO - Sync 1 DAGs
[2026-03-21T02:47:20.874+0000] {logging_mixin.py:188} INFO - [2026-03-21T02:47:20.874+0000] {dag.py:3947} INFO - Setting next_dagrun for checks to 2026-03-20 00:00:00+00:00, run_after=2026-03-21 00:00:00+00:00
[2026-03-21T02:47:20.900+0000] {processor.py:183} INFO - Processing /opt/airflow/dags/checks.py took 0.103 seconds
[2026-03-21T02:47:51.078+0000] {processor.py:161} INFO - Started process (PID=236) to work on /opt/airflow/dags/checks.py
[2026-03-21T02:47:51.079+0000] {processor.py:830} INFO - Processing file /opt/airflow/dags/checks.py for tasks to queue
[2026-03-21T02:47:51.082+0000] {logging_mixin.py:188} INFO - [2026-03-21T02:47:51.082+0000] {dagbag.py:545} INFO - Filling up the DagBag from /opt/airflow/dags/checks.py
[2026-03-21T02:47:51.102+0000] {processor.py:840} INFO - DAG(s) 'checks' retrieved from /opt/airflow/dags/checks.py
[2026-03-21T02:47:51.126+0000] {logging_mixin.py:188} INFO - [2026-03-21T02:47:51.126+0000] {dag.py:3089} INFO - Sync 1 DAGs
[2026-03-21T02:47:51.144+0000] {logging_mixin.py:188} INFO - [2026-03-21T02:47:51.144+0000] {dag.py:3947} INFO - Setting next_dagrun for checks to 2026-03-20 00:00:00+00:00, run_after=2026-03-21 00:00:00+00:00
[2026-03-21T02:47:51.172+0000] {processor.py:183} INFO - Processing /opt/airflow/dags/checks.py took 0.100 seconds
[2026-03-21T02:48:21.348+0000] {processor.py:161} INFO - Started process (PID=237) to work on /opt/airflow/dags/checks.py
[2026-03-21T02:48:21.349+0000] {processor.py:830} INFO - Processing file /opt/airflow/dags/checks.py for tasks to queue
[2026-03-21T02:48:21.351+0000] {logging_mixin.py:188} INFO - [2026-03-21T02:48:21.351+0000] {dagbag.py:545} INFO - Filling up the DagBag from /opt/airflow/dags/checks.py
[2026-03-21T02:48:21.369+0000] {processor.py:840} INFO - DAG(s) 'checks' retrieved from /opt/airflow/dags/checks.py
[2026-03-21T02:48:21.392+0000] {logging_mixin.py:188} INFO - [2026-03-21T02:48:21.392+0000] {dag.py:3089} INFO - Sync 1 DAGs
[2026-03-21T02:48:21.410+0000] {logging_mixin.py:188} INFO - [2026-03-21T02:48:21.410+0000] {dag.py:3947} INFO - Setting next_dagrun for checks to 2026-03-20 00:00:00+00:00, run_after=2026-03-21 00:00:00+00:00
[2026-03-21T02:48:21.437+0000] {processor.py:183} INFO - Processing /opt/airflow/dags/checks.py took 0.094 seconds
[2026-03-21T02:48:51.622+0000] {processor.py:161} INFO - Started process (PID=238) to work on /opt/airflow/dags/checks.py
[2026-03-21T02:48:51.623+0000] {processor.py:830} INFO - Processing file /opt/airflow/dags/checks.py for tasks to queue
[2026-03-21T02:48:51.625+0000] {logging_mixin.py:188} INFO - [2026-03-21T02:48:51.625+0000] {dagbag.py:545} INFO - Filling up the DagBag from /opt/airflow/dags/checks.py
[2026-03-21T02:48:51.644+0000] {processor.py:840} INFO - DAG(s) 'checks' retrieved from /opt/airflow/dags/checks.py
[2026-03-21T02:48:51.666+0000] {logging_mixin.py:188} INFO - [2026-03-21T02:48:51.666+0000] {dag.py:3089} INFO - Sync 1 DAGs
[2026-03-21T02:48:51.683+0000] {logging_mixin.py:188} INFO - [2026-03-21T02:48:51.683+0000] {dag.py:3947} INFO - Setting next_dagrun for checks to 2026-03-20 00:00:00+00:00, run_after=2026-03-21 00:00:00+00:00
[2026-03-21T02:48:51.705+0000] {processor.py:183} INFO - Processing /opt/airflow/dags/checks.py took 0.089 seconds
[2026-03-21T02:49:21.799+0000] {processor.py:161} INFO - Started process (PID=239) to work on /opt/airflow/dags/checks.py
[2026-03-21T02:49:21.800+0000] {processor.py:830} INFO - Processing file /opt/airflow/dags/checks.py for tasks to queue
[2026-03-21T02:49:21.803+0000] {logging_mixin.py:188} INFO - [2026-03-21T02:49:21.802+0000] {dagbag.py:545} INFO - Filling up the DagBag from /opt/airflow/dags/checks.py
[2026-03-21T02:49:21.824+0000] {processor.py:840} INFO - DAG(s) 'checks' retrieved from /opt/airflow/dags/checks.py
[2026-03-21T02:49:21.851+0000] {logging_mixin.py:188} INFO - [2026-03-21T02:49:21.851+0000] {dag.py:3089} INFO - Sync 1 DAGs
[2026-03-21T02:49:21.872+0000] {logging_mixin.py:188} INFO - [2026-03-21T02:49:21.871+0000] {dag.py:3947} INFO - Setting next_dagrun for checks to 2026-03-20 00:00:00+00:00, run_after=2026-03-21 00:00:00+00:00
[2026-03-21T02:49:21.898+0000] {processor.py:183} INFO - Processing /opt/airflow/dags/checks.py took 0.106 seconds
[2026-03-21T02:49:52.055+0000] {processor.py:161} INFO - Started process (PID=240) to work on /opt/airflow/dags/checks.py
[2026-03-21T02:49:52.057+0000] {processor.py:830} INFO - Processing file /opt/airflow/dags/checks.py for tasks to queue
[2026-03-21T02:49:52.058+0000] {logging_mixin.py:188} INFO - [2026-03-21T02:49:52.058+0000] {dagbag.py:545} INFO - Filling up the DagBag from /opt/airflow/dags/checks.py
[2026-03-21T02:49:52.077+0000] {processor.py:840} INFO - DAG(s) 'checks' retrieved from /opt/airflow/dags/checks.py
[2026-03-21T02:49:52.100+0000] {logging_mixin.py:188} INFO - [2026-03-21T02:49:52.099+0000] {dag.py:3089} INFO - Sync 1 DAGs
[2026-03-21T02:49:52.118+0000] {logging_mixin.py:188} INFO - [2026-03-21T02:49:52.118+0000] {dag.py:3947} INFO - Setting next_dagrun for checks to 2026-03-20 00:00:00+00:00, run_after=2026-03-21 00:00:00+00:00
[2026-03-21T02:49:52.144+0000] {processor.py:183} INFO - Processing /opt/airflow/dags/checks.py took 0.095 seconds
[2026-03-21T02:50:22.342+0000] {processor.py:161} INFO - Started process (PID=241) to work on /opt/airflow/dags/checks.py
[2026-03-21T02:50:22.343+0000] {processor.py:830} INFO - Processing file /opt/airflow/dags/checks.py for tasks to queue
[2026-03-21T02:50:22.345+0000] {logging_mixin.py:188} INFO - [2026-03-21T02:50:22.345+0000] {dagbag.py:545} INFO - Filling up the DagBag from /opt/airflow/dags/checks.py
[2026-03-21T02:50:22.365+0000] {processor.py:840} INFO - DAG(s) 'checks' retrieved from /opt/airflow/dags/checks.py
[2026-03-21T02:50:22.389+0000] {logging_mixin.py:188} INFO - [2026-03-21T02:50:22.389+0000] {dag.py:3089} INFO - Sync 1 DAGs
[2026-03-21T02:50:22.408+0000] {logging_mixin.py:188} INFO - [2026-03-21T02:50:22.408+0000] {dag.py:3947} INFO - Setting next_dagrun for checks to 2026-03-20 00:00:00+00:00, run_after=2026-03-21 00:00:00+00:00
[2026-03-21T02:50:22.435+0000] {processor.py:183} INFO - Processing /opt/airflow/dags/checks.py took 0.099 seconds
[2026-03-21T02:50:52.632+0000] {processor.py:161} INFO - Started process (PID=242) to work on /opt/airflow/dags/checks.py
[2026-03-21T02:50:52.633+0000] {processor.py:830} INFO - Processing file /opt/airflow/dags/checks.py for tasks to queue
[2026-03-21T02:50:52.635+0000] {logging_mixin.py:188} INFO - [2026-03-21T02:50:52.634+0000] {dagbag.py:545} INFO - Filling up the DagBag from /opt/airflow/dags/checks.py
[2026-03-21T02:50:52.655+0000] {processor.py:840} INFO - DAG(s) 'checks' retrieved from /opt/airflow/dags/checks.py
[2026-03-21T02:50:52.679+0000] {logging_mixin.py:188} INFO - [2026-03-21T02:50:52.678+0000] {dag.py:3089} INFO - Sync 1 DAGs
[2026-03-21T02:50:52.696+0000] {logging_mixin.py:188} INFO - [2026-03-21T02:50:52.695+0000] {dag.py:3947} INFO - Setting next_dagrun for checks to 2026-03-20 00:00:00+00:00, run_after=2026-03-21 00:00:00+00:00
[2026-03-21T02:50:52.722+0000] {processor.py:183} INFO - Processing /opt/airflow/dags/checks.py took 0.096 seconds
[2026-03-21T02:51:22.909+0000] {processor.py:161} INFO - Started process (PID=243) to work on /opt/airflow/dags/checks.py
[2026-03-21T02:51:22.910+0000] {processor.py:830} INFO - Processing file /opt/airflow/dags/checks.py for tasks to queue
[2026-03-21T02:51:22.913+0000] {logging_mixin.py:188} INFO - [2026-03-21T02:51:22.913+0000] {dagbag.py:545} INFO - Filling up the DagBag from /opt/airflow/dags/checks.py
[2026-03-21T02:51:22.933+0000] {processor.py:840} INFO - DAG(s) 'checks' retrieved from /opt/airflow/dags/checks.py
[2026-03-21T02:51:22.960+0000] {logging_mixin.py:188} INFO - [2026-03-21T02:51:22.959+0000] {dag.py:3089} INFO - Sync 1 DAGs
[2026-03-21T02:51:22.987+0000] {logging_mixin.py:188} INFO - [2026-03-21T02:51:22.986+0000] {dag.py:3947} INFO - Setting next_dagrun for checks to 2026-03-20 00:00:00+00:00, run_after=2026-03-21 00:00:00+00:00
[2026-03-21T02:51:23.020+0000] {processor.py:183} INFO - Processing /opt/airflow/dags/checks.py took 0.116 seconds
[2026-03-21T02:51:53.179+0000] {processor.py:161} INFO - Started process (PID=244) to work on /opt/airflow/dags/checks.py
[2026-03-21T02:51:53.180+0000] {processor.py:830} INFO - Processing file /opt/airflow/dags/checks.py for tasks to queue
[2026-03-21T02:51:53.182+0000] {logging_mixin.py:188} INFO - [2026-03-21T02:51:53.182+0000] {dagbag.py:545} INFO - Filling up the DagBag from /opt/airflow/dags/checks.py
[2026-03-21T02:51:53.201+0000] {processor.py:840} INFO - DAG(s) 'checks' retrieved from /opt/airflow/dags/checks.py
[2026-03-21T02:51:53.223+0000] {logging_mixin.py:188} INFO - [2026-03-21T02:51:53.223+0000] {dag.py:3089} INFO - Sync 1 DAGs
[2026-03-21T02:51:53.241+0000] {logging_mixin.py:188} INFO - [2026-03-21T02:51:53.241+0000] {dag.py:3947} INFO - Setting next_dagrun for checks to 2026-03-20 00:00:00+00:00, run_after=2026-03-21 00:00:00+00:00
[2026-03-21T02:51:53.268+0000] {processor.py:183} INFO - Processing /opt/airflow/dags/checks.py took 0.095 seconds
[2026-03-21T02:52:23.456+0000] {processor.py:161} INFO - Started process (PID=245) to work on /opt/airflow/dags/checks.py
[2026-03-21T02:52:23.457+0000] {processor.py:830} INFO - Processing file /opt/airflow/dags/checks.py for tasks to queue
[2026-03-21T02:52:23.460+0000] {logging_mixin.py:188} INFO - [2026-03-21T02:52:23.459+0000] {dagbag.py:545} INFO - Filling up the DagBag from /opt/airflow/dags/checks.py
[2026-03-21T02:52:23.479+0000] {processor.py:840} INFO - DAG(s) 'checks' retrieved from /opt/airflow/dags/checks.py
[2026-03-21T02:52:23.503+0000] {logging_mixin.py:188} INFO - [2026-03-21T02:52:23.503+0000] {dag.py:3089} INFO - Sync 1 DAGs
[2026-03-21T02:52:23.523+0000] {logging_mixin.py:188} INFO - [2026-03-21T02:52:23.522+0000] {dag.py:3947} INFO - Setting next_dagrun for checks to 2026-03-20 00:00:00+00:00, run_after=2026-03-21 00:00:00+00:00
[2026-03-21T02:52:23.548+0000] {processor.py:183} INFO - Processing /opt/airflow/dags/checks.py took 0.097 seconds
[2026-03-21T02:52:53.730+0000] {processor.py:161} INFO - Started process (PID=246) to work on /opt/airflow/dags/checks.py
[2026-03-21T02:52:53.731+0000] {processor.py:830} INFO - Processing file /opt/airflow/dags/checks.py for tasks to queue
[2026-03-21T02:52:53.733+0000] {logging_mixin.py:188} INFO - [2026-03-21T02:52:53.733+0000] {dagbag.py:545} INFO - Filling up the DagBag from /opt/airflow/dags/checks.py
[2026-03-21T02:52:53.754+0000] {processor.py:840} INFO - DAG(s) 'checks' retrieved from /opt/airflow/dags/checks.py
[2026-03-21T02:52:53.778+0000] {logging_mixin.py:188} INFO - [2026-03-21T02:52:53.778+0000] {dag.py:3089} INFO - Sync 1 DAGs
[2026-03-21T02:52:53.796+0000] {logging_mixin.py:188} INFO - [2026-03-21T02:52:53.795+0000] {dag.py:3947} INFO - Setting next_dagrun for checks to 2026-03-20 00:00:00+00:00, run_after=2026-03-21 00:00:00+00:00
[2026-03-21T02:52:53.819+0000] {processor.py:183} INFO - Processing /opt/airflow/dags/checks.py took 0.094 seconds
[2026-03-21T02:53:24.003+0000] {processor.py:161} INFO - Started process (PID=247) to work on /opt/airflow/dags/checks.py
[2026-03-21T02:53:24.004+0000] {processor.py:830} INFO - Processing file /opt/airflow/dags/checks.py for tasks to queue
[2026-03-21T02:53:24.006+0000] {logging_mixin.py:188} INFO - [2026-03-21T02:53:24.006+0000] {dagbag.py:545} INFO - Filling up the DagBag from /opt/airflow/dags/checks.py
[2026-03-21T02:53:24.024+0000] {processor.py:840} INFO - DAG(s) 'checks' retrieved from /opt/airflow/dags/checks.py
[2026-03-21T02:53:24.048+0000] {logging_mixin.py:188} INFO - [2026-03-21T02:53:24.048+0000] {dag.py:3089} INFO - Sync 1 DAGs
[2026-03-21T02:53:24.067+0000] {logging_mixin.py:188} INFO - [2026-03-21T02:53:24.067+0000] {dag.py:3947} INFO - Setting next_dagrun for checks to 2026-03-20 00:00:00+00:00, run_after=2026-03-21 00:00:00+00:00
[2026-03-21T02:53:24.093+0000] {processor.py:183} INFO - Processing /opt/airflow/dags/checks.py took 0.096 seconds
[2026-03-21T02:53:54.281+0000] {processor.py:161} INFO - Started process (PID=248) to work on /opt/airflow/dags/checks.py
[2026-03-21T02:53:54.282+0000] {processor.py:830} INFO - Processing file /opt/airflow/dags/checks.py for tasks to queue
[2026-03-21T02:53:54.283+0000] {logging_mixin.py:188} INFO - [2026-03-21T02:53:54.283+0000] {dagbag.py:545} INFO - Filling up the DagBag from /opt/airflow/dags/checks.py
[2026-03-21T02:53:54.301+0000] {processor.py:840} INFO - DAG(s) 'checks' retrieved from /opt/airflow/dags/checks.py
[2026-03-21T02:53:54.323+0000] {logging_mixin.py:188} INFO - [2026-03-21T02:53:54.323+0000] {dag.py:3089} INFO - Sync 1 DAGs
[2026-03-21T02:53:54.342+0000] {logging_mixin.py:188} INFO - [2026-03-21T02:53:54.341+0000] {dag.py:3947} INFO - Setting next_dagrun for checks to 2026-03-20 00:00:00+00:00, run_after=2026-03-21 00:00:00+00:00
[2026-03-21T02:53:54.368+0000] {processor.py:183} INFO - Processing /opt/airflow/dags/checks.py took 0.093 seconds
[2026-03-21T02:54:24.546+0000] {processor.py:161} INFO - Started process (PID=249) to work on /opt/airflow/dags/checks.py
[2026-03-21T02:54:24.548+0000] {processor.py:830} INFO - Processing file /opt/airflow/dags/checks.py for tasks to queue
[2026-03-21T02:54:24.550+0000] {logging_mixin.py:188} INFO - [2026-03-21T02:54:24.550+0000] {dagbag.py:545} INFO - Filling up the DagBag from /opt/airflow/dags/checks.py
[2026-03-21T02:54:24.573+0000] {processor.py:840} INFO - DAG(s) 'checks' retrieved from /opt/airflow/dags/checks.py
[2026-03-21T02:54:24.595+0000] {logging_mixin.py:188} INFO - [2026-03-21T02:54:24.595+0000] {dag.py:3089} INFO - Sync 1 DAGs
[2026-03-21T02:54:24.613+0000] {logging_mixin.py:188} INFO - [2026-03-21T02:54:24.613+0000] {dag.py:3947} INFO - Setting next_dagrun for checks to 2026-03-20 00:00:00+00:00, run_after=2026-03-21 00:00:00+00:00
[2026-03-21T02:54:24.638+0000] {processor.py:183} INFO - Processing /opt/airflow/dags/checks.py took 0.098 seconds
[2026-03-21T02:54:54.820+0000] {processor.py:161} INFO - Started process (PID=250) to work on /opt/airflow/dags/checks.py
[2026-03-21T02:54:54.821+0000] {processor.py:830} INFO - Processing file /opt/airflow/dags/checks.py for tasks to queue
[2026-03-21T02:54:54.824+0000] {logging_mixin.py:188} INFO - [2026-03-21T02:54:54.823+0000] {dagbag.py:545} INFO - Filling up the DagBag from /opt/airflow/dags/checks.py
[2026-03-21T02:54:54.850+0000] {processor.py:840} INFO - DAG(s) 'checks' retrieved from /opt/airflow/dags/checks.py
[2026-03-21T02:54:54.884+0000] {logging_mixin.py:188} INFO - [2026-03-21T02:54:54.884+0000] {dag.py:3089} INFO - Sync 1 DAGs
[2026-03-21T02:54:54.918+0000] {logging_mixin.py:188} INFO - [2026-03-21T02:54:54.918+0000] {dag.py:3947} INFO - Setting next_dagrun for checks to 2026-03-20 00:00:00+00:00, run_after=2026-03-21 00:00:00+00:00
[2026-03-21T02:54:54.953+0000] {processor.py:183} INFO - Processing /opt/airflow/dags/checks.py took 0.139 seconds
[2026-03-21T02:55:25.100+0000] {processor.py:161} INFO - Started process (PID=251) to work on /opt/airflow/dags/checks.py
[2026-03-21T02:55:25.101+0000] {processor.py:830} INFO - Processing file /opt/airflow/dags/checks.py for tasks to queue
[2026-03-21T02:55:25.104+0000] {logging_mixin.py:188} INFO - [2026-03-21T02:55:25.104+0000] {dagbag.py:545} INFO - Filling up the DagBag from /opt/airflow/dags/checks.py
[2026-03-21T02:55:25.127+0000] {processor.py:840} INFO - DAG(s) 'checks' retrieved from /opt/airflow/dags/checks.py
[2026-03-21T02:55:25.154+0000] {logging_mixin.py:188} INFO - [2026-03-21T02:55:25.153+0000] {dag.py:3089} INFO - Sync 1 DAGs
[2026-03-21T02:55:25.175+0000] {logging_mixin.py:188} INFO - [2026-03-21T02:55:25.174+0000] {dag.py:3947} INFO - Setting next_dagrun for checks to 2026-03-20 00:00:00+00:00, run_after=2026-03-21 00:00:00+00:00
[2026-03-21T02:55:25.219+0000] {processor.py:183} INFO - Processing /opt/airflow/dags/checks.py took 0.127 seconds
[2026-03-21T02:55:55.386+0000] {processor.py:161} INFO - Started process (PID=252) to work on /opt/airflow/dags/checks.py
[2026-03-21T02:55:55.387+0000] {processor.py:830} INFO - Processing file /opt/airflow/dags/checks.py for tasks to queue
[2026-03-21T02:55:55.390+0000] {logging_mixin.py:188} INFO - [2026-03-21T02:55:55.389+0000] {dagbag.py:545} INFO - Filling up the DagBag from /opt/airflow/dags/checks.py
[2026-03-21T02:55:55.412+0000] {processor.py:840} INFO - DAG(s) 'checks' retrieved from /opt/airflow/dags/checks.py
[2026-03-21T02:55:55.440+0000] {logging_mixin.py:188} INFO - [2026-03-21T02:55:55.440+0000] {dag.py:3089} INFO - Sync 1 DAGs
[2026-03-21T02:55:55.461+0000] {logging_mixin.py:188} INFO - [2026-03-21T02:55:55.460+0000] {dag.py:3947} INFO - Setting next_dagrun for checks to 2026-03-20 00:00:00+00:00, run_after=2026-03-21 00:00:00+00:00
[2026-03-21T02:55:55.486+0000] {processor.py:183} INFO - Processing /opt/airflow/dags/checks.py took 0.112 seconds
[2026-03-21T02:56:25.645+0000] {processor.py:161} INFO - Started process (PID=253) to work on /opt/airflow/dags/checks.py
[2026-03-21T02:56:25.646+0000] {processor.py:830} INFO - Processing file /opt/airflow/dags/checks.py for tasks to queue
[2026-03-21T02:56:25.648+0000] {logging_mixin.py:188} INFO - [2026-03-21T02:56:25.647+0000] {dagbag.py:545} INFO - Filling up the DagBag from /opt/airflow/dags/checks.py
[2026-03-21T02:56:25.667+0000] {processor.py:840} INFO - DAG(s) 'checks' retrieved from /opt/airflow/dags/checks.py
[2026-03-21T02:56:25.692+0000] {logging_mixin.py:188} INFO - [2026-03-21T02:56:25.692+0000] {dag.py:3089} INFO - Sync 1 DAGs
[2026-03-21T02:56:25.713+0000] {logging_mixin.py:188} INFO - [2026-03-21T02:56:25.713+0000] {dag.py:3947} INFO - Setting next_dagrun for checks to 2026-03-20 00:00:00+00:00, run_after=2026-03-21 00:00:00+00:00
[2026-03-21T02:56:25.737+0000] {processor.py:183} INFO - Processing /opt/airflow/dags/checks.py took 0.098 seconds
[2026-03-21T02:56:55.915+0000] {processor.py:161} INFO - Started process (PID=254) to work on /opt/airflow/dags/checks.py
[2026-03-21T02:56:55.916+0000] {processor.py:830} INFO - Processing file /opt/airflow/dags/checks.py for tasks to queue
[2026-03-21T02:56:55.918+0000] {logging_mixin.py:188} INFO - [2026-03-21T02:56:55.918+0000] {dagbag.py:545} INFO - Filling up the DagBag from /opt/airflow/dags/checks.py
[2026-03-21T02:56:55.939+0000] {processor.py:840} INFO - DAG(s) 'checks' retrieved from /opt/airflow/dags/checks.py
[2026-03-21T02:56:55.962+0000] {logging_mixin.py:188} INFO - [2026-03-21T02:56:55.961+0000] {dag.py:3089} INFO - Sync 1 DAGs
[2026-03-21T02:56:55.980+0000] {logging_mixin.py:188} INFO - [2026-03-21T02:56:55.980+0000] {dag.py:3947} INFO - Setting next_dagrun for checks to 2026-03-20 00:00:00+00:00, run_after=2026-03-21 00:00:00+00:00
[2026-03-21T02:56:56.027+0000] {processor.py:183} INFO - Processing /opt/airflow/dags/checks.py took 0.118 seconds
[2026-03-21T02:57:26.185+0000] {processor.py:161} INFO - Started process (PID=255) to work on /opt/airflow/dags/checks.py
[2026-03-21T02:57:26.186+0000] {processor.py:830} INFO - Processing file /opt/airflow/dags/checks.py for tasks to queue
[2026-03-21T02:57:26.189+0000] {logging_mixin.py:188} INFO - [2026-03-21T02:57:26.188+0000] {dagbag.py:545} INFO - Filling up the DagBag from /opt/airflow/dags/checks.py
[2026-03-21T02:57:26.211+0000] {processor.py:840} INFO - DAG(s) 'checks' retrieved from /opt/airflow/dags/checks.py
[2026-03-21T02:57:26.235+0000] {logging_mixin.py:188} INFO - [2026-03-21T02:57:26.234+0000] {dag.py:3089} INFO - Sync 1 DAGs
[2026-03-21T02:57:26.255+0000] {logging_mixin.py:188} INFO - [2026-03-21T02:57:26.255+0000] {dag.py:3947} INFO - Setting next_dagrun for checks to 2026-03-20 00:00:00+00:00, run_after=2026-03-21 00:00:00+00:00
[2026-03-21T02:57:26.280+0000] {processor.py:183} INFO - Processing /opt/airflow/dags/checks.py took 0.103 seconds
[2026-03-21T02:57:56.452+0000] {processor.py:161} INFO - Started process (PID=256) to work on /opt/airflow/dags/checks.py
[2026-03-21T02:57:56.453+0000] {processor.py:830} INFO - Processing file /opt/airflow/dags/checks.py for tasks to queue
[2026-03-21T02:57:56.455+0000] {logging_mixin.py:188} INFO - [2026-03-21T02:57:56.455+0000] {dagbag.py:545} INFO - Filling up the DagBag from /opt/airflow/dags/checks.py
[2026-03-21T02:57:56.474+0000] {processor.py:840} INFO - DAG(s) 'checks' retrieved from /opt/airflow/dags/checks.py
[2026-03-21T02:57:56.499+0000] {logging_mixin.py:188} INFO - [2026-03-21T02:57:56.499+0000] {dag.py:3089} INFO - Sync 1 DAGs
[2026-03-21T02:57:56.519+0000] {logging_mixin.py:188} INFO - [2026-03-21T02:57:56.518+0000] {dag.py:3947} INFO - Setting next_dagrun for checks to 2026-03-20 00:00:00+00:00, run_after=2026-03-21 00:00:00+00:00
[2026-03-21T02:57:56.540+0000] {processor.py:183} INFO - Processing /opt/airflow/dags/checks.py took 0.095 seconds
[2026-03-21T02:58:26.725+0000] {processor.py:161} INFO - Started process (PID=257) to work on /opt/airflow/dags/checks.py
[2026-03-21T02:58:26.726+0000] {processor.py:830} INFO - Processing file /opt/airflow/dags/checks.py for tasks to queue
[2026-03-21T02:58:26.728+0000] {logging_mixin.py:188} INFO - [2026-03-21T02:58:26.727+0000] {dagbag.py:545} INFO - Filling up the DagBag from /opt/airflow/dags/checks.py
[2026-03-21T02:58:26.746+0000] {processor.py:840} INFO - DAG(s) 'checks' retrieved from /opt/airflow/dags/checks.py
[2026-03-21T02:58:26.771+0000] {logging_mixin.py:188} INFO - [2026-03-21T02:58:26.771+0000] {dag.py:3089} INFO - Sync 1 DAGs
[2026-03-21T02:58:26.790+0000] {logging_mixin.py:188} INFO - [2026-03-21T02:58:26.790+0000] {dag.py:3947} INFO - Setting next_dagrun for checks to 2026-03-20 00:00:00+00:00, run_after=2026-03-21 00:00:00+00:00
[2026-03-21T02:58:26.816+0000] {processor.py:183} INFO - Processing /opt/airflow/dags/checks.py took 0.097 seconds
[2026-03-21T02:58:57.017+0000] {processor.py:161} INFO - Started process (PID=258) to work on /opt/airflow/dags/checks.py
[2026-03-21T02:58:57.018+0000] {processor.py:830} INFO - Processing file /opt/airflow/dags/checks.py for tasks to queue
[2026-03-21T02:58:57.021+0000] {logging_mixin.py:188} INFO - [2026-03-21T02:58:57.021+0000] {dagbag.py:545} INFO - Filling up the DagBag from /opt/airflow/dags/checks.py
[2026-03-21T02:58:57.039+0000] {processor.py:840} INFO - DAG(s) 'checks' retrieved from /opt/airflow/dags/checks.py
[2026-03-21T02:58:57.062+0000] {logging_mixin.py:188} INFO - [2026-03-21T02:58:57.062+0000] {dag.py:3089} INFO - Sync 1 DAGs
[2026-03-21T02:58:57.080+0000] {logging_mixin.py:188} INFO - [2026-03-21T02:58:57.080+0000] {dag.py:3947} INFO - Setting next_dagrun for checks to 2026-03-20 00:00:00+00:00, run_after=2026-03-21 00:00:00+00:00
[2026-03-21T02:58:57.122+0000] {processor.py:183} INFO - Processing /opt/airflow/dags/checks.py took 0.111 seconds
[2026-03-21T02:59:27.300+0000] {processor.py:161} INFO - Started process (PID=259) to work on /opt/airflow/dags/checks.py
[2026-03-21T02:59:27.301+0000] {processor.py:830} INFO - Processing file /opt/airflow/dags/checks.py for tasks to queue
[2026-03-21T02:59:27.303+0000] {logging_mixin.py:188} INFO - [2026-03-21T02:59:27.302+0000] {dagbag.py:545} INFO - Filling up the DagBag from /opt/airflow/dags/checks.py
[2026-03-21T02:59:27.323+0000] {processor.py:840} INFO - DAG(s) 'checks' retrieved from /opt/airflow/dags/checks.py
[2026-03-21T02:59:27.364+0000] {logging_mixin.py:188} INFO - [2026-03-21T02:59:27.364+0000] {dag.py:3089} INFO - Sync 1 DAGs
[2026-03-21T02:59:27.383+0000] {logging_mixin.py:188} INFO - [2026-03-21T02:59:27.382+0000] {dag.py:3947} INFO - Setting next_dagrun for checks to 2026-03-20 00:00:00+00:00, run_after=2026-03-21 00:00:00+00:00
[2026-03-21T02:59:27.403+0000] {processor.py:183} INFO - Processing /opt/airflow/dags/checks.py took 0.109 seconds
[2026-03-21T02:59:57.597+0000] {processor.py:161} INFO - Started process (PID=260) to work on /opt/airflow/dags/checks.py
[2026-03-21T02:59:57.599+0000] {processor.py:830} INFO - Processing file /opt/airflow/dags/checks.py for tasks to queue
[2026-03-21T02:59:57.602+0000] {logging_mixin.py:188} INFO - [2026-03-21T02:59:57.602+0000] {dagbag.py:545} INFO - Filling up the DagBag from /opt/airflow/dags/checks.py
[2026-03-21T02:59:57.624+0000] {processor.py:840} INFO - DAG(s) 'checks' retrieved from /opt/airflow/dags/checks.py
[2026-03-21T02:59:57.653+0000] {logging_mixin.py:188} INFO - [2026-03-21T02:59:57.653+0000] {dag.py:3089} INFO - Sync 1 DAGs
[2026-03-21T02:59:57.672+0000] {logging_mixin.py:188} INFO - [2026-03-21T02:59:57.672+0000] {dag.py:3947} INFO - Setting next_dagrun for checks to 2026-03-20 00:00:00+00:00, run_after=2026-03-21 00:00:00+00:00
[2026-03-21T02:59:57.693+0000] {processor.py:183} INFO - Processing /opt/airflow/dags/checks.py took 0.115 seconds
[2026-03-21T03:00:27.854+0000] {processor.py:161} INFO - Started process (PID=261) to work on /opt/airflow/dags/checks.py
[2026-03-21T03:00:27.855+0000] {processor.py:830} INFO - Processing file /opt/airflow/dags/checks.py for tasks to queue
[2026-03-21T03:00:27.858+0000] {logging_mixin.py:188} INFO - [2026-03-21T03:00:27.857+0000] {dagbag.py:545} INFO - Filling up the DagBag from /opt/airflow/dags/checks.py
[2026-03-21T03:00:27.879+0000] {processor.py:840} INFO - DAG(s) 'checks' retrieved from /opt/airflow/dags/checks.py
[2026-03-21T03:00:27.902+0000] {logging_mixin.py:188} INFO - [2026-03-21T03:00:27.902+0000] {dag.py:3089} INFO - Sync 1 DAGs
[2026-03-21T03:00:27.924+0000] {logging_mixin.py:188} INFO - [2026-03-21T03:00:27.924+0000] {dag.py:3947} INFO - Setting next_dagrun for checks to 2026-03-20 00:00:00+00:00, run_after=2026-03-21 00:00:00+00:00
[2026-03-21T03:00:27.949+0000] {processor.py:183} INFO - Processing /opt/airflow/dags/checks.py took 0.100 seconds
[2026-03-21T03:00:58.139+0000] {processor.py:161} INFO - Started process (PID=262) to work on /opt/airflow/dags/checks.py
[2026-03-21T03:00:58.140+0000] {processor.py:830} INFO - Processing file /opt/airflow/dags/checks.py for tasks to queue
[2026-03-21T03:00:58.142+0000] {logging_mixin.py:188} INFO - [2026-03-21T03:00:58.142+0000] {dagbag.py:545} INFO - Filling up the DagBag from /opt/airflow/dags/checks.py
[2026-03-21T03:00:58.161+0000] {processor.py:840} INFO - DAG(s) 'checks' retrieved from /opt/airflow/dags/checks.py
[2026-03-21T03:00:58.183+0000] {logging_mixin.py:188} INFO - [2026-03-21T03:00:58.183+0000] {dag.py:3089} INFO - Sync 1 DAGs
[2026-03-21T03:00:58.201+0000] {logging_mixin.py:188} INFO - [2026-03-21T03:00:58.201+0000] {dag.py:3947} INFO - Setting next_dagrun for checks to 2026-03-20 00:00:00+00:00, run_after=2026-03-21 00:00:00+00:00
[2026-03-21T03:00:58.229+0000] {processor.py:183} INFO - Processing /opt/airflow/dags/checks.py took 0.095 seconds
[2026-03-21T03:01:28.414+0000] {processor.py:161} INFO - Started process (PID=263) to work on /opt/airflow/dags/checks.py
[2026-03-21T03:01:28.415+0000] {processor.py:830} INFO - Processing file /opt/airflow/dags/checks.py for tasks to queue
[2026-03-21T03:01:28.418+0000] {logging_mixin.py:188} INFO - [2026-03-21T03:01:28.417+0000] {dagbag.py:545} INFO - Filling up the DagBag from /opt/airflow/dags/checks.py
[2026-03-21T03:01:28.435+0000] {processor.py:840} INFO - DAG(s) 'checks' retrieved from /opt/airflow/dags/checks.py
[2026-03-21T03:01:28.457+0000] {logging_mixin.py:188} INFO - [2026-03-21T03:01:28.457+0000] {dag.py:3089} INFO - Sync 1 DAGs
[2026-03-21T03:01:28.477+0000] {logging_mixin.py:188} INFO - [2026-03-21T03:01:28.476+0000] {dag.py:3947} INFO - Setting next_dagrun for checks to 2026-03-20 00:00:00+00:00, run_after=2026-03-21 00:00:00+00:00
[2026-03-21T03:01:28.504+0000] {processor.py:183} INFO - Processing /opt/airflow/dags/checks.py took 0.095 seconds
[2026-03-21T03:01:58.686+0000] {processor.py:161} INFO - Started process (PID=264) to work on /opt/airflow/dags/checks.py
[2026-03-21T03:01:58.687+0000] {processor.py:830} INFO - Processing file /opt/airflow/dags/checks.py for tasks to queue
[2026-03-21T03:01:58.689+0000] {logging_mixin.py:188} INFO - [2026-03-21T03:01:58.689+0000] {dagbag.py:545} INFO - Filling up the DagBag from /opt/airflow/dags/checks.py
[2026-03-21T03:01:58.711+0000] {processor.py:840} INFO - DAG(s) 'checks' retrieved from /opt/airflow/dags/checks.py
[2026-03-21T03:01:58.737+0000] {logging_mixin.py:188} INFO - [2026-03-21T03:01:58.737+0000] {dag.py:3089} INFO - Sync 1 DAGs
[2026-03-21T03:01:58.757+0000] {logging_mixin.py:188} INFO - [2026-03-21T03:01:58.757+0000] {dag.py:3947} INFO - Setting next_dagrun for checks to 2026-03-20 00:00:00+00:00, run_after=2026-03-21 00:00:00+00:00
[2026-03-21T03:01:58.799+0000] {processor.py:183} INFO - Processing /opt/airflow/dags/checks.py took 0.119 seconds
[2026-03-21T03:02:28.951+0000] {processor.py:161} INFO - Started process (PID=265) to work on /opt/airflow/dags/checks.py
[2026-03-21T03:02:28.953+0000] {processor.py:830} INFO - Processing file /opt/airflow/dags/checks.py for tasks to queue
[2026-03-21T03:02:28.956+0000] {logging_mixin.py:188} INFO - [2026-03-21T03:02:28.955+0000] {dagbag.py:545} INFO - Filling up the DagBag from /opt/airflow/dags/checks.py
[2026-03-21T03:02:28.975+0000] {processor.py:840} INFO - DAG(s) 'checks' retrieved from /opt/airflow/dags/checks.py
[2026-03-21T03:02:28.999+0000] {logging_mixin.py:188} INFO - [2026-03-21T03:02:28.999+0000] {dag.py:3089} INFO - Sync 1 DAGs
[2026-03-21T03:02:29.018+0000] {logging_mixin.py:188} INFO - [2026-03-21T03:02:29.017+0000] {dag.py:3947} INFO - Setting next_dagrun for checks to 2026-03-20 00:00:00+00:00, run_after=2026-03-21 00:00:00+00:00
[2026-03-21T03:02:29.038+0000] {processor.py:183} INFO - Processing /opt/airflow/dags/checks.py took 0.093 seconds
[2026-03-21T03:02:59.221+0000] {processor.py:161} INFO - Started process (PID=266) to work on /opt/airflow/dags/checks.py
[2026-03-21T03:02:59.224+0000] {processor.py:830} INFO - Processing file /opt/airflow/dags/checks.py for tasks to queue
[2026-03-21T03:02:59.226+0000] {logging_mixin.py:188} INFO - [2026-03-21T03:02:59.226+0000] {dagbag.py:545} INFO - Filling up the DagBag from /opt/airflow/dags/checks.py
[2026-03-21T03:02:59.254+0000] {processor.py:840} INFO - DAG(s) 'checks' retrieved from /opt/airflow/dags/checks.py
[2026-03-21T03:02:59.283+0000] {logging_mixin.py:188} INFO - [2026-03-21T03:02:59.283+0000] {dag.py:3089} INFO - Sync 1 DAGs
[2026-03-21T03:02:59.303+0000] {logging_mixin.py:188} INFO - [2026-03-21T03:02:59.302+0000] {dag.py:3947} INFO - Setting next_dagrun for checks to 2026-03-20 00:00:00+00:00, run_after=2026-03-21 00:00:00+00:00
[2026-03-21T03:02:59.327+0000] {processor.py:183} INFO - Processing /opt/airflow/dags/checks.py took 0.114 seconds
[2026-03-21T03:03:29.496+0000] {processor.py:161} INFO - Started process (PID=267) to work on /opt/airflow/dags/checks.py
[2026-03-21T03:03:29.498+0000] {processor.py:830} INFO - Processing file /opt/airflow/dags/checks.py for tasks to queue
[2026-03-21T03:03:29.501+0000] {logging_mixin.py:188} INFO - [2026-03-21T03:03:29.500+0000] {dagbag.py:545} INFO - Filling up the DagBag from /opt/airflow/dags/checks.py
[2026-03-21T03:03:29.521+0000] {processor.py:840} INFO - DAG(s) 'checks' retrieved from /opt/airflow/dags/checks.py
[2026-03-21T03:03:29.545+0000] {logging_mixin.py:188} INFO - [2026-03-21T03:03:29.545+0000] {dag.py:3089} INFO - Sync 1 DAGs
[2026-03-21T03:03:29.564+0000] {logging_mixin.py:188} INFO - [2026-03-21T03:03:29.564+0000] {dag.py:3947} INFO - Setting next_dagrun for checks to 2026-03-20 00:00:00+00:00, run_after=2026-03-21 00:00:00+00:00
[2026-03-21T03:03:29.585+0000] {processor.py:183} INFO - Processing /opt/airflow/dags/checks.py took 0.095 seconds
[2026-03-21T03:03:59.764+0000] {processor.py:161} INFO - Started process (PID=268) to work on /opt/airflow/dags/checks.py
[2026-03-21T03:03:59.766+0000] {processor.py:830} INFO - Processing file /opt/airflow/dags/checks.py for tasks to queue
[2026-03-21T03:03:59.768+0000] {logging_mixin.py:188} INFO - [2026-03-21T03:03:59.767+0000] {dagbag.py:545} INFO - Filling up the DagBag from /opt/airflow/dags/checks.py
[2026-03-21T03:03:59.785+0000] {processor.py:840} INFO - DAG(s) 'checks' retrieved from /opt/airflow/dags/checks.py
[2026-03-21T03:03:59.809+0000] {logging_mixin.py:188} INFO - [2026-03-21T03:03:59.808+0000] {dag.py:3089} INFO - Sync 1 DAGs
[2026-03-21T03:03:59.827+0000] {logging_mixin.py:188} INFO - [2026-03-21T03:03:59.826+0000] {dag.py:3947} INFO - Setting next_dagrun for checks to 2026-03-20 00:00:00+00:00, run_after=2026-03-21 00:00:00+00:00
[2026-03-21T03:03:59.848+0000] {processor.py:183} INFO - Processing /opt/airflow/dags/checks.py took 0.090 seconds
[2026-03-21T03:04:29.944+0000] {processor.py:161} INFO - Started process (PID=269) to work on /opt/airflow/dags/checks.py
[2026-03-21T03:04:29.945+0000] {processor.py:830} INFO - Processing file /opt/airflow/dags/checks.py for tasks to queue
[2026-03-21T03:04:29.946+0000] {logging_mixin.py:188} INFO - [2026-03-21T03:04:29.946+0000] {dagbag.py:545} INFO - Filling up the DagBag from /opt/airflow/dags/checks.py
[2026-03-21T03:04:29.966+0000] {processor.py:840} INFO - DAG(s) 'checks' retrieved from /opt/airflow/dags/checks.py
[2026-03-21T03:04:29.991+0000] {logging_mixin.py:188} INFO - [2026-03-21T03:04:29.991+0000] {dag.py:3089} INFO - Sync 1 DAGs
[2026-03-21T03:04:30.011+0000] {logging_mixin.py:188} INFO - [2026-03-21T03:04:30.011+0000] {dag.py:3947} INFO - Setting next_dagrun for checks to 2026-03-20 00:00:00+00:00, run_after=2026-03-21 00:00:00+00:00
[2026-03-21T03:04:30.037+0000] {processor.py:183} INFO - Processing /opt/airflow/dags/checks.py took 0.100 seconds
[2026-03-21T03:05:00.213+0000] {processor.py:161} INFO - Started process (PID=270) to work on /opt/airflow/dags/checks.py
[2026-03-21T03:05:00.214+0000] {processor.py:830} INFO - Processing file /opt/airflow/dags/checks.py for tasks to queue
[2026-03-21T03:05:00.216+0000] {logging_mixin.py:188} INFO - [2026-03-21T03:05:00.216+0000] {dagbag.py:545} INFO - Filling up the DagBag from /opt/airflow/dags/checks.py
[2026-03-21T03:05:00.240+0000] {processor.py:840} INFO - DAG(s) 'checks' retrieved from /opt/airflow/dags/checks.py
[2026-03-21T03:05:00.269+0000] {logging_mixin.py:188} INFO - [2026-03-21T03:05:00.268+0000] {dag.py:3089} INFO - Sync 1 DAGs
[2026-03-21T03:05:00.290+0000] {logging_mixin.py:188} INFO - [2026-03-21T03:05:00.290+0000] {dag.py:3947} INFO - Setting next_dagrun for checks to 2026-03-20 00:00:00+00:00, run_after=2026-03-21 00:00:00+00:00
[2026-03-21T03:05:00.320+0000] {processor.py:183} INFO - Processing /opt/airflow/dags/checks.py took 0.114 seconds
[2026-03-21T03:05:30.506+0000] {processor.py:161} INFO - Started process (PID=271) to work on /opt/airflow/dags/checks.py
[2026-03-21T03:05:30.507+0000] {processor.py:830} INFO - Processing file /opt/airflow/dags/checks.py for tasks to queue
[2026-03-21T03:05:30.509+0000] {logging_mixin.py:188} INFO - [2026-03-21T03:05:30.509+0000] {dagbag.py:545} INFO - Filling up the DagBag from /opt/airflow/dags/checks.py
[2026-03-21T03:05:30.531+0000] {processor.py:840} INFO - DAG(s) 'checks' retrieved from /opt/airflow/dags/checks.py
[2026-03-21T03:05:30.556+0000] {logging_mixin.py:188} INFO - [2026-03-21T03:05:30.556+0000] {dag.py:3089} INFO - Sync 1 DAGs
[2026-03-21T03:05:30.575+0000] {logging_mixin.py:188} INFO - [2026-03-21T03:05:30.575+0000] {dag.py:3947} INFO - Setting next_dagrun for checks to 2026-03-20 00:00:00+00:00, run_after=2026-03-21 00:00:00+00:00
[2026-03-21T03:05:30.603+0000] {processor.py:183} INFO - Processing /opt/airflow/dags/checks.py took 0.106 seconds
[2026-03-21T03:06:00.795+0000] {processor.py:161} INFO - Started process (PID=272) to work on /opt/airflow/dags/checks.py
[2026-03-21T03:06:00.796+0000] {processor.py:830} INFO - Processing file /opt/airflow/dags/checks.py for tasks to queue
[2026-03-21T03:06:00.799+0000] {logging_mixin.py:188} INFO - [2026-03-21T03:06:00.798+0000] {dagbag.py:545} INFO - Filling up the DagBag from /opt/airflow/dags/checks.py
[2026-03-21T03:06:00.819+0000] {processor.py:840} INFO - DAG(s) 'checks' retrieved from /opt/airflow/dags/checks.py
[2026-03-21T03:06:00.844+0000] {logging_mixin.py:188} INFO - [2026-03-21T03:06:00.844+0000] {dag.py:3089} INFO - Sync 1 DAGs
[2026-03-21T03:06:00.870+0000] {logging_mixin.py:188} INFO - [2026-03-21T03:06:00.869+0000] {dag.py:3947} INFO - Setting next_dagrun for checks to 2026-03-20 00:00:00+00:00, run_after=2026-03-21 00:00:00+00:00
[2026-03-21T03:06:00.894+0000] {processor.py:183} INFO - Processing /opt/airflow/dags/checks.py took 0.106 seconds
[2026-03-21T03:06:31.054+0000] {processor.py:161} INFO - Started process (PID=273) to work on /opt/airflow/dags/checks.py
[2026-03-21T03:06:31.056+0000] {processor.py:830} INFO - Processing file /opt/airflow/dags/checks.py for tasks to queue
[2026-03-21T03:06:31.058+0000] {logging_mixin.py:188} INFO - [2026-03-21T03:06:31.057+0000] {dagbag.py:545} INFO - Filling up the DagBag from /opt/airflow/dags/checks.py
[2026-03-21T03:06:31.078+0000] {processor.py:840} INFO - DAG(s) 'checks' retrieved from /opt/airflow/dags/checks.py
[2026-03-21T03:06:31.113+0000] {logging_mixin.py:188} INFO - [2026-03-21T03:06:31.113+0000] {dag.py:3089} INFO - Sync 1 DAGs
[2026-03-21T03:06:31.139+0000] {logging_mixin.py:188} INFO - [2026-03-21T03:06:31.139+0000] {dag.py:3947} INFO - Setting next_dagrun for checks to 2026-03-20 00:00:00+00:00, run_after=2026-03-21 00:00:00+00:00
[2026-03-21T03:06:31.163+0000] {processor.py:183} INFO - Processing /opt/airflow/dags/checks.py took 0.115 seconds
[2026-03-21T03:07:01.360+0000] {processor.py:161} INFO - Started process (PID=275) to work on /opt/airflow/dags/checks.py
[2026-03-21T03:07:01.363+0000] {processor.py:830} INFO - Processing file /opt/airflow/dags/checks.py for tasks to queue
[2026-03-21T03:07:01.370+0000] {logging_mixin.py:188} INFO - [2026-03-21T03:07:01.369+0000] {dagbag.py:545} INFO - Filling up the DagBag from /opt/airflow/dags/checks.py
[2026-03-21T03:07:01.412+0000] {processor.py:840} INFO - DAG(s) 'checks' retrieved from /opt/airflow/dags/checks.py
[2026-03-21T03:07:01.460+0000] {logging_mixin.py:188} INFO - [2026-03-21T03:07:01.459+0000] {dag.py:3089} INFO - Sync 1 DAGs
[2026-03-21T03:07:01.497+0000] {logging_mixin.py:188} INFO - [2026-03-21T03:07:01.497+0000] {dag.py:3947} INFO - Setting next_dagrun for checks to 2026-03-20 00:00:00+00:00, run_after=2026-03-21 00:00:00+00:00
[2026-03-21T03:07:01.530+0000] {processor.py:183} INFO - Processing /opt/airflow/dags/checks.py took 0.191 seconds
[2026-03-21T03:07:31.722+0000] {processor.py:161} INFO - Started process (PID=276) to work on /opt/airflow/dags/checks.py
[2026-03-21T03:07:31.724+0000] {processor.py:830} INFO - Processing file /opt/airflow/dags/checks.py for tasks to queue
[2026-03-21T03:07:31.726+0000] {logging_mixin.py:188} INFO - [2026-03-21T03:07:31.725+0000] {dagbag.py:545} INFO - Filling up the DagBag from /opt/airflow/dags/checks.py
[2026-03-21T03:07:31.747+0000] {processor.py:840} INFO - DAG(s) 'checks' retrieved from /opt/airflow/dags/checks.py
[2026-03-21T03:07:31.778+0000] {logging_mixin.py:188} INFO - [2026-03-21T03:07:31.777+0000] {dag.py:3089} INFO - Sync 1 DAGs
[2026-03-21T03:07:31.800+0000] {logging_mixin.py:188} INFO - [2026-03-21T03:07:31.799+0000] {dag.py:3947} INFO - Setting next_dagrun for checks to 2026-03-20 00:00:00+00:00, run_after=2026-03-21 00:00:00+00:00
[2026-03-21T03:07:31.830+0000] {processor.py:183} INFO - Processing /opt/airflow/dags/checks.py took 0.116 seconds
[2026-03-21T03:08:01.989+0000] {processor.py:161} INFO - Started process (PID=277) to work on /opt/airflow/dags/checks.py
[2026-03-21T03:08:01.991+0000] {processor.py:830} INFO - Processing file /opt/airflow/dags/checks.py for tasks to queue
[2026-03-21T03:08:01.993+0000] {logging_mixin.py:188} INFO - [2026-03-21T03:08:01.993+0000] {dagbag.py:545} INFO - Filling up the DagBag from /opt/airflow/dags/checks.py
[2026-03-21T03:08:02.014+0000] {processor.py:840} INFO - DAG(s) 'checks' retrieved from /opt/airflow/dags/checks.py
[2026-03-21T03:08:02.038+0000] {logging_mixin.py:188} INFO - [2026-03-21T03:08:02.037+0000] {dag.py:3089} INFO - Sync 1 DAGs
[2026-03-21T03:08:02.065+0000] {logging_mixin.py:188} INFO - [2026-03-21T03:08:02.065+0000] {dag.py:3947} INFO - Setting next_dagrun for checks to 2026-03-20 00:00:00+00:00, run_after=2026-03-21 00:00:00+00:00
[2026-03-21T03:08:02.096+0000] {processor.py:183} INFO - Processing /opt/airflow/dags/checks.py took 0.113 seconds
[2026-03-21T03:08:32.254+0000] {processor.py:161} INFO - Started process (PID=278) to work on /opt/airflow/dags/checks.py
[2026-03-21T03:08:32.256+0000] {processor.py:830} INFO - Processing file /opt/airflow/dags/checks.py for tasks to queue
[2026-03-21T03:08:32.260+0000] {logging_mixin.py:188} INFO - [2026-03-21T03:08:32.259+0000] {dagbag.py:545} INFO - Filling up the DagBag from /opt/airflow/dags/checks.py
[2026-03-21T03:08:32.288+0000] {processor.py:840} INFO - DAG(s) 'checks' retrieved from /opt/airflow/dags/checks.py
[2026-03-21T03:08:32.321+0000] {logging_mixin.py:188} INFO - [2026-03-21T03:08:32.321+0000] {dag.py:3089} INFO - Sync 1 DAGs
[2026-03-21T03:08:32.343+0000] {logging_mixin.py:188} INFO - [2026-03-21T03:08:32.343+0000] {dag.py:3947} INFO - Setting next_dagrun for checks to 2026-03-20 00:00:00+00:00, run_after=2026-03-21 00:00:00+00:00
[2026-03-21T03:08:32.370+0000] {processor.py:183} INFO - Processing /opt/airflow/dags/checks.py took 0.122 seconds
[2026-03-21T03:09:02.536+0000] {processor.py:161} INFO - Started process (PID=279) to work on /opt/airflow/dags/checks.py
[2026-03-21T03:09:02.539+0000] {processor.py:830} INFO - Processing file /opt/airflow/dags/checks.py for tasks to queue
[2026-03-21T03:09:02.545+0000] {logging_mixin.py:188} INFO - [2026-03-21T03:09:02.544+0000] {dagbag.py:545} INFO - Filling up the DagBag from /opt/airflow/dags/checks.py
[2026-03-21T03:09:02.573+0000] {processor.py:840} INFO - DAG(s) 'checks' retrieved from /opt/airflow/dags/checks.py
[2026-03-21T03:09:02.602+0000] {logging_mixin.py:188} INFO - [2026-03-21T03:09:02.602+0000] {dag.py:3089} INFO - Sync 1 DAGs
[2026-03-21T03:09:02.635+0000] {logging_mixin.py:188} INFO - [2026-03-21T03:09:02.634+0000] {dag.py:3947} INFO - Setting next_dagrun for checks to 2026-03-20 00:00:00+00:00, run_after=2026-03-21 00:00:00+00:00
[2026-03-21T03:09:02.665+0000] {processor.py:183} INFO - Processing /opt/airflow/dags/checks.py took 0.139 seconds
[2026-03-21T03:09:32.798+0000] {processor.py:161} INFO - Started process (PID=280) to work on /opt/airflow/dags/checks.py
[2026-03-21T03:09:32.799+0000] {processor.py:830} INFO - Processing file /opt/airflow/dags/checks.py for tasks to queue
[2026-03-21T03:09:32.802+0000] {logging_mixin.py:188} INFO - [2026-03-21T03:09:32.801+0000] {dagbag.py:545} INFO - Filling up the DagBag from /opt/airflow/dags/checks.py
[2026-03-21T03:09:32.834+0000] {processor.py:840} INFO - DAG(s) 'checks' retrieved from /opt/airflow/dags/checks.py
[2026-03-21T03:09:32.891+0000] {logging_mixin.py:188} INFO - [2026-03-21T03:09:32.891+0000] {dag.py:3089} INFO - Sync 1 DAGs
[2026-03-21T03:09:32.917+0000] {logging_mixin.py:188} INFO - [2026-03-21T03:09:32.916+0000] {dag.py:3947} INFO - Setting next_dagrun for checks to 2026-03-20 00:00:00+00:00, run_after=2026-03-21 00:00:00+00:00
[2026-03-21T03:09:32.955+0000] {processor.py:183} INFO - Processing /opt/airflow/dags/checks.py took 0.164 seconds
[2026-03-21T03:10:03.073+0000] {processor.py:161} INFO - Started process (PID=281) to work on /opt/airflow/dags/checks.py
[2026-03-21T03:10:03.075+0000] {processor.py:830} INFO - Processing file /opt/airflow/dags/checks.py for tasks to queue
[2026-03-21T03:10:03.080+0000] {logging_mixin.py:188} INFO - [2026-03-21T03:10:03.079+0000] {dagbag.py:545} INFO - Filling up the DagBag from /opt/airflow/dags/checks.py
[2026-03-21T03:10:03.109+0000] {processor.py:840} INFO - DAG(s) 'checks' retrieved from /opt/airflow/dags/checks.py
[2026-03-21T03:10:03.154+0000] {logging_mixin.py:188} INFO - [2026-03-21T03:10:03.153+0000] {dag.py:3089} INFO - Sync 1 DAGs
[2026-03-21T03:10:03.184+0000] {logging_mixin.py:188} INFO - [2026-03-21T03:10:03.184+0000] {dag.py:3947} INFO - Setting next_dagrun for checks to 2026-03-20 00:00:00+00:00, run_after=2026-03-21 00:00:00+00:00
[2026-03-21T03:10:03.219+0000] {processor.py:183} INFO - Processing /opt/airflow/dags/checks.py took 0.157 seconds
[2026-03-21T03:10:33.344+0000] {processor.py:161} INFO - Started process (PID=282) to work on /opt/airflow/dags/checks.py
[2026-03-21T03:10:33.345+0000] {processor.py:830} INFO - Processing file /opt/airflow/dags/checks.py for tasks to queue
[2026-03-21T03:10:33.348+0000] {logging_mixin.py:188} INFO - [2026-03-21T03:10:33.348+0000] {dagbag.py:545} INFO - Filling up the DagBag from /opt/airflow/dags/checks.py
[2026-03-21T03:10:33.370+0000] {processor.py:840} INFO - DAG(s) 'checks' retrieved from /opt/airflow/dags/checks.py
[2026-03-21T03:10:33.404+0000] {logging_mixin.py:188} INFO - [2026-03-21T03:10:33.404+0000] {dag.py:3089} INFO - Sync 1 DAGs
[2026-03-21T03:10:33.433+0000] {logging_mixin.py:188} INFO - [2026-03-21T03:10:33.432+0000] {dag.py:3947} INFO - Setting next_dagrun for checks to 2026-03-20 00:00:00+00:00, run_after=2026-03-21 00:00:00+00:00
[2026-03-21T03:10:33.464+0000] {processor.py:183} INFO - Processing /opt/airflow/dags/checks.py took 0.127 seconds
[2026-03-21T03:11:03.614+0000] {processor.py:161} INFO - Started process (PID=283) to work on /opt/airflow/dags/checks.py
[2026-03-21T03:11:03.615+0000] {processor.py:830} INFO - Processing file /opt/airflow/dags/checks.py for tasks to queue
[2026-03-21T03:11:03.618+0000] {logging_mixin.py:188} INFO - [2026-03-21T03:11:03.617+0000] {dagbag.py:545} INFO - Filling up the DagBag from /opt/airflow/dags/checks.py
[2026-03-21T03:11:03.638+0000] {processor.py:840} INFO - DAG(s) 'checks' retrieved from /opt/airflow/dags/checks.py
[2026-03-21T03:11:03.667+0000] {logging_mixin.py:188} INFO - [2026-03-21T03:11:03.667+0000] {dag.py:3089} INFO - Sync 1 DAGs
[2026-03-21T03:11:03.687+0000] {logging_mixin.py:188} INFO - [2026-03-21T03:11:03.687+0000] {dag.py:3947} INFO - Setting next_dagrun for checks to 2026-03-20 00:00:00+00:00, run_after=2026-03-21 00:00:00+00:00
[2026-03-21T03:11:03.717+0000] {processor.py:183} INFO - Processing /opt/airflow/dags/checks.py took 0.113 seconds
[2026-03-21T03:11:33.882+0000] {processor.py:161} INFO - Started process (PID=284) to work on /opt/airflow/dags/checks.py
[2026-03-21T03:11:33.884+0000] {processor.py:830} INFO - Processing file /opt/airflow/dags/checks.py for tasks to queue
[2026-03-21T03:11:33.887+0000] {logging_mixin.py:188} INFO - [2026-03-21T03:11:33.886+0000] {dagbag.py:545} INFO - Filling up the DagBag from /opt/airflow/dags/checks.py
[2026-03-21T03:11:33.914+0000] {processor.py:840} INFO - DAG(s) 'checks' retrieved from /opt/airflow/dags/checks.py
[2026-03-21T03:11:33.940+0000] {logging_mixin.py:188} INFO - [2026-03-21T03:11:33.940+0000] {dag.py:3089} INFO - Sync 1 DAGs
[2026-03-21T03:11:33.962+0000] {logging_mixin.py:188} INFO - [2026-03-21T03:11:33.962+0000] {dag.py:3947} INFO - Setting next_dagrun for checks to 2026-03-20 00:00:00+00:00, run_after=2026-03-21 00:00:00+00:00
[2026-03-21T03:11:33.990+0000] {processor.py:183} INFO - Processing /opt/airflow/dags/checks.py took 0.115 seconds
[2026-03-21T03:12:04.154+0000] {processor.py:161} INFO - Started process (PID=285) to work on /opt/airflow/dags/checks.py
[2026-03-21T03:12:04.157+0000] {processor.py:830} INFO - Processing file /opt/airflow/dags/checks.py for tasks to queue
[2026-03-21T03:12:04.161+0000] {logging_mixin.py:188} INFO - [2026-03-21T03:12:04.160+0000] {dagbag.py:545} INFO - Filling up the DagBag from /opt/airflow/dags/checks.py
[2026-03-21T03:12:04.196+0000] {processor.py:840} INFO - DAG(s) 'checks' retrieved from /opt/airflow/dags/checks.py
[2026-03-21T03:12:04.228+0000] {logging_mixin.py:188} INFO - [2026-03-21T03:12:04.228+0000] {dag.py:3089} INFO - Sync 1 DAGs
[2026-03-21T03:12:04.258+0000] {logging_mixin.py:188} INFO - [2026-03-21T03:12:04.258+0000] {dag.py:3947} INFO - Setting next_dagrun for checks to 2026-03-20 00:00:00+00:00, run_after=2026-03-21 00:00:00+00:00
[2026-03-21T03:12:04.281+0000] {processor.py:183} INFO - Processing /opt/airflow/dags/checks.py took 0.136 seconds
[2026-03-21T03:12:34.439+0000] {processor.py:161} INFO - Started process (PID=286) to work on /opt/airflow/dags/checks.py
[2026-03-21T03:12:34.440+0000] {processor.py:830} INFO - Processing file /opt/airflow/dags/checks.py for tasks to queue
[2026-03-21T03:12:34.443+0000] {logging_mixin.py:188} INFO - [2026-03-21T03:12:34.443+0000] {dagbag.py:545} INFO - Filling up the DagBag from /opt/airflow/dags/checks.py
[2026-03-21T03:12:34.472+0000] {processor.py:840} INFO - DAG(s) 'checks' retrieved from /opt/airflow/dags/checks.py
[2026-03-21T03:12:34.505+0000] {logging_mixin.py:188} INFO - [2026-03-21T03:12:34.505+0000] {dag.py:3089} INFO - Sync 1 DAGs
[2026-03-21T03:12:34.535+0000] {logging_mixin.py:188} INFO - [2026-03-21T03:12:34.535+0000] {dag.py:3947} INFO - Setting next_dagrun for checks to 2026-03-20 00:00:00+00:00, run_after=2026-03-21 00:00:00+00:00
[2026-03-21T03:12:34.772+0000] {processor.py:183} INFO - Processing /opt/airflow/dags/checks.py took 0.343 seconds
[2026-03-21T03:13:04.902+0000] {processor.py:161} INFO - Started process (PID=287) to work on /opt/airflow/dags/checks.py
[2026-03-21T03:13:04.903+0000] {processor.py:830} INFO - Processing file /opt/airflow/dags/checks.py for tasks to queue
[2026-03-21T03:13:04.907+0000] {logging_mixin.py:188} INFO - [2026-03-21T03:13:04.907+0000] {dagbag.py:545} INFO - Filling up the DagBag from /opt/airflow/dags/checks.py
[2026-03-21T03:13:04.931+0000] {processor.py:840} INFO - DAG(s) 'checks' retrieved from /opt/airflow/dags/checks.py
[2026-03-21T03:13:04.961+0000] {logging_mixin.py:188} INFO - [2026-03-21T03:13:04.961+0000] {dag.py:3089} INFO - Sync 1 DAGs
[2026-03-21T03:13:04.983+0000] {logging_mixin.py:188} INFO - [2026-03-21T03:13:04.983+0000] {dag.py:3947} INFO - Setting next_dagrun for checks to 2026-03-20 00:00:00+00:00, run_after=2026-03-21 00:00:00+00:00
[2026-03-21T03:13:05.007+0000] {processor.py:183} INFO - Processing /opt/airflow/dags/checks.py took 0.115 seconds
[2026-03-21T03:13:35.163+0000] {processor.py:161} INFO - Started process (PID=288) to work on /opt/airflow/dags/checks.py
[2026-03-21T03:13:35.164+0000] {processor.py:830} INFO - Processing file /opt/airflow/dags/checks.py for tasks to queue
[2026-03-21T03:13:35.167+0000] {logging_mixin.py:188} INFO - [2026-03-21T03:13:35.167+0000] {dagbag.py:545} INFO - Filling up the DagBag from /opt/airflow/dags/checks.py
[2026-03-21T03:13:35.189+0000] {processor.py:840} INFO - DAG(s) 'checks' retrieved from /opt/airflow/dags/checks.py
[2026-03-21T03:13:35.218+0000] {logging_mixin.py:188} INFO - [2026-03-21T03:13:35.218+0000] {dag.py:3089} INFO - Sync 1 DAGs
[2026-03-21T03:13:35.238+0000] {logging_mixin.py:188} INFO - [2026-03-21T03:13:35.238+0000] {dag.py:3947} INFO - Setting next_dagrun for checks to 2026-03-20 00:00:00+00:00, run_after=2026-03-21 00:00:00+00:00
[2026-03-21T03:13:35.265+0000] {processor.py:183} INFO - Processing /opt/airflow/dags/checks.py took 0.110 seconds
[2026-03-21T03:14:05.504+0000] {processor.py:161} INFO - Started process (PID=289) to work on /opt/airflow/dags/checks.py
[2026-03-21T03:14:05.505+0000] {processor.py:830} INFO - Processing file /opt/airflow/dags/checks.py for tasks to queue
[2026-03-21T03:14:05.509+0000] {logging_mixin.py:188} INFO - [2026-03-21T03:14:05.508+0000] {dagbag.py:545} INFO - Filling up the DagBag from /opt/airflow/dags/checks.py
[2026-03-21T03:14:05.558+0000] {processor.py:840} INFO - DAG(s) 'checks' retrieved from /opt/airflow/dags/checks.py
[2026-03-21T03:14:05.597+0000] {logging_mixin.py:188} INFO - [2026-03-21T03:14:05.597+0000] {dag.py:3089} INFO - Sync 1 DAGs
[2026-03-21T03:14:05.623+0000] {logging_mixin.py:188} INFO - [2026-03-21T03:14:05.623+0000] {dag.py:3947} INFO - Setting next_dagrun for checks to 2026-03-20 00:00:00+00:00, run_after=2026-03-21 00:00:00+00:00
[2026-03-21T03:14:05.695+0000] {processor.py:183} INFO - Processing /opt/airflow/dags/checks.py took 0.201 seconds
[2026-03-21T03:14:35.850+0000] {processor.py:161} INFO - Started process (PID=290) to work on /opt/airflow/dags/checks.py
[2026-03-21T03:14:35.852+0000] {processor.py:830} INFO - Processing file /opt/airflow/dags/checks.py for tasks to queue
[2026-03-21T03:14:35.857+0000] {logging_mixin.py:188} INFO - [2026-03-21T03:14:35.856+0000] {dagbag.py:545} INFO - Filling up the DagBag from /opt/airflow/dags/checks.py
[2026-03-21T03:14:35.893+0000] {processor.py:840} INFO - DAG(s) 'checks' retrieved from /opt/airflow/dags/checks.py
[2026-03-21T03:14:35.937+0000] {logging_mixin.py:188} INFO - [2026-03-21T03:14:35.937+0000] {dag.py:3089} INFO - Sync 1 DAGs
[2026-03-21T03:14:35.963+0000] {logging_mixin.py:188} INFO - [2026-03-21T03:14:35.962+0000] {dag.py:3947} INFO - Setting next_dagrun for checks to 2026-03-20 00:00:00+00:00, run_after=2026-03-21 00:00:00+00:00
[2026-03-21T03:14:35.987+0000] {processor.py:183} INFO - Processing /opt/airflow/dags/checks.py took 0.148 seconds
[2026-03-21T03:15:06.117+0000] {processor.py:161} INFO - Started process (PID=291) to work on /opt/airflow/dags/checks.py
[2026-03-21T03:15:06.118+0000] {processor.py:830} INFO - Processing file /opt/airflow/dags/checks.py for tasks to queue
[2026-03-21T03:15:06.121+0000] {logging_mixin.py:188} INFO - [2026-03-21T03:15:06.121+0000] {dagbag.py:545} INFO - Filling up the DagBag from /opt/airflow/dags/checks.py
[2026-03-21T03:15:06.144+0000] {processor.py:840} INFO - DAG(s) 'checks' retrieved from /opt/airflow/dags/checks.py
[2026-03-21T03:15:06.170+0000] {logging_mixin.py:188} INFO - [2026-03-21T03:15:06.170+0000] {dag.py:3089} INFO - Sync 1 DAGs
[2026-03-21T03:15:06.191+0000] {logging_mixin.py:188} INFO - [2026-03-21T03:15:06.191+0000] {dag.py:3947} INFO - Setting next_dagrun for checks to 2026-03-20 00:00:00+00:00, run_after=2026-03-21 00:00:00+00:00
[2026-03-21T03:15:06.238+0000] {processor.py:183} INFO - Processing /opt/airflow/dags/checks.py took 0.128 seconds
[2026-03-21T03:15:36.383+0000] {processor.py:161} INFO - Started process (PID=292) to work on /opt/airflow/dags/checks.py
[2026-03-21T03:15:36.384+0000] {processor.py:830} INFO - Processing file /opt/airflow/dags/checks.py for tasks to queue
[2026-03-21T03:15:36.387+0000] {logging_mixin.py:188} INFO - [2026-03-21T03:15:36.387+0000] {dagbag.py:545} INFO - Filling up the DagBag from /opt/airflow/dags/checks.py
[2026-03-21T03:15:36.407+0000] {processor.py:840} INFO - DAG(s) 'checks' retrieved from /opt/airflow/dags/checks.py
[2026-03-21T03:15:36.435+0000] {logging_mixin.py:188} INFO - [2026-03-21T03:15:36.435+0000] {dag.py:3089} INFO - Sync 1 DAGs
[2026-03-21T03:15:36.456+0000] {logging_mixin.py:188} INFO - [2026-03-21T03:15:36.456+0000] {dag.py:3947} INFO - Setting next_dagrun for checks to 2026-03-20 00:00:00+00:00, run_after=2026-03-21 00:00:00+00:00
[2026-03-21T03:15:36.486+0000] {processor.py:183} INFO - Processing /opt/airflow/dags/checks.py took 0.110 seconds
[2026-03-21T03:16:06.667+0000] {processor.py:161} INFO - Started process (PID=293) to work on /opt/airflow/dags/checks.py
[2026-03-21T03:16:06.668+0000] {processor.py:830} INFO - Processing file /opt/airflow/dags/checks.py for tasks to queue
[2026-03-21T03:16:06.671+0000] {logging_mixin.py:188} INFO - [2026-03-21T03:16:06.671+0000] {dagbag.py:545} INFO - Filling up the DagBag from /opt/airflow/dags/checks.py
[2026-03-21T03:16:06.699+0000] {processor.py:840} INFO - DAG(s) 'checks' retrieved from /opt/airflow/dags/checks.py
[2026-03-21T03:16:06.730+0000] {logging_mixin.py:188} INFO - [2026-03-21T03:16:06.730+0000] {dag.py:3089} INFO - Sync 1 DAGs
[2026-03-21T03:16:06.753+0000] {logging_mixin.py:188} INFO - [2026-03-21T03:16:06.753+0000] {dag.py:3947} INFO - Setting next_dagrun for checks to 2026-03-20 00:00:00+00:00, run_after=2026-03-21 00:00:00+00:00
[2026-03-21T03:16:06.783+0000] {processor.py:183} INFO - Processing /opt/airflow/dags/checks.py took 0.123 seconds
[2026-03-21T03:16:36.940+0000] {processor.py:161} INFO - Started process (PID=294) to work on /opt/airflow/dags/checks.py
[2026-03-21T03:16:36.941+0000] {processor.py:830} INFO - Processing file /opt/airflow/dags/checks.py for tasks to queue
[2026-03-21T03:16:36.944+0000] {logging_mixin.py:188} INFO - [2026-03-21T03:16:36.943+0000] {dagbag.py:545} INFO - Filling up the DagBag from /opt/airflow/dags/checks.py
[2026-03-21T03:16:36.965+0000] {processor.py:840} INFO - DAG(s) 'checks' retrieved from /opt/airflow/dags/checks.py
[2026-03-21T03:16:36.992+0000] {logging_mixin.py:188} INFO - [2026-03-21T03:16:36.991+0000] {dag.py:3089} INFO - Sync 1 DAGs
[2026-03-21T03:16:37.014+0000] {logging_mixin.py:188} INFO - [2026-03-21T03:16:37.014+0000] {dag.py:3947} INFO - Setting next_dagrun for checks to 2026-03-20 00:00:00+00:00, run_after=2026-03-21 00:00:00+00:00
[2026-03-21T03:16:37.039+0000] {processor.py:183} INFO - Processing /opt/airflow/dags/checks.py took 0.108 seconds
[2026-03-21T03:17:07.642+0000] {processor.py:161} INFO - Started process (PID=295) to work on /opt/airflow/dags/checks.py
[2026-03-21T03:17:07.643+0000] {processor.py:830} INFO - Processing file /opt/airflow/dags/checks.py for tasks to queue
[2026-03-21T03:17:07.647+0000] {logging_mixin.py:188} INFO - [2026-03-21T03:17:07.647+0000] {dagbag.py:545} INFO - Filling up the DagBag from /opt/airflow/dags/checks.py
[2026-03-21T03:17:07.683+0000] {processor.py:840} INFO - DAG(s) 'checks' retrieved from /opt/airflow/dags/checks.py
[2026-03-21T03:17:07.723+0000] {logging_mixin.py:188} INFO - [2026-03-21T03:17:07.722+0000] {dag.py:3089} INFO - Sync 1 DAGs
[2026-03-21T03:17:07.750+0000] {logging_mixin.py:188} INFO - [2026-03-21T03:17:07.749+0000] {dag.py:3947} INFO - Setting next_dagrun for checks to 2026-03-20 00:00:00+00:00, run_after=2026-03-21 00:00:00+00:00
[2026-03-21T03:17:07.781+0000] {processor.py:183} INFO - Processing /opt/airflow/dags/checks.py took 0.149 seconds
[2026-03-21T03:17:37.929+0000] {processor.py:161} INFO - Started process (PID=296) to work on /opt/airflow/dags/checks.py
[2026-03-21T03:17:37.931+0000] {processor.py:830} INFO - Processing file /opt/airflow/dags/checks.py for tasks to queue
[2026-03-21T03:17:37.934+0000] {logging_mixin.py:188} INFO - [2026-03-21T03:17:37.933+0000] {dagbag.py:545} INFO - Filling up the DagBag from /opt/airflow/dags/checks.py
[2026-03-21T03:17:37.957+0000] {processor.py:840} INFO - DAG(s) 'checks' retrieved from /opt/airflow/dags/checks.py
[2026-03-21T03:17:37.985+0000] {logging_mixin.py:188} INFO - [2026-03-21T03:17:37.985+0000] {dag.py:3089} INFO - Sync 1 DAGs
[2026-03-21T03:17:38.006+0000] {logging_mixin.py:188} INFO - [2026-03-21T03:17:38.006+0000] {dag.py:3947} INFO - Setting next_dagrun for checks to 2026-03-20 00:00:00+00:00, run_after=2026-03-21 00:00:00+00:00
[2026-03-21T03:17:38.029+0000] {processor.py:183} INFO - Processing /opt/airflow/dags/checks.py took 0.106 seconds
[2026-03-21T03:18:08.209+0000] {processor.py:161} INFO - Started process (PID=297) to work on /opt/airflow/dags/checks.py
[2026-03-21T03:18:08.211+0000] {processor.py:830} INFO - Processing file /opt/airflow/dags/checks.py for tasks to queue
[2026-03-21T03:18:08.214+0000] {logging_mixin.py:188} INFO - [2026-03-21T03:18:08.214+0000] {dagbag.py:545} INFO - Filling up the DagBag from /opt/airflow/dags/checks.py
[2026-03-21T03:18:08.237+0000] {processor.py:840} INFO - DAG(s) 'checks' retrieved from /opt/airflow/dags/checks.py
[2026-03-21T03:18:08.267+0000] {logging_mixin.py:188} INFO - [2026-03-21T03:18:08.267+0000] {dag.py:3089} INFO - Sync 1 DAGs
[2026-03-21T03:18:08.289+0000] {logging_mixin.py:188} INFO - [2026-03-21T03:18:08.288+0000] {dag.py:3947} INFO - Setting next_dagrun for checks to 2026-03-20 00:00:00+00:00, run_after=2026-03-21 00:00:00+00:00
[2026-03-21T03:18:08.312+0000] {processor.py:183} INFO - Processing /opt/airflow/dags/checks.py took 0.111 seconds
[2026-03-21T03:18:38.499+0000] {processor.py:161} INFO - Started process (PID=298) to work on /opt/airflow/dags/checks.py
[2026-03-21T03:18:38.500+0000] {processor.py:830} INFO - Processing file /opt/airflow/dags/checks.py for tasks to queue
[2026-03-21T03:18:38.503+0000] {logging_mixin.py:188} INFO - [2026-03-21T03:18:38.503+0000] {dagbag.py:545} INFO - Filling up the DagBag from /opt/airflow/dags/checks.py
[2026-03-21T03:18:38.525+0000] {processor.py:840} INFO - DAG(s) 'checks' retrieved from /opt/airflow/dags/checks.py
[2026-03-21T03:18:38.554+0000] {logging_mixin.py:188} INFO - [2026-03-21T03:18:38.554+0000] {dag.py:3089} INFO - Sync 1 DAGs
[2026-03-21T03:18:38.582+0000] {logging_mixin.py:188} INFO - [2026-03-21T03:18:38.581+0000] {dag.py:3947} INFO - Setting next_dagrun for checks to 2026-03-20 00:00:00+00:00, run_after=2026-03-21 00:00:00+00:00
[2026-03-21T03:18:38.608+0000] {processor.py:183} INFO - Processing /opt/airflow/dags/checks.py took 0.114 seconds
[2026-03-21T03:19:08.771+0000] {processor.py:161} INFO - Started process (PID=299) to work on /opt/airflow/dags/checks.py
[2026-03-21T03:19:08.772+0000] {processor.py:830} INFO - Processing file /opt/airflow/dags/checks.py for tasks to queue
[2026-03-21T03:19:08.775+0000] {logging_mixin.py:188} INFO - [2026-03-21T03:19:08.775+0000] {dagbag.py:545} INFO - Filling up the DagBag from /opt/airflow/dags/checks.py
[2026-03-21T03:19:08.797+0000] {processor.py:840} INFO - DAG(s) 'checks' retrieved from /opt/airflow/dags/checks.py
[2026-03-21T03:19:08.824+0000] {logging_mixin.py:188} INFO - [2026-03-21T03:19:08.824+0000] {dag.py:3089} INFO - Sync 1 DAGs
[2026-03-21T03:19:08.851+0000] {logging_mixin.py:188} INFO - [2026-03-21T03:19:08.850+0000] {dag.py:3947} INFO - Setting next_dagrun for checks to 2026-03-20 00:00:00+00:00, run_after=2026-03-21 00:00:00+00:00
[2026-03-21T03:19:08.875+0000] {processor.py:183} INFO - Processing /opt/airflow/dags/checks.py took 0.112 seconds
[2026-03-21T03:19:39.098+0000] {processor.py:161} INFO - Started process (PID=318) to work on /opt/airflow/dags/checks.py
[2026-03-21T03:19:39.103+0000] {processor.py:830} INFO - Processing file /opt/airflow/dags/checks.py for tasks to queue
[2026-03-21T03:19:39.107+0000] {logging_mixin.py:188} INFO - [2026-03-21T03:19:39.106+0000] {dagbag.py:545} INFO - Filling up the DagBag from /opt/airflow/dags/checks.py
[2026-03-21T03:19:39.150+0000] {processor.py:840} INFO - DAG(s) 'checks' retrieved from /opt/airflow/dags/checks.py
[2026-03-21T03:19:39.198+0000] {logging_mixin.py:188} INFO - [2026-03-21T03:19:39.198+0000] {dag.py:3089} INFO - Sync 1 DAGs
[2026-03-21T03:19:39.240+0000] {logging_mixin.py:188} INFO - [2026-03-21T03:19:39.240+0000] {dag.py:3947} INFO - Setting next_dagrun for checks to 2026-03-21 00:00:00+00:00, run_after=2026-03-22 00:00:00+00:00
[2026-03-21T03:19:39.273+0000] {processor.py:183} INFO - Processing /opt/airflow/dags/checks.py took 0.188 seconds
[2026-03-21T03:20:09.462+0000] {processor.py:161} INFO - Started process (PID=319) to work on /opt/airflow/dags/checks.py
[2026-03-21T03:20:09.463+0000] {processor.py:830} INFO - Processing file /opt/airflow/dags/checks.py for tasks to queue
[2026-03-21T03:20:09.467+0000] {logging_mixin.py:188} INFO - [2026-03-21T03:20:09.466+0000] {dagbag.py:545} INFO - Filling up the DagBag from /opt/airflow/dags/checks.py
[2026-03-21T03:20:09.491+0000] {processor.py:840} INFO - DAG(s) 'checks' retrieved from /opt/airflow/dags/checks.py
[2026-03-21T03:20:09.528+0000] {logging_mixin.py:188} INFO - [2026-03-21T03:20:09.527+0000] {dag.py:3089} INFO - Sync 1 DAGs
[2026-03-21T03:20:09.555+0000] {logging_mixin.py:188} INFO - [2026-03-21T03:20:09.554+0000] {dag.py:3947} INFO - Setting next_dagrun for checks to 2026-03-21 00:00:00+00:00, run_after=2026-03-22 00:00:00+00:00
[2026-03-21T03:20:09.582+0000] {processor.py:183} INFO - Processing /opt/airflow/dags/checks.py took 0.129 seconds
[2026-03-21T03:20:39.767+0000] {processor.py:161} INFO - Started process (PID=320) to work on /opt/airflow/dags/checks.py
[2026-03-21T03:20:39.770+0000] {processor.py:830} INFO - Processing file /opt/airflow/dags/checks.py for tasks to queue
[2026-03-21T03:20:39.774+0000] {logging_mixin.py:188} INFO - [2026-03-21T03:20:39.773+0000] {dagbag.py:545} INFO - Filling up the DagBag from /opt/airflow/dags/checks.py
[2026-03-21T03:20:39.808+0000] {processor.py:840} INFO - DAG(s) 'checks' retrieved from /opt/airflow/dags/checks.py
[2026-03-21T03:20:39.849+0000] {logging_mixin.py:188} INFO - [2026-03-21T03:20:39.849+0000] {dag.py:3089} INFO - Sync 1 DAGs
[2026-03-21T03:20:39.880+0000] {logging_mixin.py:188} INFO - [2026-03-21T03:20:39.879+0000] {dag.py:3947} INFO - Setting next_dagrun for checks to 2026-03-21 00:00:00+00:00, run_after=2026-03-22 00:00:00+00:00
[2026-03-21T03:20:39.910+0000] {processor.py:183} INFO - Processing /opt/airflow/dags/checks.py took 0.152 seconds
[2026-03-21T03:21:10.052+0000] {processor.py:161} INFO - Started process (PID=321) to work on /opt/airflow/dags/checks.py
[2026-03-21T03:21:10.053+0000] {processor.py:830} INFO - Processing file /opt/airflow/dags/checks.py for tasks to queue
[2026-03-21T03:21:10.056+0000] {logging_mixin.py:188} INFO - [2026-03-21T03:21:10.056+0000] {dagbag.py:545} INFO - Filling up the DagBag from /opt/airflow/dags/checks.py
[2026-03-21T03:21:10.086+0000] {processor.py:840} INFO - DAG(s) 'checks' retrieved from /opt/airflow/dags/checks.py
[2026-03-21T03:21:10.117+0000] {logging_mixin.py:188} INFO - [2026-03-21T03:21:10.116+0000] {dag.py:3089} INFO - Sync 1 DAGs
[2026-03-21T03:21:10.152+0000] {logging_mixin.py:188} INFO - [2026-03-21T03:21:10.152+0000] {dag.py:3947} INFO - Setting next_dagrun for checks to 2026-03-21 00:00:00+00:00, run_after=2026-03-22 00:00:00+00:00
[2026-03-21T03:21:10.178+0000] {processor.py:183} INFO - Processing /opt/airflow/dags/checks.py took 0.133 seconds
[2026-03-21T03:21:40.336+0000] {processor.py:161} INFO - Started process (PID=322) to work on /opt/airflow/dags/checks.py
[2026-03-21T03:21:40.337+0000] {processor.py:830} INFO - Processing file /opt/airflow/dags/checks.py for tasks to queue
[2026-03-21T03:21:40.341+0000] {logging_mixin.py:188} INFO - [2026-03-21T03:21:40.340+0000] {dagbag.py:545} INFO - Filling up the DagBag from /opt/airflow/dags/checks.py
[2026-03-21T03:21:40.363+0000] {processor.py:840} INFO - DAG(s) 'checks' retrieved from /opt/airflow/dags/checks.py
[2026-03-21T03:21:40.394+0000] {logging_mixin.py:188} INFO - [2026-03-21T03:21:40.393+0000] {dag.py:3089} INFO - Sync 1 DAGs
[2026-03-21T03:21:40.417+0000] {logging_mixin.py:188} INFO - [2026-03-21T03:21:40.416+0000] {dag.py:3947} INFO - Setting next_dagrun for checks to 2026-03-21 00:00:00+00:00, run_after=2026-03-22 00:00:00+00:00
[2026-03-21T03:21:40.446+0000] {processor.py:183} INFO - Processing /opt/airflow/dags/checks.py took 0.118 seconds
[2026-03-21T03:22:10.606+0000] {processor.py:161} INFO - Started process (PID=323) to work on /opt/airflow/dags/checks.py
[2026-03-21T03:22:10.607+0000] {processor.py:830} INFO - Processing file /opt/airflow/dags/checks.py for tasks to queue
[2026-03-21T03:22:10.609+0000] {logging_mixin.py:188} INFO - [2026-03-21T03:22:10.608+0000] {dagbag.py:545} INFO - Filling up the DagBag from /opt/airflow/dags/checks.py
[2026-03-21T03:22:10.634+0000] {processor.py:840} INFO - DAG(s) 'checks' retrieved from /opt/airflow/dags/checks.py
[2026-03-21T03:22:10.665+0000] {logging_mixin.py:188} INFO - [2026-03-21T03:22:10.665+0000] {dag.py:3089} INFO - Sync 1 DAGs
[2026-03-21T03:22:10.686+0000] {logging_mixin.py:188} INFO - [2026-03-21T03:22:10.686+0000] {dag.py:3947} INFO - Setting next_dagrun for checks to 2026-03-21 00:00:00+00:00, run_after=2026-03-22 00:00:00+00:00
[2026-03-21T03:22:10.727+0000] {processor.py:183} INFO - Processing /opt/airflow/dags/checks.py took 0.126 seconds
[2026-03-21T03:22:40.881+0000] {processor.py:161} INFO - Started process (PID=324) to work on /opt/airflow/dags/checks.py
[2026-03-21T03:22:40.883+0000] {processor.py:830} INFO - Processing file /opt/airflow/dags/checks.py for tasks to queue
[2026-03-21T03:22:40.886+0000] {logging_mixin.py:188} INFO - [2026-03-21T03:22:40.886+0000] {dagbag.py:545} INFO - Filling up the DagBag from /opt/airflow/dags/checks.py
[2026-03-21T03:22:40.911+0000] {processor.py:840} INFO - DAG(s) 'checks' retrieved from /opt/airflow/dags/checks.py
[2026-03-21T03:22:40.946+0000] {logging_mixin.py:188} INFO - [2026-03-21T03:22:40.946+0000] {dag.py:3089} INFO - Sync 1 DAGs
[2026-03-21T03:22:40.973+0000] {logging_mixin.py:188} INFO - [2026-03-21T03:22:40.972+0000] {dag.py:3947} INFO - Setting next_dagrun for checks to 2026-03-21 00:00:00+00:00, run_after=2026-03-22 00:00:00+00:00
[2026-03-21T03:22:40.997+0000] {processor.py:183} INFO - Processing /opt/airflow/dags/checks.py took 0.122 seconds
[2026-03-21T03:23:11.162+0000] {processor.py:161} INFO - Started process (PID=325) to work on /opt/airflow/dags/checks.py
[2026-03-21T03:23:11.163+0000] {processor.py:830} INFO - Processing file /opt/airflow/dags/checks.py for tasks to queue
[2026-03-21T03:23:11.166+0000] {logging_mixin.py:188} INFO - [2026-03-21T03:23:11.165+0000] {dagbag.py:545} INFO - Filling up the DagBag from /opt/airflow/dags/checks.py
[2026-03-21T03:23:11.195+0000] {processor.py:840} INFO - DAG(s) 'checks' retrieved from /opt/airflow/dags/checks.py
[2026-03-21T03:23:11.231+0000] {logging_mixin.py:188} INFO - [2026-03-21T03:23:11.231+0000] {dag.py:3089} INFO - Sync 1 DAGs
[2026-03-21T03:23:11.255+0000] {logging_mixin.py:188} INFO - [2026-03-21T03:23:11.255+0000] {dag.py:3947} INFO - Setting next_dagrun for checks to 2026-03-21 00:00:00+00:00, run_after=2026-03-22 00:00:00+00:00
[2026-03-21T03:23:11.305+0000] {processor.py:183} INFO - Processing /opt/airflow/dags/checks.py took 0.154 seconds
[2026-03-21T03:23:41.433+0000] {processor.py:161} INFO - Started process (PID=326) to work on /opt/airflow/dags/checks.py
[2026-03-21T03:23:41.434+0000] {processor.py:830} INFO - Processing file /opt/airflow/dags/checks.py for tasks to queue
[2026-03-21T03:23:41.437+0000] {logging_mixin.py:188} INFO - [2026-03-21T03:23:41.437+0000] {dagbag.py:545} INFO - Filling up the DagBag from /opt/airflow/dags/checks.py
[2026-03-21T03:23:41.460+0000] {processor.py:840} INFO - DAG(s) 'checks' retrieved from /opt/airflow/dags/checks.py
[2026-03-21T03:23:41.491+0000] {logging_mixin.py:188} INFO - [2026-03-21T03:23:41.491+0000] {dag.py:3089} INFO - Sync 1 DAGs
[2026-03-21T03:23:41.517+0000] {logging_mixin.py:188} INFO - [2026-03-21T03:23:41.516+0000] {dag.py:3947} INFO - Setting next_dagrun for checks to 2026-03-21 00:00:00+00:00, run_after=2026-03-22 00:00:00+00:00
[2026-03-21T03:23:41.540+0000] {processor.py:183} INFO - Processing /opt/airflow/dags/checks.py took 0.114 seconds
[2026-03-21T03:24:11.703+0000] {processor.py:161} INFO - Started process (PID=327) to work on /opt/airflow/dags/checks.py
[2026-03-21T03:24:11.704+0000] {processor.py:830} INFO - Processing file /opt/airflow/dags/checks.py for tasks to queue
[2026-03-21T03:24:11.708+0000] {logging_mixin.py:188} INFO - [2026-03-21T03:24:11.707+0000] {dagbag.py:545} INFO - Filling up the DagBag from /opt/airflow/dags/checks.py
[2026-03-21T03:24:11.731+0000] {processor.py:840} INFO - DAG(s) 'checks' retrieved from /opt/airflow/dags/checks.py
[2026-03-21T03:24:11.761+0000] {logging_mixin.py:188} INFO - [2026-03-21T03:24:11.761+0000] {dag.py:3089} INFO - Sync 1 DAGs
[2026-03-21T03:24:11.785+0000] {logging_mixin.py:188} INFO - [2026-03-21T03:24:11.785+0000] {dag.py:3947} INFO - Setting next_dagrun for checks to 2026-03-21 00:00:00+00:00, run_after=2026-03-22 00:00:00+00:00
[2026-03-21T03:24:11.811+0000] {processor.py:183} INFO - Processing /opt/airflow/dags/checks.py took 0.114 seconds
[2026-03-21T03:24:41.988+0000] {processor.py:161} INFO - Started process (PID=328) to work on /opt/airflow/dags/checks.py
[2026-03-21T03:24:41.990+0000] {processor.py:830} INFO - Processing file /opt/airflow/dags/checks.py for tasks to queue
[2026-03-21T03:24:41.992+0000] {logging_mixin.py:188} INFO - [2026-03-21T03:24:41.992+0000] {dagbag.py:545} INFO - Filling up the DagBag from /opt/airflow/dags/checks.py
[2026-03-21T03:24:42.014+0000] {processor.py:840} INFO - DAG(s) 'checks' retrieved from /opt/airflow/dags/checks.py
[2026-03-21T03:24:42.050+0000] {logging_mixin.py:188} INFO - [2026-03-21T03:24:42.050+0000] {dag.py:3089} INFO - Sync 1 DAGs
[2026-03-21T03:24:42.071+0000] {logging_mixin.py:188} INFO - [2026-03-21T03:24:42.071+0000] {dag.py:3947} INFO - Setting next_dagrun for checks to 2026-03-21 00:00:00+00:00, run_after=2026-03-22 00:00:00+00:00
[2026-03-21T03:24:42.102+0000] {processor.py:183} INFO - Processing /opt/airflow/dags/checks.py took 0.123 seconds
[2026-03-21T03:25:12.263+0000] {processor.py:161} INFO - Started process (PID=329) to work on /opt/airflow/dags/checks.py
[2026-03-21T03:25:12.265+0000] {processor.py:830} INFO - Processing file /opt/airflow/dags/checks.py for tasks to queue
[2026-03-21T03:25:12.267+0000] {logging_mixin.py:188} INFO - [2026-03-21T03:25:12.267+0000] {dagbag.py:545} INFO - Filling up the DagBag from /opt/airflow/dags/checks.py
[2026-03-21T03:25:12.291+0000] {processor.py:840} INFO - DAG(s) 'checks' retrieved from /opt/airflow/dags/checks.py
[2026-03-21T03:25:12.321+0000] {logging_mixin.py:188} INFO - [2026-03-21T03:25:12.320+0000] {dag.py:3089} INFO - Sync 1 DAGs
[2026-03-21T03:25:12.347+0000] {logging_mixin.py:188} INFO - [2026-03-21T03:25:12.347+0000] {dag.py:3947} INFO - Setting next_dagrun for checks to 2026-03-21 00:00:00+00:00, run_after=2026-03-22 00:00:00+00:00
[2026-03-21T03:25:12.371+0000] {processor.py:183} INFO - Processing /opt/airflow/dags/checks.py took 0.114 seconds
[2026-03-21T03:25:42.557+0000] {processor.py:161} INFO - Started process (PID=330) to work on /opt/airflow/dags/checks.py
[2026-03-21T03:25:42.558+0000] {processor.py:830} INFO - Processing file /opt/airflow/dags/checks.py for tasks to queue
[2026-03-21T03:25:42.560+0000] {logging_mixin.py:188} INFO - [2026-03-21T03:25:42.560+0000] {dagbag.py:545} INFO - Filling up the DagBag from /opt/airflow/dags/checks.py
[2026-03-21T03:25:42.585+0000] {processor.py:840} INFO - DAG(s) 'checks' retrieved from /opt/airflow/dags/checks.py
[2026-03-21T03:25:42.618+0000] {logging_mixin.py:188} INFO - [2026-03-21T03:25:42.618+0000] {dag.py:3089} INFO - Sync 1 DAGs
[2026-03-21T03:25:42.646+0000] {logging_mixin.py:188} INFO - [2026-03-21T03:25:42.645+0000] {dag.py:3947} INFO - Setting next_dagrun for checks to 2026-03-21 00:00:00+00:00, run_after=2026-03-22 00:00:00+00:00
[2026-03-21T03:25:42.674+0000] {processor.py:183} INFO - Processing /opt/airflow/dags/checks.py took 0.123 seconds
[2026-03-21T03:26:12.834+0000] {processor.py:161} INFO - Started process (PID=331) to work on /opt/airflow/dags/checks.py
[2026-03-21T03:26:12.835+0000] {processor.py:830} INFO - Processing file /opt/airflow/dags/checks.py for tasks to queue
[2026-03-21T03:26:12.837+0000] {logging_mixin.py:188} INFO - [2026-03-21T03:26:12.837+0000] {dagbag.py:545} INFO - Filling up the DagBag from /opt/airflow/dags/checks.py
[2026-03-21T03:26:12.864+0000] {processor.py:840} INFO - DAG(s) 'checks' retrieved from /opt/airflow/dags/checks.py
[2026-03-21T03:26:12.902+0000] {logging_mixin.py:188} INFO - [2026-03-21T03:26:12.901+0000] {dag.py:3089} INFO - Sync 1 DAGs
[2026-03-21T03:26:12.929+0000] {logging_mixin.py:188} INFO - [2026-03-21T03:26:12.929+0000] {dag.py:3947} INFO - Setting next_dagrun for checks to 2026-03-21 00:00:00+00:00, run_after=2026-03-22 00:00:00+00:00
[2026-03-21T03:26:12.960+0000] {processor.py:183} INFO - Processing /opt/airflow/dags/checks.py took 0.135 seconds
[2026-03-21T03:26:43.165+0000] {processor.py:161} INFO - Started process (PID=332) to work on /opt/airflow/dags/checks.py
[2026-03-21T03:26:43.167+0000] {processor.py:830} INFO - Processing file /opt/airflow/dags/checks.py for tasks to queue
[2026-03-21T03:26:43.172+0000] {logging_mixin.py:188} INFO - [2026-03-21T03:26:43.171+0000] {dagbag.py:545} INFO - Filling up the DagBag from /opt/airflow/dags/checks.py
[2026-03-21T03:26:43.220+0000] {processor.py:840} INFO - DAG(s) 'checks' retrieved from /opt/airflow/dags/checks.py
[2026-03-21T03:26:43.274+0000] {logging_mixin.py:188} INFO - [2026-03-21T03:26:43.274+0000] {dag.py:3089} INFO - Sync 1 DAGs
[2026-03-21T03:26:43.319+0000] {logging_mixin.py:188} INFO - [2026-03-21T03:26:43.319+0000] {dag.py:3947} INFO - Setting next_dagrun for checks to 2026-03-21 00:00:00+00:00, run_after=2026-03-22 00:00:00+00:00
[2026-03-21T03:26:43.360+0000] {processor.py:183} INFO - Processing /opt/airflow/dags/checks.py took 0.209 seconds
[2026-03-21T03:27:13.536+0000] {processor.py:161} INFO - Started process (PID=333) to work on /opt/airflow/dags/checks.py
[2026-03-21T03:27:13.537+0000] {processor.py:830} INFO - Processing file /opt/airflow/dags/checks.py for tasks to queue
[2026-03-21T03:27:13.540+0000] {logging_mixin.py:188} INFO - [2026-03-21T03:27:13.539+0000] {dagbag.py:545} INFO - Filling up the DagBag from /opt/airflow/dags/checks.py
[2026-03-21T03:27:13.563+0000] {processor.py:840} INFO - DAG(s) 'checks' retrieved from /opt/airflow/dags/checks.py
[2026-03-21T03:27:13.592+0000] {logging_mixin.py:188} INFO - [2026-03-21T03:27:13.592+0000] {dag.py:3089} INFO - Sync 1 DAGs
[2026-03-21T03:27:13.617+0000] {logging_mixin.py:188} INFO - [2026-03-21T03:27:13.617+0000] {dag.py:3947} INFO - Setting next_dagrun for checks to 2026-03-21 00:00:00+00:00, run_after=2026-03-22 00:00:00+00:00
[2026-03-21T03:27:13.641+0000] {processor.py:183} INFO - Processing /opt/airflow/dags/checks.py took 0.110 seconds
[2026-03-21T03:27:43.811+0000] {processor.py:161} INFO - Started process (PID=334) to work on /opt/airflow/dags/checks.py
[2026-03-21T03:27:43.812+0000] {processor.py:830} INFO - Processing file /opt/airflow/dags/checks.py for tasks to queue
[2026-03-21T03:27:43.814+0000] {logging_mixin.py:188} INFO - [2026-03-21T03:27:43.813+0000] {dagbag.py:545} INFO - Filling up the DagBag from /opt/airflow/dags/checks.py
[2026-03-21T03:27:43.835+0000] {processor.py:840} INFO - DAG(s) 'checks' retrieved from /opt/airflow/dags/checks.py
[2026-03-21T03:27:43.866+0000] {logging_mixin.py:188} INFO - [2026-03-21T03:27:43.866+0000] {dag.py:3089} INFO - Sync 1 DAGs
[2026-03-21T03:27:43.890+0000] {logging_mixin.py:188} INFO - [2026-03-21T03:27:43.889+0000] {dag.py:3947} INFO - Setting next_dagrun for checks to 2026-03-21 00:00:00+00:00, run_after=2026-03-22 00:00:00+00:00
[2026-03-21T03:27:43.918+0000] {processor.py:183} INFO - Processing /opt/airflow/dags/checks.py took 0.114 seconds
[2026-03-21T03:28:14.088+0000] {processor.py:161} INFO - Started process (PID=335) to work on /opt/airflow/dags/checks.py
[2026-03-21T03:28:14.090+0000] {processor.py:830} INFO - Processing file /opt/airflow/dags/checks.py for tasks to queue
[2026-03-21T03:28:14.093+0000] {logging_mixin.py:188} INFO - [2026-03-21T03:28:14.093+0000] {dagbag.py:545} INFO - Filling up the DagBag from /opt/airflow/dags/checks.py
[2026-03-21T03:28:14.114+0000] {processor.py:840} INFO - DAG(s) 'checks' retrieved from /opt/airflow/dags/checks.py
[2026-03-21T03:28:14.144+0000] {logging_mixin.py:188} INFO - [2026-03-21T03:28:14.144+0000] {dag.py:3089} INFO - Sync 1 DAGs
[2026-03-21T03:28:14.166+0000] {logging_mixin.py:188} INFO - [2026-03-21T03:28:14.166+0000] {dag.py:3947} INFO - Setting next_dagrun for checks to 2026-03-21 00:00:00+00:00, run_after=2026-03-22 00:00:00+00:00
[2026-03-21T03:28:14.191+0000] {processor.py:183} INFO - Processing /opt/airflow/dags/checks.py took 0.110 seconds
[2026-03-21T03:28:44.357+0000] {processor.py:161} INFO - Started process (PID=336) to work on /opt/airflow/dags/checks.py
[2026-03-21T03:28:44.358+0000] {processor.py:830} INFO - Processing file /opt/airflow/dags/checks.py for tasks to queue
[2026-03-21T03:28:44.361+0000] {logging_mixin.py:188} INFO - [2026-03-21T03:28:44.360+0000] {dagbag.py:545} INFO - Filling up the DagBag from /opt/airflow/dags/checks.py
[2026-03-21T03:28:44.395+0000] {processor.py:840} INFO - DAG(s) 'checks' retrieved from /opt/airflow/dags/checks.py
[2026-03-21T03:28:44.429+0000] {logging_mixin.py:188} INFO - [2026-03-21T03:28:44.429+0000] {dag.py:3089} INFO - Sync 1 DAGs
[2026-03-21T03:28:44.457+0000] {logging_mixin.py:188} INFO - [2026-03-21T03:28:44.456+0000] {dag.py:3947} INFO - Setting next_dagrun for checks to 2026-03-21 00:00:00+00:00, run_after=2026-03-22 00:00:00+00:00
[2026-03-21T03:28:44.493+0000] {processor.py:183} INFO - Processing /opt/airflow/dags/checks.py took 0.143 seconds
[2026-03-21T03:29:14.620+0000] {processor.py:161} INFO - Started process (PID=337) to work on /opt/airflow/dags/checks.py
[2026-03-21T03:29:14.621+0000] {processor.py:830} INFO - Processing file /opt/airflow/dags/checks.py for tasks to queue
[2026-03-21T03:29:14.623+0000] {logging_mixin.py:188} INFO - [2026-03-21T03:29:14.623+0000] {dagbag.py:545} INFO - Filling up the DagBag from /opt/airflow/dags/checks.py
[2026-03-21T03:29:14.646+0000] {processor.py:840} INFO - DAG(s) 'checks' retrieved from /opt/airflow/dags/checks.py
[2026-03-21T03:29:14.679+0000] {logging_mixin.py:188} INFO - [2026-03-21T03:29:14.679+0000] {dag.py:3089} INFO - Sync 1 DAGs
[2026-03-21T03:29:14.702+0000] {logging_mixin.py:188} INFO - [2026-03-21T03:29:14.702+0000] {dag.py:3947} INFO - Setting next_dagrun for checks to 2026-03-21 00:00:00+00:00, run_after=2026-03-22 00:00:00+00:00
[2026-03-21T03:29:14.730+0000] {processor.py:183} INFO - Processing /opt/airflow/dags/checks.py took 0.118 seconds
[2026-03-21T03:29:44.885+0000] {processor.py:161} INFO - Started process (PID=338) to work on /opt/airflow/dags/checks.py
[2026-03-21T03:29:44.886+0000] {processor.py:830} INFO - Processing file /opt/airflow/dags/checks.py for tasks to queue
[2026-03-21T03:29:44.889+0000] {logging_mixin.py:188} INFO - [2026-03-21T03:29:44.889+0000] {dagbag.py:545} INFO - Filling up the DagBag from /opt/airflow/dags/checks.py
[2026-03-21T03:29:44.911+0000] {processor.py:840} INFO - DAG(s) 'checks' retrieved from /opt/airflow/dags/checks.py
[2026-03-21T03:29:44.940+0000] {logging_mixin.py:188} INFO - [2026-03-21T03:29:44.940+0000] {dag.py:3089} INFO - Sync 1 DAGs
[2026-03-21T03:29:44.962+0000] {logging_mixin.py:188} INFO - [2026-03-21T03:29:44.962+0000] {dag.py:3947} INFO - Setting next_dagrun for checks to 2026-03-21 00:00:00+00:00, run_after=2026-03-22 00:00:00+00:00
[2026-03-21T03:29:44.985+0000] {processor.py:183} INFO - Processing /opt/airflow/dags/checks.py took 0.106 seconds
[2026-03-21T03:30:15.156+0000] {processor.py:161} INFO - Started process (PID=339) to work on /opt/airflow/dags/checks.py
[2026-03-21T03:30:15.157+0000] {processor.py:830} INFO - Processing file /opt/airflow/dags/checks.py for tasks to queue
[2026-03-21T03:30:15.161+0000] {logging_mixin.py:188} INFO - [2026-03-21T03:30:15.160+0000] {dagbag.py:545} INFO - Filling up the DagBag from /opt/airflow/dags/checks.py
[2026-03-21T03:30:15.184+0000] {processor.py:840} INFO - DAG(s) 'checks' retrieved from /opt/airflow/dags/checks.py
[2026-03-21T03:30:15.212+0000] {logging_mixin.py:188} INFO - [2026-03-21T03:30:15.212+0000] {dag.py:3089} INFO - Sync 1 DAGs
[2026-03-21T03:30:15.236+0000] {logging_mixin.py:188} INFO - [2026-03-21T03:30:15.236+0000] {dag.py:3947} INFO - Setting next_dagrun for checks to 2026-03-21 00:00:00+00:00, run_after=2026-03-22 00:00:00+00:00
[2026-03-21T03:30:15.263+0000] {processor.py:183} INFO - Processing /opt/airflow/dags/checks.py took 0.112 seconds
[2026-03-21T03:30:45.424+0000] {processor.py:161} INFO - Started process (PID=340) to work on /opt/airflow/dags/checks.py
[2026-03-21T03:30:45.425+0000] {processor.py:830} INFO - Processing file /opt/airflow/dags/checks.py for tasks to queue
[2026-03-21T03:30:45.427+0000] {logging_mixin.py:188} INFO - [2026-03-21T03:30:45.427+0000] {dagbag.py:545} INFO - Filling up the DagBag from /opt/airflow/dags/checks.py
[2026-03-21T03:30:45.447+0000] {processor.py:840} INFO - DAG(s) 'checks' retrieved from /opt/airflow/dags/checks.py
[2026-03-21T03:30:45.480+0000] {logging_mixin.py:188} INFO - [2026-03-21T03:30:45.480+0000] {dag.py:3089} INFO - Sync 1 DAGs
[2026-03-21T03:30:45.502+0000] {logging_mixin.py:188} INFO - [2026-03-21T03:30:45.501+0000] {dag.py:3947} INFO - Setting next_dagrun for checks to 2026-03-21 00:00:00+00:00, run_after=2026-03-22 00:00:00+00:00
[2026-03-21T03:30:45.543+0000] {processor.py:183} INFO - Processing /opt/airflow/dags/checks.py took 0.125 seconds
[2026-03-21T03:31:15.706+0000] {processor.py:161} INFO - Started process (PID=341) to work on /opt/airflow/dags/checks.py
[2026-03-21T03:31:15.709+0000] {processor.py:830} INFO - Processing file /opt/airflow/dags/checks.py for tasks to queue
[2026-03-21T03:31:15.711+0000] {logging_mixin.py:188} INFO - [2026-03-21T03:31:15.711+0000] {dagbag.py:545} INFO - Filling up the DagBag from /opt/airflow/dags/checks.py
[2026-03-21T03:31:15.731+0000] {processor.py:840} INFO - DAG(s) 'checks' retrieved from /opt/airflow/dags/checks.py
[2026-03-21T03:31:15.758+0000] {logging_mixin.py:188} INFO - [2026-03-21T03:31:15.758+0000] {dag.py:3089} INFO - Sync 1 DAGs
[2026-03-21T03:31:15.780+0000] {logging_mixin.py:188} INFO - [2026-03-21T03:31:15.780+0000] {dag.py:3947} INFO - Setting next_dagrun for checks to 2026-03-21 00:00:00+00:00, run_after=2026-03-22 00:00:00+00:00
[2026-03-21T03:31:15.803+0000] {processor.py:183} INFO - Processing /opt/airflow/dags/checks.py took 0.104 seconds
[2026-03-21T03:31:45.978+0000] {processor.py:161} INFO - Started process (PID=342) to work on /opt/airflow/dags/checks.py
[2026-03-21T03:31:45.979+0000] {processor.py:830} INFO - Processing file /opt/airflow/dags/checks.py for tasks to queue
[2026-03-21T03:31:45.982+0000] {logging_mixin.py:188} INFO - [2026-03-21T03:31:45.981+0000] {dagbag.py:545} INFO - Filling up the DagBag from /opt/airflow/dags/checks.py
[2026-03-21T03:31:45.998+0000] {processor.py:840} INFO - DAG(s) 'checks' retrieved from /opt/airflow/dags/checks.py
[2026-03-21T03:31:46.027+0000] {logging_mixin.py:188} INFO - [2026-03-21T03:31:46.027+0000] {dag.py:3089} INFO - Sync 1 DAGs
[2026-03-21T03:31:46.050+0000] {logging_mixin.py:188} INFO - [2026-03-21T03:31:46.050+0000] {dag.py:3947} INFO - Setting next_dagrun for checks to 2026-03-21 00:00:00+00:00, run_after=2026-03-22 00:00:00+00:00
[2026-03-21T03:31:46.075+0000] {processor.py:183} INFO - Processing /opt/airflow/dags/checks.py took 0.105 seconds
[2026-03-21T03:32:16.244+0000] {processor.py:161} INFO - Started process (PID=343) to work on /opt/airflow/dags/checks.py
[2026-03-21T03:32:16.245+0000] {processor.py:830} INFO - Processing file /opt/airflow/dags/checks.py for tasks to queue
[2026-03-21T03:32:16.247+0000] {logging_mixin.py:188} INFO - [2026-03-21T03:32:16.247+0000] {dagbag.py:545} INFO - Filling up the DagBag from /opt/airflow/dags/checks.py
[2026-03-21T03:32:16.266+0000] {processor.py:840} INFO - DAG(s) 'checks' retrieved from /opt/airflow/dags/checks.py
[2026-03-21T03:32:16.296+0000] {logging_mixin.py:188} INFO - [2026-03-21T03:32:16.295+0000] {dag.py:3089} INFO - Sync 1 DAGs
[2026-03-21T03:32:16.317+0000] {logging_mixin.py:188} INFO - [2026-03-21T03:32:16.317+0000] {dag.py:3947} INFO - Setting next_dagrun for checks to 2026-03-21 00:00:00+00:00, run_after=2026-03-22 00:00:00+00:00
[2026-03-21T03:32:16.341+0000] {processor.py:183} INFO - Processing /opt/airflow/dags/checks.py took 0.102 seconds
[2026-03-21T03:32:46.504+0000] {processor.py:161} INFO - Started process (PID=344) to work on /opt/airflow/dags/checks.py
[2026-03-21T03:32:46.506+0000] {processor.py:830} INFO - Processing file /opt/airflow/dags/checks.py for tasks to queue
[2026-03-21T03:32:46.509+0000] {logging_mixin.py:188} INFO - [2026-03-21T03:32:46.508+0000] {dagbag.py:545} INFO - Filling up the DagBag from /opt/airflow/dags/checks.py
[2026-03-21T03:32:46.532+0000] {processor.py:840} INFO - DAG(s) 'checks' retrieved from /opt/airflow/dags/checks.py
[2026-03-21T03:32:46.574+0000] {logging_mixin.py:188} INFO - [2026-03-21T03:32:46.573+0000] {dag.py:3089} INFO - Sync 1 DAGs
[2026-03-21T03:32:46.643+0000] {logging_mixin.py:188} INFO - [2026-03-21T03:32:46.642+0000] {dag.py:3947} INFO - Setting next_dagrun for checks to 2026-03-21 00:00:00+00:00, run_after=2026-03-22 00:00:00+00:00
[2026-03-21T03:32:46.733+0000] {processor.py:183} INFO - Processing /opt/airflow/dags/checks.py took 0.239 seconds
[2026-03-21T03:33:16.879+0000] {processor.py:161} INFO - Started process (PID=345) to work on /opt/airflow/dags/checks.py
[2026-03-21T03:33:16.881+0000] {processor.py:830} INFO - Processing file /opt/airflow/dags/checks.py for tasks to queue
[2026-03-21T03:33:16.883+0000] {logging_mixin.py:188} INFO - [2026-03-21T03:33:16.882+0000] {dagbag.py:545} INFO - Filling up the DagBag from /opt/airflow/dags/checks.py
[2026-03-21T03:33:16.903+0000] {processor.py:840} INFO - DAG(s) 'checks' retrieved from /opt/airflow/dags/checks.py
[2026-03-21T03:33:16.935+0000] {logging_mixin.py:188} INFO - [2026-03-21T03:33:16.935+0000] {dag.py:3089} INFO - Sync 1 DAGs
[2026-03-21T03:33:16.957+0000] {logging_mixin.py:188} INFO - [2026-03-21T03:33:16.957+0000] {dag.py:3947} INFO - Setting next_dagrun for checks to 2026-03-21 00:00:00+00:00, run_after=2026-03-22 00:00:00+00:00
[2026-03-21T03:33:16.987+0000] {processor.py:183} INFO - Processing /opt/airflow/dags/checks.py took 0.116 seconds
[2026-03-21T03:33:47.162+0000] {processor.py:161} INFO - Started process (PID=346) to work on /opt/airflow/dags/checks.py
[2026-03-21T03:33:47.164+0000] {processor.py:830} INFO - Processing file /opt/airflow/dags/checks.py for tasks to queue
[2026-03-21T03:33:47.166+0000] {logging_mixin.py:188} INFO - [2026-03-21T03:33:47.166+0000] {dagbag.py:545} INFO - Filling up the DagBag from /opt/airflow/dags/checks.py
[2026-03-21T03:33:47.186+0000] {processor.py:840} INFO - DAG(s) 'checks' retrieved from /opt/airflow/dags/checks.py
[2026-03-21T03:33:47.212+0000] {logging_mixin.py:188} INFO - [2026-03-21T03:33:47.212+0000] {dag.py:3089} INFO - Sync 1 DAGs
[2026-03-21T03:33:47.234+0000] {logging_mixin.py:188} INFO - [2026-03-21T03:33:47.233+0000] {dag.py:3947} INFO - Setting next_dagrun for checks to 2026-03-21 00:00:00+00:00, run_after=2026-03-22 00:00:00+00:00
[2026-03-21T03:33:47.259+0000] {processor.py:183} INFO - Processing /opt/airflow/dags/checks.py took 0.103 seconds
[2026-03-21T03:34:17.442+0000] {processor.py:161} INFO - Started process (PID=347) to work on /opt/airflow/dags/checks.py
[2026-03-21T03:34:17.443+0000] {processor.py:830} INFO - Processing file /opt/airflow/dags/checks.py for tasks to queue
[2026-03-21T03:34:17.445+0000] {logging_mixin.py:188} INFO - [2026-03-21T03:34:17.445+0000] {dagbag.py:545} INFO - Filling up the DagBag from /opt/airflow/dags/checks.py
[2026-03-21T03:34:17.465+0000] {processor.py:840} INFO - DAG(s) 'checks' retrieved from /opt/airflow/dags/checks.py
[2026-03-21T03:34:17.490+0000] {logging_mixin.py:188} INFO - [2026-03-21T03:34:17.490+0000] {dag.py:3089} INFO - Sync 1 DAGs
[2026-03-21T03:34:17.512+0000] {logging_mixin.py:188} INFO - [2026-03-21T03:34:17.511+0000] {dag.py:3947} INFO - Setting next_dagrun for checks to 2026-03-21 00:00:00+00:00, run_after=2026-03-22 00:00:00+00:00
[2026-03-21T03:34:17.542+0000] {processor.py:183} INFO - Processing /opt/airflow/dags/checks.py took 0.107 seconds
[2026-03-21T03:34:47.724+0000] {processor.py:161} INFO - Started process (PID=348) to work on /opt/airflow/dags/checks.py
[2026-03-21T03:34:47.726+0000] {processor.py:830} INFO - Processing file /opt/airflow/dags/checks.py for tasks to queue
[2026-03-21T03:34:47.729+0000] {logging_mixin.py:188} INFO - [2026-03-21T03:34:47.728+0000] {dagbag.py:545} INFO - Filling up the DagBag from /opt/airflow/dags/checks.py
[2026-03-21T03:34:47.750+0000] {processor.py:840} INFO - DAG(s) 'checks' retrieved from /opt/airflow/dags/checks.py
[2026-03-21T03:34:47.779+0000] {logging_mixin.py:188} INFO - [2026-03-21T03:34:47.779+0000] {dag.py:3089} INFO - Sync 1 DAGs
[2026-03-21T03:34:47.802+0000] {logging_mixin.py:188} INFO - [2026-03-21T03:34:47.801+0000] {dag.py:3947} INFO - Setting next_dagrun for checks to 2026-03-21 00:00:00+00:00, run_after=2026-03-22 00:00:00+00:00
[2026-03-21T03:34:47.827+0000] {processor.py:183} INFO - Processing /opt/airflow/dags/checks.py took 0.109 seconds
[2026-03-21T03:35:17.969+0000] {processor.py:161} INFO - Started process (PID=349) to work on /opt/airflow/dags/checks.py
[2026-03-21T03:35:17.970+0000] {processor.py:830} INFO - Processing file /opt/airflow/dags/checks.py for tasks to queue
[2026-03-21T03:35:17.973+0000] {logging_mixin.py:188} INFO - [2026-03-21T03:35:17.973+0000] {dagbag.py:545} INFO - Filling up the DagBag from /opt/airflow/dags/checks.py
[2026-03-21T03:35:17.996+0000] {processor.py:840} INFO - DAG(s) 'checks' retrieved from /opt/airflow/dags/checks.py
[2026-03-21T03:35:18.032+0000] {logging_mixin.py:188} INFO - [2026-03-21T03:35:18.032+0000] {dag.py:3089} INFO - Sync 1 DAGs
[2026-03-21T03:35:18.058+0000] {logging_mixin.py:188} INFO - [2026-03-21T03:35:18.058+0000] {dag.py:3947} INFO - Setting next_dagrun for checks to 2026-03-21 00:00:00+00:00, run_after=2026-03-22 00:00:00+00:00
[2026-03-21T03:35:18.098+0000] {processor.py:183} INFO - Processing /opt/airflow/dags/checks.py took 0.135 seconds
[2026-03-21T03:35:48.285+0000] {processor.py:161} INFO - Started process (PID=350) to work on /opt/airflow/dags/checks.py
[2026-03-21T03:35:48.287+0000] {processor.py:830} INFO - Processing file /opt/airflow/dags/checks.py for tasks to queue
[2026-03-21T03:35:48.291+0000] {logging_mixin.py:188} INFO - [2026-03-21T03:35:48.290+0000] {dagbag.py:545} INFO - Filling up the DagBag from /opt/airflow/dags/checks.py
[2026-03-21T03:35:48.330+0000] {processor.py:840} INFO - DAG(s) 'checks' retrieved from /opt/airflow/dags/checks.py
[2026-03-21T03:35:48.364+0000] {logging_mixin.py:188} INFO - [2026-03-21T03:35:48.364+0000] {dag.py:3089} INFO - Sync 1 DAGs
[2026-03-21T03:35:48.387+0000] {logging_mixin.py:188} INFO - [2026-03-21T03:35:48.387+0000] {dag.py:3947} INFO - Setting next_dagrun for checks to 2026-03-21 00:00:00+00:00, run_after=2026-03-22 00:00:00+00:00
[2026-03-21T03:35:48.423+0000] {processor.py:183} INFO - Processing /opt/airflow/dags/checks.py took 0.153 seconds
[2026-03-21T03:36:18.531+0000] {processor.py:161} INFO - Started process (PID=351) to work on /opt/airflow/dags/checks.py
[2026-03-21T03:36:18.532+0000] {processor.py:830} INFO - Processing file /opt/airflow/dags/checks.py for tasks to queue
[2026-03-21T03:36:18.535+0000] {logging_mixin.py:188} INFO - [2026-03-21T03:36:18.535+0000] {dagbag.py:545} INFO - Filling up the DagBag from /opt/airflow/dags/checks.py
[2026-03-21T03:36:18.556+0000] {processor.py:840} INFO - DAG(s) 'checks' retrieved from /opt/airflow/dags/checks.py
[2026-03-21T03:36:18.586+0000] {logging_mixin.py:188} INFO - [2026-03-21T03:36:18.585+0000] {dag.py:3089} INFO - Sync 1 DAGs
[2026-03-21T03:36:18.610+0000] {logging_mixin.py:188} INFO - [2026-03-21T03:36:18.609+0000] {dag.py:3947} INFO - Setting next_dagrun for checks to 2026-03-21 00:00:00+00:00, run_after=2026-03-22 00:00:00+00:00
[2026-03-21T03:36:18.641+0000] {processor.py:183} INFO - Processing /opt/airflow/dags/checks.py took 0.116 seconds
[2026-03-21T03:36:48.819+0000] {processor.py:161} INFO - Started process (PID=352) to work on /opt/airflow/dags/checks.py
[2026-03-21T03:36:48.820+0000] {processor.py:830} INFO - Processing file /opt/airflow/dags/checks.py for tasks to queue
[2026-03-21T03:36:48.822+0000] {logging_mixin.py:188} INFO - [2026-03-21T03:36:48.822+0000] {dagbag.py:545} INFO - Filling up the DagBag from /opt/airflow/dags/checks.py
[2026-03-21T03:36:48.852+0000] {processor.py:840} INFO - DAG(s) 'checks' retrieved from /opt/airflow/dags/checks.py
[2026-03-21T03:36:48.882+0000] {logging_mixin.py:188} INFO - [2026-03-21T03:36:48.882+0000] {dag.py:3089} INFO - Sync 1 DAGs
[2026-03-21T03:36:48.905+0000] {logging_mixin.py:188} INFO - [2026-03-21T03:36:48.905+0000] {dag.py:3947} INFO - Setting next_dagrun for checks to 2026-03-21 00:00:00+00:00, run_after=2026-03-22 00:00:00+00:00
[2026-03-21T03:36:48.928+0000] {processor.py:183} INFO - Processing /opt/airflow/dags/checks.py took 0.118 seconds
[2026-03-21T03:37:19.071+0000] {processor.py:161} INFO - Started process (PID=353) to work on /opt/airflow/dags/checks.py
[2026-03-21T03:37:19.072+0000] {processor.py:830} INFO - Processing file /opt/airflow/dags/checks.py for tasks to queue
[2026-03-21T03:37:19.076+0000] {logging_mixin.py:188} INFO - [2026-03-21T03:37:19.075+0000] {dagbag.py:545} INFO - Filling up the DagBag from /opt/airflow/dags/checks.py
[2026-03-21T03:37:19.095+0000] {processor.py:840} INFO - DAG(s) 'checks' retrieved from /opt/airflow/dags/checks.py
[2026-03-21T03:37:19.120+0000] {logging_mixin.py:188} INFO - [2026-03-21T03:37:19.120+0000] {dag.py:3089} INFO - Sync 1 DAGs
[2026-03-21T03:37:19.142+0000] {logging_mixin.py:188} INFO - [2026-03-21T03:37:19.142+0000] {dag.py:3947} INFO - Setting next_dagrun for checks to 2026-03-21 00:00:00+00:00, run_after=2026-03-22 00:00:00+00:00
[2026-03-21T03:37:19.171+0000] {processor.py:183} INFO - Processing /opt/airflow/dags/checks.py took 0.107 seconds
[2026-03-21T03:37:49.332+0000] {processor.py:161} INFO - Started process (PID=354) to work on /opt/airflow/dags/checks.py
[2026-03-21T03:37:49.333+0000] {processor.py:830} INFO - Processing file /opt/airflow/dags/checks.py for tasks to queue
[2026-03-21T03:37:49.334+0000] {logging_mixin.py:188} INFO - [2026-03-21T03:37:49.334+0000] {dagbag.py:545} INFO - Filling up the DagBag from /opt/airflow/dags/checks.py
[2026-03-21T03:37:49.352+0000] {processor.py:840} INFO - DAG(s) 'checks' retrieved from /opt/airflow/dags/checks.py
[2026-03-21T03:37:49.380+0000] {logging_mixin.py:188} INFO - [2026-03-21T03:37:49.380+0000] {dag.py:3089} INFO - Sync 1 DAGs
[2026-03-21T03:37:49.400+0000] {logging_mixin.py:188} INFO - [2026-03-21T03:37:49.400+0000] {dag.py:3947} INFO - Setting next_dagrun for checks to 2026-03-21 00:00:00+00:00, run_after=2026-03-22 00:00:00+00:00
[2026-03-21T03:37:49.427+0000] {processor.py:183} INFO - Processing /opt/airflow/dags/checks.py took 0.102 seconds
[2026-03-21T03:38:19.598+0000] {processor.py:161} INFO - Started process (PID=355) to work on /opt/airflow/dags/checks.py
[2026-03-21T03:38:19.600+0000] {processor.py:830} INFO - Processing file /opt/airflow/dags/checks.py for tasks to queue
[2026-03-21T03:38:19.602+0000] {logging_mixin.py:188} INFO - [2026-03-21T03:38:19.602+0000] {dagbag.py:545} INFO - Filling up the DagBag from /opt/airflow/dags/checks.py
[2026-03-21T03:38:19.622+0000] {processor.py:840} INFO - DAG(s) 'checks' retrieved from /opt/airflow/dags/checks.py
[2026-03-21T03:38:19.649+0000] {logging_mixin.py:188} INFO - [2026-03-21T03:38:19.648+0000] {dag.py:3089} INFO - Sync 1 DAGs
[2026-03-21T03:38:19.670+0000] {logging_mixin.py:188} INFO - [2026-03-21T03:38:19.669+0000] {dag.py:3947} INFO - Setting next_dagrun for checks to 2026-03-21 00:00:00+00:00, run_after=2026-03-22 00:00:00+00:00
[2026-03-21T03:38:19.716+0000] {processor.py:183} INFO - Processing /opt/airflow/dags/checks.py took 0.125 seconds
[2026-03-21T03:38:49.872+0000] {processor.py:161} INFO - Started process (PID=356) to work on /opt/airflow/dags/checks.py
[2026-03-21T03:38:49.874+0000] {processor.py:830} INFO - Processing file /opt/airflow/dags/checks.py for tasks to queue
[2026-03-21T03:38:49.876+0000] {logging_mixin.py:188} INFO - [2026-03-21T03:38:49.875+0000] {dagbag.py:545} INFO - Filling up the DagBag from /opt/airflow/dags/checks.py
[2026-03-21T03:38:49.895+0000] {processor.py:840} INFO - DAG(s) 'checks' retrieved from /opt/airflow/dags/checks.py
[2026-03-21T03:38:49.922+0000] {logging_mixin.py:188} INFO - [2026-03-21T03:38:49.922+0000] {dag.py:3089} INFO - Sync 1 DAGs
[2026-03-21T03:38:49.942+0000] {logging_mixin.py:188} INFO - [2026-03-21T03:38:49.942+0000] {dag.py:3947} INFO - Setting next_dagrun for checks to 2026-03-21 00:00:00+00:00, run_after=2026-03-22 00:00:00+00:00
[2026-03-21T03:38:49.970+0000] {processor.py:183} INFO - Processing /opt/airflow/dags/checks.py took 0.104 seconds
[2026-03-21T03:39:20.138+0000] {processor.py:161} INFO - Started process (PID=357) to work on /opt/airflow/dags/checks.py
[2026-03-21T03:39:20.139+0000] {processor.py:830} INFO - Processing file /opt/airflow/dags/checks.py for tasks to queue
[2026-03-21T03:39:20.141+0000] {logging_mixin.py:188} INFO - [2026-03-21T03:39:20.141+0000] {dagbag.py:545} INFO - Filling up the DagBag from /opt/airflow/dags/checks.py
[2026-03-21T03:39:20.161+0000] {processor.py:840} INFO - DAG(s) 'checks' retrieved from /opt/airflow/dags/checks.py
[2026-03-21T03:39:20.192+0000] {logging_mixin.py:188} INFO - [2026-03-21T03:39:20.192+0000] {dag.py:3089} INFO - Sync 1 DAGs
[2026-03-21T03:39:20.214+0000] {logging_mixin.py:188} INFO - [2026-03-21T03:39:20.214+0000] {dag.py:3947} INFO - Setting next_dagrun for checks to 2026-03-21 00:00:00+00:00, run_after=2026-03-22 00:00:00+00:00
[2026-03-21T03:39:20.236+0000] {processor.py:183} INFO - Processing /opt/airflow/dags/checks.py took 0.104 seconds
[2026-03-21T03:39:50.417+0000] {processor.py:161} INFO - Started process (PID=358) to work on /opt/airflow/dags/checks.py
[2026-03-21T03:39:50.418+0000] {processor.py:830} INFO - Processing file /opt/airflow/dags/checks.py for tasks to queue
[2026-03-21T03:39:50.421+0000] {logging_mixin.py:188} INFO - [2026-03-21T03:39:50.420+0000] {dagbag.py:545} INFO - Filling up the DagBag from /opt/airflow/dags/checks.py
[2026-03-21T03:39:50.442+0000] {processor.py:840} INFO - DAG(s) 'checks' retrieved from /opt/airflow/dags/checks.py
[2026-03-21T03:39:50.473+0000] {logging_mixin.py:188} INFO - [2026-03-21T03:39:50.472+0000] {dag.py:3089} INFO - Sync 1 DAGs
[2026-03-21T03:39:50.496+0000] {logging_mixin.py:188} INFO - [2026-03-21T03:39:50.496+0000] {dag.py:3947} INFO - Setting next_dagrun for checks to 2026-03-21 00:00:00+00:00, run_after=2026-03-22 00:00:00+00:00
[2026-03-21T03:39:50.539+0000] {processor.py:183} INFO - Processing /opt/airflow/dags/checks.py took 0.130 seconds
[2026-03-21T03:40:20.700+0000] {processor.py:161} INFO - Started process (PID=359) to work on /opt/airflow/dags/checks.py
[2026-03-21T03:40:20.701+0000] {processor.py:830} INFO - Processing file /opt/airflow/dags/checks.py for tasks to queue
[2026-03-21T03:40:20.703+0000] {logging_mixin.py:188} INFO - [2026-03-21T03:40:20.702+0000] {dagbag.py:545} INFO - Filling up the DagBag from /opt/airflow/dags/checks.py
[2026-03-21T03:40:20.722+0000] {processor.py:840} INFO - DAG(s) 'checks' retrieved from /opt/airflow/dags/checks.py
[2026-03-21T03:40:20.746+0000] {logging_mixin.py:188} INFO - [2026-03-21T03:40:20.746+0000] {dag.py:3089} INFO - Sync 1 DAGs
[2026-03-21T03:40:20.766+0000] {logging_mixin.py:188} INFO - [2026-03-21T03:40:20.766+0000] {dag.py:3947} INFO - Setting next_dagrun for checks to 2026-03-21 00:00:00+00:00, run_after=2026-03-22 00:00:00+00:00
[2026-03-21T03:40:20.791+0000] {processor.py:183} INFO - Processing /opt/airflow/dags/checks.py took 0.097 seconds
[2026-03-21T03:40:50.952+0000] {processor.py:161} INFO - Started process (PID=360) to work on /opt/airflow/dags/checks.py
[2026-03-21T03:40:50.953+0000] {processor.py:830} INFO - Processing file /opt/airflow/dags/checks.py for tasks to queue
[2026-03-21T03:40:50.955+0000] {logging_mixin.py:188} INFO - [2026-03-21T03:40:50.955+0000] {dagbag.py:545} INFO - Filling up the DagBag from /opt/airflow/dags/checks.py
[2026-03-21T03:40:50.974+0000] {processor.py:840} INFO - DAG(s) 'checks' retrieved from /opt/airflow/dags/checks.py
[2026-03-21T03:40:51.002+0000] {logging_mixin.py:188} INFO - [2026-03-21T03:40:51.002+0000] {dag.py:3089} INFO - Sync 1 DAGs
[2026-03-21T03:40:51.027+0000] {logging_mixin.py:188} INFO - [2026-03-21T03:40:51.026+0000] {dag.py:3947} INFO - Setting next_dagrun for checks to 2026-03-21 00:00:00+00:00, run_after=2026-03-22 00:00:00+00:00
[2026-03-21T03:40:51.056+0000] {processor.py:183} INFO - Processing /opt/airflow/dags/checks.py took 0.109 seconds
[2026-03-21T03:41:21.217+0000] {processor.py:161} INFO - Started process (PID=361) to work on /opt/airflow/dags/checks.py
[2026-03-21T03:41:21.218+0000] {processor.py:830} INFO - Processing file /opt/airflow/dags/checks.py for tasks to queue
[2026-03-21T03:41:21.220+0000] {logging_mixin.py:188} INFO - [2026-03-21T03:41:21.220+0000] {dagbag.py:545} INFO - Filling up the DagBag from /opt/airflow/dags/checks.py
[2026-03-21T03:41:21.238+0000] {processor.py:840} INFO - DAG(s) 'checks' retrieved from /opt/airflow/dags/checks.py
[2026-03-21T03:41:21.262+0000] {logging_mixin.py:188} INFO - [2026-03-21T03:41:21.262+0000] {dag.py:3089} INFO - Sync 1 DAGs
[2026-03-21T03:41:21.283+0000] {logging_mixin.py:188} INFO - [2026-03-21T03:41:21.283+0000] {dag.py:3947} INFO - Setting next_dagrun for checks to 2026-03-21 00:00:00+00:00, run_after=2026-03-22 00:00:00+00:00
[2026-03-21T03:41:21.307+0000] {processor.py:183} INFO - Processing /opt/airflow/dags/checks.py took 0.096 seconds
[2026-03-21T03:41:51.498+0000] {processor.py:161} INFO - Started process (PID=362) to work on /opt/airflow/dags/checks.py
[2026-03-21T03:41:51.499+0000] {processor.py:830} INFO - Processing file /opt/airflow/dags/checks.py for tasks to queue
[2026-03-21T03:41:51.501+0000] {logging_mixin.py:188} INFO - [2026-03-21T03:41:51.501+0000] {dagbag.py:545} INFO - Filling up the DagBag from /opt/airflow/dags/checks.py
[2026-03-21T03:41:51.521+0000] {processor.py:840} INFO - DAG(s) 'checks' retrieved from /opt/airflow/dags/checks.py
[2026-03-21T03:41:51.546+0000] {logging_mixin.py:188} INFO - [2026-03-21T03:41:51.545+0000] {dag.py:3089} INFO - Sync 1 DAGs
[2026-03-21T03:41:51.571+0000] {logging_mixin.py:188} INFO - [2026-03-21T03:41:51.570+0000] {dag.py:3947} INFO - Setting next_dagrun for checks to 2026-03-21 00:00:00+00:00, run_after=2026-03-22 00:00:00+00:00
[2026-03-21T03:41:51.593+0000] {processor.py:183} INFO - Processing /opt/airflow/dags/checks.py took 0.101 seconds
[2026-03-21T03:42:21.769+0000] {processor.py:161} INFO - Started process (PID=363) to work on /opt/airflow/dags/checks.py
[2026-03-21T03:42:21.770+0000] {processor.py:830} INFO - Processing file /opt/airflow/dags/checks.py for tasks to queue
[2026-03-21T03:42:21.772+0000] {logging_mixin.py:188} INFO - [2026-03-21T03:42:21.771+0000] {dagbag.py:545} INFO - Filling up the DagBag from /opt/airflow/dags/checks.py
[2026-03-21T03:42:21.791+0000] {processor.py:840} INFO - DAG(s) 'checks' retrieved from /opt/airflow/dags/checks.py
[2026-03-21T03:42:21.818+0000] {logging_mixin.py:188} INFO - [2026-03-21T03:42:21.818+0000] {dag.py:3089} INFO - Sync 1 DAGs
[2026-03-21T03:42:21.839+0000] {logging_mixin.py:188} INFO - [2026-03-21T03:42:21.839+0000] {dag.py:3947} INFO - Setting next_dagrun for checks to 2026-03-21 00:00:00+00:00, run_after=2026-03-22 00:00:00+00:00
[2026-03-21T03:42:21.877+0000] {processor.py:183} INFO - Processing /opt/airflow/dags/checks.py took 0.113 seconds
[2026-03-21T03:42:52.052+0000] {processor.py:161} INFO - Started process (PID=364) to work on /opt/airflow/dags/checks.py
[2026-03-21T03:42:52.054+0000] {processor.py:830} INFO - Processing file /opt/airflow/dags/checks.py for tasks to queue
[2026-03-21T03:42:52.057+0000] {logging_mixin.py:188} INFO - [2026-03-21T03:42:52.056+0000] {dagbag.py:545} INFO - Filling up the DagBag from /opt/airflow/dags/checks.py
[2026-03-21T03:42:52.078+0000] {processor.py:840} INFO - DAG(s) 'checks' retrieved from /opt/airflow/dags/checks.py
[2026-03-21T03:42:52.102+0000] {logging_mixin.py:188} INFO - [2026-03-21T03:42:52.102+0000] {dag.py:3089} INFO - Sync 1 DAGs
[2026-03-21T03:42:52.122+0000] {logging_mixin.py:188} INFO - [2026-03-21T03:42:52.122+0000] {dag.py:3947} INFO - Setting next_dagrun for checks to 2026-03-21 00:00:00+00:00, run_after=2026-03-22 00:00:00+00:00
[2026-03-21T03:42:52.150+0000] {processor.py:183} INFO - Processing /opt/airflow/dags/checks.py took 0.104 seconds
[2026-03-21T03:43:22.314+0000] {processor.py:161} INFO - Started process (PID=365) to work on /opt/airflow/dags/checks.py
[2026-03-21T03:43:22.315+0000] {processor.py:830} INFO - Processing file /opt/airflow/dags/checks.py for tasks to queue
[2026-03-21T03:43:22.317+0000] {logging_mixin.py:188} INFO - [2026-03-21T03:43:22.317+0000] {dagbag.py:545} INFO - Filling up the DagBag from /opt/airflow/dags/checks.py
[2026-03-21T03:43:22.338+0000] {processor.py:840} INFO - DAG(s) 'checks' retrieved from /opt/airflow/dags/checks.py
[2026-03-21T03:43:22.368+0000] {logging_mixin.py:188} INFO - [2026-03-21T03:43:22.368+0000] {dag.py:3089} INFO - Sync 1 DAGs
[2026-03-21T03:43:22.392+0000] {logging_mixin.py:188} INFO - [2026-03-21T03:43:22.392+0000] {dag.py:3947} INFO - Setting next_dagrun for checks to 2026-03-21 00:00:00+00:00, run_after=2026-03-22 00:00:00+00:00
[2026-03-21T03:43:22.422+0000] {processor.py:183} INFO - Processing /opt/airflow/dags/checks.py took 0.114 seconds
[2026-03-21T03:43:52.597+0000] {processor.py:161} INFO - Started process (PID=366) to work on /opt/airflow/dags/checks.py
[2026-03-21T03:43:52.598+0000] {processor.py:830} INFO - Processing file /opt/airflow/dags/checks.py for tasks to queue
[2026-03-21T03:43:52.600+0000] {logging_mixin.py:188} INFO - [2026-03-21T03:43:52.600+0000] {dagbag.py:545} INFO - Filling up the DagBag from /opt/airflow/dags/checks.py
[2026-03-21T03:43:52.618+0000] {processor.py:840} INFO - DAG(s) 'checks' retrieved from /opt/airflow/dags/checks.py
[2026-03-21T03:43:52.646+0000] {logging_mixin.py:188} INFO - [2026-03-21T03:43:52.645+0000] {dag.py:3089} INFO - Sync 1 DAGs
[2026-03-21T03:43:52.667+0000] {logging_mixin.py:188} INFO - [2026-03-21T03:43:52.666+0000] {dag.py:3947} INFO - Setting next_dagrun for checks to 2026-03-21 00:00:00+00:00, run_after=2026-03-22 00:00:00+00:00
[2026-03-21T03:43:52.694+0000] {processor.py:183} INFO - Processing /opt/airflow/dags/checks.py took 0.102 seconds
[2026-03-21T03:44:22.862+0000] {processor.py:161} INFO - Started process (PID=367) to work on /opt/airflow/dags/checks.py
[2026-03-21T03:44:22.863+0000] {processor.py:830} INFO - Processing file /opt/airflow/dags/checks.py for tasks to queue
[2026-03-21T03:44:22.865+0000] {logging_mixin.py:188} INFO - [2026-03-21T03:44:22.865+0000] {dagbag.py:545} INFO - Filling up the DagBag from /opt/airflow/dags/checks.py
[2026-03-21T03:44:22.886+0000] {processor.py:840} INFO - DAG(s) 'checks' retrieved from /opt/airflow/dags/checks.py
[2026-03-21T03:44:22.913+0000] {logging_mixin.py:188} INFO - [2026-03-21T03:44:22.913+0000] {dag.py:3089} INFO - Sync 1 DAGs
[2026-03-21T03:44:22.935+0000] {logging_mixin.py:188} INFO - [2026-03-21T03:44:22.935+0000] {dag.py:3947} INFO - Setting next_dagrun for checks to 2026-03-21 00:00:00+00:00, run_after=2026-03-22 00:00:00+00:00
[2026-03-21T03:44:22.961+0000] {processor.py:183} INFO - Processing /opt/airflow/dags/checks.py took 0.105 seconds
[2026-03-21T03:44:53.122+0000] {processor.py:161} INFO - Started process (PID=368) to work on /opt/airflow/dags/checks.py
[2026-03-21T03:44:53.123+0000] {processor.py:830} INFO - Processing file /opt/airflow/dags/checks.py for tasks to queue
[2026-03-21T03:44:53.125+0000] {logging_mixin.py:188} INFO - [2026-03-21T03:44:53.125+0000] {dagbag.py:545} INFO - Filling up the DagBag from /opt/airflow/dags/checks.py
[2026-03-21T03:44:53.145+0000] {processor.py:840} INFO - DAG(s) 'checks' retrieved from /opt/airflow/dags/checks.py
[2026-03-21T03:44:53.170+0000] {logging_mixin.py:188} INFO - [2026-03-21T03:44:53.170+0000] {dag.py:3089} INFO - Sync 1 DAGs
[2026-03-21T03:44:53.191+0000] {logging_mixin.py:188} INFO - [2026-03-21T03:44:53.191+0000] {dag.py:3947} INFO - Setting next_dagrun for checks to 2026-03-21 00:00:00+00:00, run_after=2026-03-22 00:00:00+00:00
[2026-03-21T03:44:53.219+0000] {processor.py:183} INFO - Processing /opt/airflow/dags/checks.py took 0.103 seconds
[2026-03-21T03:45:23.399+0000] {processor.py:161} INFO - Started process (PID=369) to work on /opt/airflow/dags/checks.py
[2026-03-21T03:45:23.401+0000] {processor.py:830} INFO - Processing file /opt/airflow/dags/checks.py for tasks to queue
[2026-03-21T03:45:23.403+0000] {logging_mixin.py:188} INFO - [2026-03-21T03:45:23.403+0000] {dagbag.py:545} INFO - Filling up the DagBag from /opt/airflow/dags/checks.py
[2026-03-21T03:45:23.424+0000] {processor.py:840} INFO - DAG(s) 'checks' retrieved from /opt/airflow/dags/checks.py
[2026-03-21T03:45:23.457+0000] {logging_mixin.py:188} INFO - [2026-03-21T03:45:23.457+0000] {dag.py:3089} INFO - Sync 1 DAGs
[2026-03-21T03:45:23.481+0000] {logging_mixin.py:188} INFO - [2026-03-21T03:45:23.481+0000] {dag.py:3947} INFO - Setting next_dagrun for checks to 2026-03-21 00:00:00+00:00, run_after=2026-03-22 00:00:00+00:00
[2026-03-21T03:45:23.511+0000] {processor.py:183} INFO - Processing /opt/airflow/dags/checks.py took 0.118 seconds
[2026-03-21T03:45:53.680+0000] {processor.py:161} INFO - Started process (PID=370) to work on /opt/airflow/dags/checks.py
[2026-03-21T03:45:53.681+0000] {processor.py:830} INFO - Processing file /opt/airflow/dags/checks.py for tasks to queue
[2026-03-21T03:45:53.683+0000] {logging_mixin.py:188} INFO - [2026-03-21T03:45:53.682+0000] {dagbag.py:545} INFO - Filling up the DagBag from /opt/airflow/dags/checks.py
[2026-03-21T03:45:53.703+0000] {processor.py:840} INFO - DAG(s) 'checks' retrieved from /opt/airflow/dags/checks.py
[2026-03-21T03:45:53.734+0000] {logging_mixin.py:188} INFO - [2026-03-21T03:45:53.734+0000] {dag.py:3089} INFO - Sync 1 DAGs
[2026-03-21T03:45:53.755+0000] {logging_mixin.py:188} INFO - [2026-03-21T03:45:53.755+0000] {dag.py:3947} INFO - Setting next_dagrun for checks to 2026-03-21 00:00:00+00:00, run_after=2026-03-22 00:00:00+00:00
[2026-03-21T03:45:53.784+0000] {processor.py:183} INFO - Processing /opt/airflow/dags/checks.py took 0.110 seconds
[2026-03-21T03:46:23.963+0000] {processor.py:161} INFO - Started process (PID=371) to work on /opt/airflow/dags/checks.py
[2026-03-21T03:46:23.964+0000] {processor.py:830} INFO - Processing file /opt/airflow/dags/checks.py for tasks to queue
[2026-03-21T03:46:23.966+0000] {logging_mixin.py:188} INFO - [2026-03-21T03:46:23.966+0000] {dagbag.py:545} INFO - Filling up the DagBag from /opt/airflow/dags/checks.py
[2026-03-21T03:46:23.985+0000] {processor.py:840} INFO - DAG(s) 'checks' retrieved from /opt/airflow/dags/checks.py
[2026-03-21T03:46:24.010+0000] {logging_mixin.py:188} INFO - [2026-03-21T03:46:24.009+0000] {dag.py:3089} INFO - Sync 1 DAGs
[2026-03-21T03:46:24.034+0000] {logging_mixin.py:188} INFO - [2026-03-21T03:46:24.034+0000] {dag.py:3947} INFO - Setting next_dagrun for checks to 2026-03-21 00:00:00+00:00, run_after=2026-03-22 00:00:00+00:00
[2026-03-21T03:46:24.063+0000] {processor.py:183} INFO - Processing /opt/airflow/dags/checks.py took 0.105 seconds
[2026-03-21T03:46:54.266+0000] {processor.py:161} INFO - Started process (PID=372) to work on /opt/airflow/dags/checks.py
[2026-03-21T03:46:54.267+0000] {processor.py:830} INFO - Processing file /opt/airflow/dags/checks.py for tasks to queue
[2026-03-21T03:46:54.269+0000] {logging_mixin.py:188} INFO - [2026-03-21T03:46:54.269+0000] {dagbag.py:545} INFO - Filling up the DagBag from /opt/airflow/dags/checks.py
[2026-03-21T03:46:54.290+0000] {processor.py:840} INFO - DAG(s) 'checks' retrieved from /opt/airflow/dags/checks.py
[2026-03-21T03:46:54.317+0000] {logging_mixin.py:188} INFO - [2026-03-21T03:46:54.317+0000] {dag.py:3089} INFO - Sync 1 DAGs
[2026-03-21T03:46:54.337+0000] {logging_mixin.py:188} INFO - [2026-03-21T03:46:54.337+0000] {dag.py:3947} INFO - Setting next_dagrun for checks to 2026-03-21 00:00:00+00:00, run_after=2026-03-22 00:00:00+00:00
[2026-03-21T03:46:54.364+0000] {processor.py:183} INFO - Processing /opt/airflow/dags/checks.py took 0.105 seconds
[2026-03-21T03:47:24.512+0000] {processor.py:161} INFO - Started process (PID=373) to work on /opt/airflow/dags/checks.py
[2026-03-21T03:47:24.513+0000] {processor.py:830} INFO - Processing file /opt/airflow/dags/checks.py for tasks to queue
[2026-03-21T03:47:24.515+0000] {logging_mixin.py:188} INFO - [2026-03-21T03:47:24.514+0000] {dagbag.py:545} INFO - Filling up the DagBag from /opt/airflow/dags/checks.py
[2026-03-21T03:47:24.537+0000] {processor.py:840} INFO - DAG(s) 'checks' retrieved from /opt/airflow/dags/checks.py
[2026-03-21T03:47:24.564+0000] {logging_mixin.py:188} INFO - [2026-03-21T03:47:24.563+0000] {dag.py:3089} INFO - Sync 1 DAGs
[2026-03-21T03:47:24.584+0000] {logging_mixin.py:188} INFO - [2026-03-21T03:47:24.584+0000] {dag.py:3947} INFO - Setting next_dagrun for checks to 2026-03-21 00:00:00+00:00, run_after=2026-03-22 00:00:00+00:00
[2026-03-21T03:47:24.612+0000] {processor.py:183} INFO - Processing /opt/airflow/dags/checks.py took 0.106 seconds
[2026-03-21T03:47:54.775+0000] {processor.py:161} INFO - Started process (PID=374) to work on /opt/airflow/dags/checks.py
[2026-03-21T03:47:54.776+0000] {processor.py:830} INFO - Processing file /opt/airflow/dags/checks.py for tasks to queue
[2026-03-21T03:47:54.778+0000] {logging_mixin.py:188} INFO - [2026-03-21T03:47:54.778+0000] {dagbag.py:545} INFO - Filling up the DagBag from /opt/airflow/dags/checks.py
[2026-03-21T03:47:54.796+0000] {processor.py:840} INFO - DAG(s) 'checks' retrieved from /opt/airflow/dags/checks.py
[2026-03-21T03:47:54.823+0000] {logging_mixin.py:188} INFO - [2026-03-21T03:47:54.823+0000] {dag.py:3089} INFO - Sync 1 DAGs
[2026-03-21T03:47:54.844+0000] {logging_mixin.py:188} INFO - [2026-03-21T03:47:54.844+0000] {dag.py:3947} INFO - Setting next_dagrun for checks to 2026-03-21 00:00:00+00:00, run_after=2026-03-22 00:00:00+00:00
[2026-03-21T03:47:54.871+0000] {processor.py:183} INFO - Processing /opt/airflow/dags/checks.py took 0.102 seconds
[2026-03-21T03:48:25.037+0000] {processor.py:161} INFO - Started process (PID=375) to work on /opt/airflow/dags/checks.py
[2026-03-21T03:48:25.039+0000] {processor.py:830} INFO - Processing file /opt/airflow/dags/checks.py for tasks to queue
[2026-03-21T03:48:25.042+0000] {logging_mixin.py:188} INFO - [2026-03-21T03:48:25.041+0000] {dagbag.py:545} INFO - Filling up the DagBag from /opt/airflow/dags/checks.py
[2026-03-21T03:48:25.060+0000] {processor.py:840} INFO - DAG(s) 'checks' retrieved from /opt/airflow/dags/checks.py
[2026-03-21T03:48:25.084+0000] {logging_mixin.py:188} INFO - [2026-03-21T03:48:25.084+0000] {dag.py:3089} INFO - Sync 1 DAGs
[2026-03-21T03:48:25.105+0000] {logging_mixin.py:188} INFO - [2026-03-21T03:48:25.105+0000] {dag.py:3947} INFO - Setting next_dagrun for checks to 2026-03-21 00:00:00+00:00, run_after=2026-03-22 00:00:00+00:00
[2026-03-21T03:48:25.132+0000] {processor.py:183} INFO - Processing /opt/airflow/dags/checks.py took 0.101 seconds
[2026-03-21T03:48:55.310+0000] {processor.py:161} INFO - Started process (PID=376) to work on /opt/airflow/dags/checks.py
[2026-03-21T03:48:55.311+0000] {processor.py:830} INFO - Processing file /opt/airflow/dags/checks.py for tasks to queue
[2026-03-21T03:48:55.313+0000] {logging_mixin.py:188} INFO - [2026-03-21T03:48:55.313+0000] {dagbag.py:545} INFO - Filling up the DagBag from /opt/airflow/dags/checks.py
[2026-03-21T03:48:55.334+0000] {processor.py:840} INFO - DAG(s) 'checks' retrieved from /opt/airflow/dags/checks.py
[2026-03-21T03:48:55.358+0000] {logging_mixin.py:188} INFO - [2026-03-21T03:48:55.357+0000] {dag.py:3089} INFO - Sync 1 DAGs
[2026-03-21T03:48:55.380+0000] {logging_mixin.py:188} INFO - [2026-03-21T03:48:55.380+0000] {dag.py:3947} INFO - Setting next_dagrun for checks to 2026-03-21 00:00:00+00:00, run_after=2026-03-22 00:00:00+00:00
[2026-03-21T03:48:55.403+0000] {processor.py:183} INFO - Processing /opt/airflow/dags/checks.py took 0.099 seconds
[2026-03-21T19:33:16.352+0000] {processor.py:161} INFO - Started process (PID=51) to work on /opt/airflow/dags/checks.py
[2026-03-21T19:33:16.418+0000] {processor.py:830} INFO - Processing file /opt/airflow/dags/checks.py for tasks to queue
[2026-03-21T19:33:16.433+0000] {logging_mixin.py:188} INFO - [2026-03-21T19:33:16.432+0000] {dagbag.py:545} INFO - Filling up the DagBag from /opt/airflow/dags/checks.py
[2026-03-21T19:33:16.488+0000] {processor.py:840} INFO - DAG(s) 'checks' retrieved from /opt/airflow/dags/checks.py
[2026-03-21T19:33:16.650+0000] {logging_mixin.py:188} INFO - [2026-03-21T19:33:16.649+0000] {override.py:1858} INFO - Created Permission View: can read on DAG:checks
[2026-03-21T19:33:16.662+0000] {logging_mixin.py:188} INFO - [2026-03-21T19:33:16.662+0000] {override.py:1858} INFO - Created Permission View: can edit on DAG:checks
[2026-03-21T19:33:16.675+0000] {logging_mixin.py:188} INFO - [2026-03-21T19:33:16.674+0000] {override.py:1858} INFO - Created Permission View: can delete on DAG:checks
[2026-03-21T19:33:16.675+0000] {logging_mixin.py:188} INFO - [2026-03-21T19:33:16.675+0000] {dag.py:3089} INFO - Sync 1 DAGs
[2026-03-21T19:33:16.693+0000] {logging_mixin.py:188} INFO - [2026-03-21T19:33:16.693+0000] {dag.py:3111} INFO - Creating ORM DAG for checks
[2026-03-21T19:33:16.705+0000] {logging_mixin.py:188} INFO - [2026-03-21T19:33:16.704+0000] {dag.py:3947} INFO - Setting next_dagrun for checks to 2026-03-20 00:00:00+00:00, run_after=2026-03-21 00:00:00+00:00
[2026-03-21T19:33:16.725+0000] {processor.py:183} INFO - Processing /opt/airflow/dags/checks.py took 0.387 seconds
[2026-03-21T19:33:47.298+0000] {processor.py:161} INFO - Started process (PID=72) to work on /opt/airflow/dags/checks.py
[2026-03-21T19:33:47.299+0000] {processor.py:830} INFO - Processing file /opt/airflow/dags/checks.py for tasks to queue
[2026-03-21T19:33:47.302+0000] {logging_mixin.py:188} INFO - [2026-03-21T19:33:47.301+0000] {dagbag.py:545} INFO - Filling up the DagBag from /opt/airflow/dags/checks.py
[2026-03-21T19:33:47.323+0000] {processor.py:840} INFO - DAG(s) 'checks' retrieved from /opt/airflow/dags/checks.py
[2026-03-21T19:33:47.352+0000] {logging_mixin.py:188} INFO - [2026-03-21T19:33:47.352+0000] {dag.py:3089} INFO - Sync 1 DAGs
[2026-03-21T19:33:47.373+0000] {logging_mixin.py:188} INFO - [2026-03-21T19:33:47.372+0000] {dag.py:3947} INFO - Setting next_dagrun for checks to 2026-03-20 00:00:00+00:00, run_after=2026-03-21 00:00:00+00:00
[2026-03-21T19:33:47.393+0000] {processor.py:183} INFO - Processing /opt/airflow/dags/checks.py took 0.104 seconds
[2026-03-21T19:34:17.728+0000] {processor.py:161} INFO - Started process (PID=74) to work on /opt/airflow/dags/checks.py
[2026-03-21T19:34:17.729+0000] {processor.py:830} INFO - Processing file /opt/airflow/dags/checks.py for tasks to queue
[2026-03-21T19:34:17.733+0000] {logging_mixin.py:188} INFO - [2026-03-21T19:34:17.732+0000] {dagbag.py:545} INFO - Filling up the DagBag from /opt/airflow/dags/checks.py
[2026-03-21T19:34:17.755+0000] {processor.py:840} INFO - DAG(s) 'checks' retrieved from /opt/airflow/dags/checks.py
[2026-03-21T19:34:17.782+0000] {logging_mixin.py:188} INFO - [2026-03-21T19:34:17.781+0000] {dag.py:3089} INFO - Sync 1 DAGs
[2026-03-21T19:34:17.801+0000] {logging_mixin.py:188} INFO - [2026-03-21T19:34:17.800+0000] {dag.py:3947} INFO - Setting next_dagrun for checks to 2026-03-20 00:00:00+00:00, run_after=2026-03-21 00:00:00+00:00
[2026-03-21T19:34:17.823+0000] {processor.py:183} INFO - Processing /opt/airflow/dags/checks.py took 0.102 seconds
[2026-03-21T19:34:48.152+0000] {processor.py:161} INFO - Started process (PID=93) to work on /opt/airflow/dags/checks.py
[2026-03-21T19:34:48.154+0000] {processor.py:830} INFO - Processing file /opt/airflow/dags/checks.py for tasks to queue
[2026-03-21T19:34:48.156+0000] {logging_mixin.py:188} INFO - [2026-03-21T19:34:48.155+0000] {dagbag.py:545} INFO - Filling up the DagBag from /opt/airflow/dags/checks.py
[2026-03-21T19:34:48.176+0000] {processor.py:840} INFO - DAG(s) 'checks' retrieved from /opt/airflow/dags/checks.py
[2026-03-21T19:34:48.202+0000] {logging_mixin.py:188} INFO - [2026-03-21T19:34:48.202+0000] {dag.py:3089} INFO - Sync 1 DAGs
[2026-03-21T19:34:48.221+0000] {logging_mixin.py:188} INFO - [2026-03-21T19:34:48.221+0000] {dag.py:3947} INFO - Setting next_dagrun for checks to 2026-03-21 00:00:00+00:00, run_after=2026-03-22 00:00:00+00:00
[2026-03-21T19:34:48.243+0000] {processor.py:183} INFO - Processing /opt/airflow/dags/checks.py took 0.098 seconds
[2026-03-21T19:35:18.618+0000] {processor.py:161} INFO - Started process (PID=94) to work on /opt/airflow/dags/checks.py
[2026-03-21T19:35:18.619+0000] {processor.py:830} INFO - Processing file /opt/airflow/dags/checks.py for tasks to queue
[2026-03-21T19:35:18.622+0000] {logging_mixin.py:188} INFO - [2026-03-21T19:35:18.621+0000] {dagbag.py:545} INFO - Filling up the DagBag from /opt/airflow/dags/checks.py
[2026-03-21T19:35:18.644+0000] {processor.py:840} INFO - DAG(s) 'checks' retrieved from /opt/airflow/dags/checks.py
[2026-03-21T19:35:18.673+0000] {logging_mixin.py:188} INFO - [2026-03-21T19:35:18.673+0000] {dag.py:3089} INFO - Sync 1 DAGs
[2026-03-21T19:35:18.695+0000] {logging_mixin.py:188} INFO - [2026-03-21T19:35:18.695+0000] {dag.py:3947} INFO - Setting next_dagrun for checks to 2026-03-21 00:00:00+00:00, run_after=2026-03-22 00:00:00+00:00
[2026-03-21T19:35:18.722+0000] {processor.py:183} INFO - Processing /opt/airflow/dags/checks.py took 0.113 seconds
[2026-03-21T19:35:48.950+0000] {processor.py:161} INFO - Started process (PID=95) to work on /opt/airflow/dags/checks.py
[2026-03-21T19:35:48.951+0000] {processor.py:830} INFO - Processing file /opt/airflow/dags/checks.py for tasks to queue
[2026-03-21T19:35:48.953+0000] {logging_mixin.py:188} INFO - [2026-03-21T19:35:48.953+0000] {dagbag.py:545} INFO - Filling up the DagBag from /opt/airflow/dags/checks.py
[2026-03-21T19:35:48.970+0000] {processor.py:840} INFO - DAG(s) 'checks' retrieved from /opt/airflow/dags/checks.py
[2026-03-21T19:35:48.991+0000] {logging_mixin.py:188} INFO - [2026-03-21T19:35:48.991+0000] {dag.py:3089} INFO - Sync 1 DAGs
[2026-03-21T19:35:49.009+0000] {logging_mixin.py:188} INFO - [2026-03-21T19:35:49.009+0000] {dag.py:3947} INFO - Setting next_dagrun for checks to 2026-03-21 00:00:00+00:00, run_after=2026-03-22 00:00:00+00:00
[2026-03-21T19:35:49.036+0000] {processor.py:183} INFO - Processing /opt/airflow/dags/checks.py took 0.091 seconds
[2026-03-21T19:36:19.307+0000] {processor.py:161} INFO - Started process (PID=96) to work on /opt/airflow/dags/checks.py
[2026-03-21T19:36:19.309+0000] {processor.py:830} INFO - Processing file /opt/airflow/dags/checks.py for tasks to queue
[2026-03-21T19:36:19.311+0000] {logging_mixin.py:188} INFO - [2026-03-21T19:36:19.311+0000] {dagbag.py:545} INFO - Filling up the DagBag from /opt/airflow/dags/checks.py
[2026-03-21T19:36:19.351+0000] {processor.py:840} INFO - DAG(s) 'checks' retrieved from /opt/airflow/dags/checks.py
[2026-03-21T19:36:19.380+0000] {logging_mixin.py:188} INFO - [2026-03-21T19:36:19.380+0000] {dag.py:3089} INFO - Sync 1 DAGs
[2026-03-21T19:36:19.400+0000] {logging_mixin.py:188} INFO - [2026-03-21T19:36:19.400+0000] {dag.py:3947} INFO - Setting next_dagrun for checks to 2026-03-21 00:00:00+00:00, run_after=2026-03-22 00:00:00+00:00
[2026-03-21T19:36:19.420+0000] {processor.py:183} INFO - Processing /opt/airflow/dags/checks.py took 0.119 seconds
[2026-03-21T19:36:49.603+0000] {processor.py:161} INFO - Started process (PID=97) to work on /opt/airflow/dags/checks.py
[2026-03-21T19:36:49.604+0000] {processor.py:830} INFO - Processing file /opt/airflow/dags/checks.py for tasks to queue
[2026-03-21T19:36:49.607+0000] {logging_mixin.py:188} INFO - [2026-03-21T19:36:49.606+0000] {dagbag.py:545} INFO - Filling up the DagBag from /opt/airflow/dags/checks.py
[2026-03-21T19:36:49.625+0000] {processor.py:840} INFO - DAG(s) 'checks' retrieved from /opt/airflow/dags/checks.py
[2026-03-21T19:36:49.647+0000] {logging_mixin.py:188} INFO - [2026-03-21T19:36:49.647+0000] {dag.py:3089} INFO - Sync 1 DAGs
[2026-03-21T19:36:49.675+0000] {logging_mixin.py:188} INFO - [2026-03-21T19:36:49.675+0000] {dag.py:3947} INFO - Setting next_dagrun for checks to 2026-03-21 00:00:00+00:00, run_after=2026-03-22 00:00:00+00:00
[2026-03-21T19:36:49.730+0000] {processor.py:183} INFO - Processing /opt/airflow/dags/checks.py took 0.132 seconds
[2026-03-21T19:37:19.904+0000] {processor.py:161} INFO - Started process (PID=116) to work on /opt/airflow/dags/checks.py
[2026-03-21T19:37:19.906+0000] {processor.py:830} INFO - Processing file /opt/airflow/dags/checks.py for tasks to queue
[2026-03-21T19:37:19.908+0000] {logging_mixin.py:188} INFO - [2026-03-21T19:37:19.908+0000] {dagbag.py:545} INFO - Filling up the DagBag from /opt/airflow/dags/checks.py
[2026-03-21T19:37:19.930+0000] {processor.py:840} INFO - DAG(s) 'checks' retrieved from /opt/airflow/dags/checks.py
[2026-03-21T19:37:19.957+0000] {logging_mixin.py:188} INFO - [2026-03-21T19:37:19.957+0000] {dag.py:3089} INFO - Sync 1 DAGs
[2026-03-21T19:37:19.977+0000] {logging_mixin.py:188} INFO - [2026-03-21T19:37:19.977+0000] {dag.py:3947} INFO - Setting next_dagrun for checks to 2026-03-21 00:00:00+00:00, run_after=2026-03-22 00:00:00+00:00
[2026-03-21T19:37:19.999+0000] {processor.py:183} INFO - Processing /opt/airflow/dags/checks.py took 0.102 seconds
[2026-03-21T19:37:50.228+0000] {processor.py:161} INFO - Started process (PID=117) to work on /opt/airflow/dags/checks.py
[2026-03-21T19:37:50.230+0000] {processor.py:830} INFO - Processing file /opt/airflow/dags/checks.py for tasks to queue
[2026-03-21T19:37:50.232+0000] {logging_mixin.py:188} INFO - [2026-03-21T19:37:50.232+0000] {dagbag.py:545} INFO - Filling up the DagBag from /opt/airflow/dags/checks.py
[2026-03-21T19:37:50.254+0000] {processor.py:840} INFO - DAG(s) 'checks' retrieved from /opt/airflow/dags/checks.py
[2026-03-21T19:37:50.280+0000] {logging_mixin.py:188} INFO - [2026-03-21T19:37:50.280+0000] {dag.py:3089} INFO - Sync 1 DAGs
[2026-03-21T19:37:50.299+0000] {logging_mixin.py:188} INFO - [2026-03-21T19:37:50.299+0000] {dag.py:3947} INFO - Setting next_dagrun for checks to 2026-03-21 00:00:00+00:00, run_after=2026-03-22 00:00:00+00:00
[2026-03-21T19:37:50.319+0000] {processor.py:183} INFO - Processing /opt/airflow/dags/checks.py took 0.096 seconds
[2026-03-21T19:38:20.565+0000] {processor.py:161} INFO - Started process (PID=118) to work on /opt/airflow/dags/checks.py
[2026-03-21T19:38:20.567+0000] {processor.py:830} INFO - Processing file /opt/airflow/dags/checks.py for tasks to queue
[2026-03-21T19:38:20.570+0000] {logging_mixin.py:188} INFO - [2026-03-21T19:38:20.569+0000] {dagbag.py:545} INFO - Filling up the DagBag from /opt/airflow/dags/checks.py
[2026-03-21T19:38:20.610+0000] {processor.py:840} INFO - DAG(s) 'checks' retrieved from /opt/airflow/dags/checks.py
[2026-03-21T19:38:20.688+0000] {logging_mixin.py:188} INFO - [2026-03-21T19:38:20.688+0000] {dag.py:3089} INFO - Sync 1 DAGs
[2026-03-21T19:38:20.734+0000] {logging_mixin.py:188} INFO - [2026-03-21T19:38:20.734+0000] {dag.py:3947} INFO - Setting next_dagrun for checks to 2026-03-21 00:00:00+00:00, run_after=2026-03-22 00:00:00+00:00
[2026-03-21T19:38:20.788+0000] {processor.py:183} INFO - Processing /opt/airflow/dags/checks.py took 0.239 seconds
[2026-03-21T19:38:50.914+0000] {processor.py:161} INFO - Started process (PID=119) to work on /opt/airflow/dags/checks.py
[2026-03-21T19:38:50.915+0000] {processor.py:830} INFO - Processing file /opt/airflow/dags/checks.py for tasks to queue
[2026-03-21T19:38:50.917+0000] {logging_mixin.py:188} INFO - [2026-03-21T19:38:50.917+0000] {dagbag.py:545} INFO - Filling up the DagBag from /opt/airflow/dags/checks.py
[2026-03-21T19:38:50.937+0000] {processor.py:840} INFO - DAG(s) 'checks' retrieved from /opt/airflow/dags/checks.py
[2026-03-21T19:38:50.968+0000] {logging_mixin.py:188} INFO - [2026-03-21T19:38:50.968+0000] {dag.py:3089} INFO - Sync 1 DAGs
[2026-03-21T19:38:50.989+0000] {logging_mixin.py:188} INFO - [2026-03-21T19:38:50.989+0000] {dag.py:3947} INFO - Setting next_dagrun for checks to 2026-03-21 00:00:00+00:00, run_after=2026-03-22 00:00:00+00:00
[2026-03-21T19:38:51.192+0000] {processor.py:183} INFO - Processing /opt/airflow/dags/checks.py took 0.283 seconds
[2026-03-21T19:39:21.384+0000] {processor.py:161} INFO - Started process (PID=120) to work on /opt/airflow/dags/checks.py
[2026-03-21T19:39:21.385+0000] {processor.py:830} INFO - Processing file /opt/airflow/dags/checks.py for tasks to queue
[2026-03-21T19:39:21.387+0000] {logging_mixin.py:188} INFO - [2026-03-21T19:39:21.387+0000] {dagbag.py:545} INFO - Filling up the DagBag from /opt/airflow/dags/checks.py
[2026-03-21T19:39:21.408+0000] {processor.py:840} INFO - DAG(s) 'checks' retrieved from /opt/airflow/dags/checks.py
[2026-03-21T19:39:21.433+0000] {logging_mixin.py:188} INFO - [2026-03-21T19:39:21.433+0000] {dag.py:3089} INFO - Sync 1 DAGs
[2026-03-21T19:39:21.599+0000] {logging_mixin.py:188} INFO - [2026-03-21T19:39:21.599+0000] {dag.py:3947} INFO - Setting next_dagrun for checks to 2026-03-21 00:00:00+00:00, run_after=2026-03-22 00:00:00+00:00
[2026-03-21T19:39:21.631+0000] {processor.py:183} INFO - Processing /opt/airflow/dags/checks.py took 0.253 seconds
[2026-03-21T19:39:51.798+0000] {processor.py:161} INFO - Started process (PID=130) to work on /opt/airflow/dags/checks.py
[2026-03-21T19:39:51.799+0000] {processor.py:830} INFO - Processing file /opt/airflow/dags/checks.py for tasks to queue
[2026-03-21T19:39:51.802+0000] {logging_mixin.py:188} INFO - [2026-03-21T19:39:51.801+0000] {dagbag.py:545} INFO - Filling up the DagBag from /opt/airflow/dags/checks.py
[2026-03-21T19:39:51.822+0000] {processor.py:840} INFO - DAG(s) 'checks' retrieved from /opt/airflow/dags/checks.py
[2026-03-21T19:39:51.848+0000] {logging_mixin.py:188} INFO - [2026-03-21T19:39:51.847+0000] {dag.py:3089} INFO - Sync 1 DAGs
[2026-03-21T19:39:52.003+0000] {logging_mixin.py:188} INFO - [2026-03-21T19:39:52.002+0000] {dag.py:3947} INFO - Setting next_dagrun for checks to 2026-03-21 00:00:00+00:00, run_after=2026-03-22 00:00:00+00:00
[2026-03-21T19:39:52.023+0000] {processor.py:183} INFO - Processing /opt/airflow/dags/checks.py took 0.232 seconds
[2026-03-21T19:40:22.195+0000] {processor.py:161} INFO - Started process (PID=131) to work on /opt/airflow/dags/checks.py
[2026-03-21T19:40:22.196+0000] {processor.py:830} INFO - Processing file /opt/airflow/dags/checks.py for tasks to queue
[2026-03-21T19:40:22.198+0000] {logging_mixin.py:188} INFO - [2026-03-21T19:40:22.198+0000] {dagbag.py:545} INFO - Filling up the DagBag from /opt/airflow/dags/checks.py
[2026-03-21T19:40:22.214+0000] {processor.py:840} INFO - DAG(s) 'checks' retrieved from /opt/airflow/dags/checks.py
[2026-03-21T19:40:22.237+0000] {logging_mixin.py:188} INFO - [2026-03-21T19:40:22.237+0000] {dag.py:3089} INFO - Sync 1 DAGs
[2026-03-21T19:40:22.388+0000] {logging_mixin.py:188} INFO - [2026-03-21T19:40:22.388+0000] {dag.py:3947} INFO - Setting next_dagrun for checks to 2026-03-21 00:00:00+00:00, run_after=2026-03-22 00:00:00+00:00
[2026-03-21T19:40:22.411+0000] {processor.py:183} INFO - Processing /opt/airflow/dags/checks.py took 0.221 seconds
[2026-03-21T19:40:52.612+0000] {processor.py:161} INFO - Started process (PID=132) to work on /opt/airflow/dags/checks.py
[2026-03-21T19:40:52.613+0000] {processor.py:830} INFO - Processing file /opt/airflow/dags/checks.py for tasks to queue
[2026-03-21T19:40:52.615+0000] {logging_mixin.py:188} INFO - [2026-03-21T19:40:52.615+0000] {dagbag.py:545} INFO - Filling up the DagBag from /opt/airflow/dags/checks.py
[2026-03-21T19:40:52.633+0000] {processor.py:840} INFO - DAG(s) 'checks' retrieved from /opt/airflow/dags/checks.py
[2026-03-21T19:40:52.795+0000] {logging_mixin.py:188} INFO - [2026-03-21T19:40:52.795+0000] {dag.py:3089} INFO - Sync 1 DAGs
[2026-03-21T19:40:52.811+0000] {logging_mixin.py:188} INFO - [2026-03-21T19:40:52.811+0000] {dag.py:3947} INFO - Setting next_dagrun for checks to 2026-03-21 00:00:00+00:00, run_after=2026-03-22 00:00:00+00:00
[2026-03-21T19:40:52.835+0000] {processor.py:183} INFO - Processing /opt/airflow/dags/checks.py took 0.228 seconds
[2026-03-21T19:41:23.032+0000] {processor.py:161} INFO - Started process (PID=133) to work on /opt/airflow/dags/checks.py
[2026-03-21T19:41:23.032+0000] {processor.py:830} INFO - Processing file /opt/airflow/dags/checks.py for tasks to queue
[2026-03-21T19:41:23.034+0000] {logging_mixin.py:188} INFO - [2026-03-21T19:41:23.034+0000] {dagbag.py:545} INFO - Filling up the DagBag from /opt/airflow/dags/checks.py
[2026-03-21T19:41:23.193+0000] {processor.py:840} INFO - DAG(s) 'checks' retrieved from /opt/airflow/dags/checks.py
[2026-03-21T19:41:23.212+0000] {logging_mixin.py:188} INFO - [2026-03-21T19:41:23.211+0000] {dag.py:3089} INFO - Sync 1 DAGs
[2026-03-21T19:41:23.226+0000] {logging_mixin.py:188} INFO - [2026-03-21T19:41:23.226+0000] {dag.py:3947} INFO - Setting next_dagrun for checks to 2026-03-21 00:00:00+00:00, run_after=2026-03-22 00:00:00+00:00
[2026-03-21T19:41:23.250+0000] {processor.py:183} INFO - Processing /opt/airflow/dags/checks.py took 0.223 seconds
[2026-03-21T19:41:53.429+0000] {processor.py:161} INFO - Started process (PID=134) to work on /opt/airflow/dags/checks.py
[2026-03-21T19:41:53.430+0000] {processor.py:830} INFO - Processing file /opt/airflow/dags/checks.py for tasks to queue
[2026-03-21T19:41:53.433+0000] {logging_mixin.py:188} INFO - [2026-03-21T19:41:53.432+0000] {dagbag.py:545} INFO - Filling up the DagBag from /opt/airflow/dags/checks.py
[2026-03-21T19:41:53.468+0000] {processor.py:840} INFO - DAG(s) 'checks' retrieved from /opt/airflow/dags/checks.py
[2026-03-21T19:41:53.499+0000] {logging_mixin.py:188} INFO - [2026-03-21T19:41:53.499+0000] {dag.py:3089} INFO - Sync 1 DAGs
[2026-03-21T19:41:53.521+0000] {logging_mixin.py:188} INFO - [2026-03-21T19:41:53.521+0000] {dag.py:3947} INFO - Setting next_dagrun for checks to 2026-03-21 00:00:00+00:00, run_after=2026-03-22 00:00:00+00:00
[2026-03-21T19:41:53.543+0000] {processor.py:183} INFO - Processing /opt/airflow/dags/checks.py took 0.122 seconds
[2026-03-21T19:42:23.739+0000] {processor.py:161} INFO - Started process (PID=135) to work on /opt/airflow/dags/checks.py
[2026-03-21T19:42:23.741+0000] {processor.py:830} INFO - Processing file /opt/airflow/dags/checks.py for tasks to queue
[2026-03-21T19:42:23.743+0000] {logging_mixin.py:188} INFO - [2026-03-21T19:42:23.742+0000] {dagbag.py:545} INFO - Filling up the DagBag from /opt/airflow/dags/checks.py
[2026-03-21T19:42:23.760+0000] {processor.py:840} INFO - DAG(s) 'checks' retrieved from /opt/airflow/dags/checks.py
[2026-03-21T19:42:23.784+0000] {logging_mixin.py:188} INFO - [2026-03-21T19:42:23.784+0000] {dag.py:3089} INFO - Sync 1 DAGs
[2026-03-21T19:42:23.808+0000] {logging_mixin.py:188} INFO - [2026-03-21T19:42:23.807+0000] {dag.py:3947} INFO - Setting next_dagrun for checks to 2026-03-21 00:00:00+00:00, run_after=2026-03-22 00:00:00+00:00
[2026-03-21T19:42:23.836+0000] {processor.py:183} INFO - Processing /opt/airflow/dags/checks.py took 0.102 seconds
[2026-03-21T19:42:54.036+0000] {processor.py:161} INFO - Started process (PID=136) to work on /opt/airflow/dags/checks.py
[2026-03-21T19:42:54.037+0000] {processor.py:830} INFO - Processing file /opt/airflow/dags/checks.py for tasks to queue
[2026-03-21T19:42:54.039+0000] {logging_mixin.py:188} INFO - [2026-03-21T19:42:54.038+0000] {dagbag.py:545} INFO - Filling up the DagBag from /opt/airflow/dags/checks.py
[2026-03-21T19:42:54.057+0000] {processor.py:840} INFO - DAG(s) 'checks' retrieved from /opt/airflow/dags/checks.py
[2026-03-21T19:42:54.084+0000] {logging_mixin.py:188} INFO - [2026-03-21T19:42:54.084+0000] {dag.py:3089} INFO - Sync 1 DAGs
[2026-03-21T19:42:54.105+0000] {logging_mixin.py:188} INFO - [2026-03-21T19:42:54.105+0000] {dag.py:3947} INFO - Setting next_dagrun for checks to 2026-03-21 00:00:00+00:00, run_after=2026-03-22 00:00:00+00:00
[2026-03-21T19:42:54.135+0000] {processor.py:183} INFO - Processing /opt/airflow/dags/checks.py took 0.105 seconds
[2026-03-21T19:43:24.358+0000] {processor.py:161} INFO - Started process (PID=137) to work on /opt/airflow/dags/checks.py
[2026-03-21T19:43:24.359+0000] {processor.py:830} INFO - Processing file /opt/airflow/dags/checks.py for tasks to queue
[2026-03-21T19:43:24.362+0000] {logging_mixin.py:188} INFO - [2026-03-21T19:43:24.361+0000] {dagbag.py:545} INFO - Filling up the DagBag from /opt/airflow/dags/checks.py
[2026-03-21T19:43:24.384+0000] {processor.py:840} INFO - DAG(s) 'checks' retrieved from /opt/airflow/dags/checks.py
[2026-03-21T19:43:24.427+0000] {logging_mixin.py:188} INFO - [2026-03-21T19:43:24.426+0000] {dag.py:3089} INFO - Sync 1 DAGs
[2026-03-21T19:43:24.456+0000] {logging_mixin.py:188} INFO - [2026-03-21T19:43:24.456+0000] {dag.py:3947} INFO - Setting next_dagrun for checks to 2026-03-21 00:00:00+00:00, run_after=2026-03-22 00:00:00+00:00
[2026-03-21T19:43:24.484+0000] {processor.py:183} INFO - Processing /opt/airflow/dags/checks.py took 0.133 seconds
[2026-03-21T19:43:54.628+0000] {processor.py:161} INFO - Started process (PID=138) to work on /opt/airflow/dags/checks.py
[2026-03-21T19:43:54.629+0000] {processor.py:830} INFO - Processing file /opt/airflow/dags/checks.py for tasks to queue
[2026-03-21T19:43:54.631+0000] {logging_mixin.py:188} INFO - [2026-03-21T19:43:54.630+0000] {dagbag.py:545} INFO - Filling up the DagBag from /opt/airflow/dags/checks.py
[2026-03-21T19:43:54.651+0000] {processor.py:840} INFO - DAG(s) 'checks' retrieved from /opt/airflow/dags/checks.py
[2026-03-21T19:43:54.678+0000] {logging_mixin.py:188} INFO - [2026-03-21T19:43:54.678+0000] {dag.py:3089} INFO - Sync 1 DAGs
[2026-03-21T19:43:54.698+0000] {logging_mixin.py:188} INFO - [2026-03-21T19:43:54.698+0000] {dag.py:3947} INFO - Setting next_dagrun for checks to 2026-03-21 00:00:00+00:00, run_after=2026-03-22 00:00:00+00:00
[2026-03-21T19:43:54.732+0000] {processor.py:183} INFO - Processing /opt/airflow/dags/checks.py took 0.109 seconds
[2026-03-21T19:44:24.951+0000] {processor.py:161} INFO - Started process (PID=139) to work on /opt/airflow/dags/checks.py
[2026-03-21T19:44:24.953+0000] {processor.py:830} INFO - Processing file /opt/airflow/dags/checks.py for tasks to queue
[2026-03-21T19:44:24.957+0000] {logging_mixin.py:188} INFO - [2026-03-21T19:44:24.956+0000] {dagbag.py:545} INFO - Filling up the DagBag from /opt/airflow/dags/checks.py
[2026-03-21T19:44:24.983+0000] {processor.py:840} INFO - DAG(s) 'checks' retrieved from /opt/airflow/dags/checks.py
[2026-03-21T19:44:25.012+0000] {logging_mixin.py:188} INFO - [2026-03-21T19:44:25.012+0000] {dag.py:3089} INFO - Sync 1 DAGs
[2026-03-21T19:44:25.034+0000] {logging_mixin.py:188} INFO - [2026-03-21T19:44:25.034+0000] {dag.py:3947} INFO - Setting next_dagrun for checks to 2026-03-21 00:00:00+00:00, run_after=2026-03-22 00:00:00+00:00
[2026-03-21T19:44:25.069+0000] {processor.py:183} INFO - Processing /opt/airflow/dags/checks.py took 0.140 seconds
[2026-03-21T19:44:55.155+0000] {processor.py:161} INFO - Started process (PID=140) to work on /opt/airflow/dags/checks.py
[2026-03-21T19:44:55.158+0000] {processor.py:830} INFO - Processing file /opt/airflow/dags/checks.py for tasks to queue
[2026-03-21T19:44:55.160+0000] {logging_mixin.py:188} INFO - [2026-03-21T19:44:55.160+0000] {dagbag.py:545} INFO - Filling up the DagBag from /opt/airflow/dags/checks.py
[2026-03-21T19:44:55.184+0000] {processor.py:840} INFO - DAG(s) 'checks' retrieved from /opt/airflow/dags/checks.py
[2026-03-21T19:44:55.212+0000] {logging_mixin.py:188} INFO - [2026-03-21T19:44:55.212+0000] {dag.py:3089} INFO - Sync 1 DAGs
[2026-03-21T19:44:55.247+0000] {logging_mixin.py:188} INFO - [2026-03-21T19:44:55.246+0000] {dag.py:3947} INFO - Setting next_dagrun for checks to 2026-03-21 00:00:00+00:00, run_after=2026-03-22 00:00:00+00:00
[2026-03-21T19:44:55.279+0000] {processor.py:183} INFO - Processing /opt/airflow/dags/checks.py took 0.131 seconds
[2026-03-21T19:45:25.429+0000] {processor.py:161} INFO - Started process (PID=141) to work on /opt/airflow/dags/checks.py
[2026-03-21T19:45:25.430+0000] {processor.py:830} INFO - Processing file /opt/airflow/dags/checks.py for tasks to queue
[2026-03-21T19:45:25.432+0000] {logging_mixin.py:188} INFO - [2026-03-21T19:45:25.432+0000] {dagbag.py:545} INFO - Filling up the DagBag from /opt/airflow/dags/checks.py
[2026-03-21T19:45:25.453+0000] {processor.py:840} INFO - DAG(s) 'checks' retrieved from /opt/airflow/dags/checks.py
[2026-03-21T19:45:25.483+0000] {logging_mixin.py:188} INFO - [2026-03-21T19:45:25.483+0000] {dag.py:3089} INFO - Sync 1 DAGs
[2026-03-21T19:45:25.505+0000] {logging_mixin.py:188} INFO - [2026-03-21T19:45:25.505+0000] {dag.py:3947} INFO - Setting next_dagrun for checks to 2026-03-21 00:00:00+00:00, run_after=2026-03-22 00:00:00+00:00
[2026-03-21T19:45:25.542+0000] {processor.py:183} INFO - Processing /opt/airflow/dags/checks.py took 0.119 seconds
[2026-03-21T19:45:55.670+0000] {processor.py:161} INFO - Started process (PID=142) to work on /opt/airflow/dags/checks.py
[2026-03-21T19:45:55.672+0000] {processor.py:830} INFO - Processing file /opt/airflow/dags/checks.py for tasks to queue
[2026-03-21T19:45:55.674+0000] {logging_mixin.py:188} INFO - [2026-03-21T19:45:55.674+0000] {dagbag.py:545} INFO - Filling up the DagBag from /opt/airflow/dags/checks.py
[2026-03-21T19:45:55.696+0000] {processor.py:840} INFO - DAG(s) 'checks' retrieved from /opt/airflow/dags/checks.py
[2026-03-21T19:45:55.725+0000] {logging_mixin.py:188} INFO - [2026-03-21T19:45:55.725+0000] {dag.py:3089} INFO - Sync 1 DAGs
[2026-03-21T19:45:55.747+0000] {logging_mixin.py:188} INFO - [2026-03-21T19:45:55.747+0000] {dag.py:3947} INFO - Setting next_dagrun for checks to 2026-03-21 00:00:00+00:00, run_after=2026-03-22 00:00:00+00:00
[2026-03-21T19:45:55.775+0000] {processor.py:183} INFO - Processing /opt/airflow/dags/checks.py took 0.111 seconds
[2026-03-21T19:46:25.931+0000] {processor.py:161} INFO - Started process (PID=143) to work on /opt/airflow/dags/checks.py
[2026-03-21T19:46:25.932+0000] {processor.py:830} INFO - Processing file /opt/airflow/dags/checks.py for tasks to queue
[2026-03-21T19:46:25.935+0000] {logging_mixin.py:188} INFO - [2026-03-21T19:46:25.934+0000] {dagbag.py:545} INFO - Filling up the DagBag from /opt/airflow/dags/checks.py
[2026-03-21T19:46:25.956+0000] {processor.py:840} INFO - DAG(s) 'checks' retrieved from /opt/airflow/dags/checks.py
[2026-03-21T19:46:25.986+0000] {logging_mixin.py:188} INFO - [2026-03-21T19:46:25.986+0000] {dag.py:3089} INFO - Sync 1 DAGs
[2026-03-21T19:46:26.008+0000] {logging_mixin.py:188} INFO - [2026-03-21T19:46:26.008+0000] {dag.py:3947} INFO - Setting next_dagrun for checks to 2026-03-21 00:00:00+00:00, run_after=2026-03-22 00:00:00+00:00
[2026-03-21T19:46:26.030+0000] {processor.py:183} INFO - Processing /opt/airflow/dags/checks.py took 0.106 seconds
[2026-03-21T19:48:30.875+0000] {processor.py:161} INFO - Started process (PID=49) to work on /opt/airflow/dags/checks.py
[2026-03-21T19:48:30.878+0000] {processor.py:830} INFO - Processing file /opt/airflow/dags/checks.py for tasks to queue
[2026-03-21T19:48:30.881+0000] {logging_mixin.py:188} INFO - [2026-03-21T19:48:30.880+0000] {dagbag.py:545} INFO - Filling up the DagBag from /opt/airflow/dags/checks.py
[2026-03-21T19:48:30.911+0000] {processor.py:840} INFO - DAG(s) 'checks' retrieved from /opt/airflow/dags/checks.py
[2026-03-21T19:48:31.104+0000] {logging_mixin.py:188} INFO - [2026-03-21T19:48:31.104+0000] {override.py:1858} INFO - Created Permission View: can read on DAG:checks
[2026-03-21T19:48:31.123+0000] {logging_mixin.py:188} INFO - [2026-03-21T19:48:31.122+0000] {override.py:1858} INFO - Created Permission View: can delete on DAG:checks
[2026-03-21T19:48:31.137+0000] {logging_mixin.py:188} INFO - [2026-03-21T19:48:31.137+0000] {override.py:1858} INFO - Created Permission View: can edit on DAG:checks
[2026-03-21T19:48:31.144+0000] {logging_mixin.py:188} INFO - [2026-03-21T19:48:31.143+0000] {dag.py:3089} INFO - Sync 1 DAGs
[2026-03-21T19:48:31.164+0000] {logging_mixin.py:188} INFO - [2026-03-21T19:48:31.164+0000] {dag.py:3111} INFO - Creating ORM DAG for checks
[2026-03-21T19:48:31.188+0000] {logging_mixin.py:188} INFO - [2026-03-21T19:48:31.187+0000] {dag.py:3947} INFO - Setting next_dagrun for checks to 2026-03-20 00:00:00+00:00, run_after=2026-03-21 00:00:00+00:00
[2026-03-21T19:48:31.255+0000] {processor.py:183} INFO - Processing /opt/airflow/dags/checks.py took 0.389 seconds
[2026-03-21T19:49:01.755+0000] {processor.py:161} INFO - Started process (PID=71) to work on /opt/airflow/dags/checks.py
[2026-03-21T19:49:01.757+0000] {processor.py:830} INFO - Processing file /opt/airflow/dags/checks.py for tasks to queue
[2026-03-21T19:49:01.760+0000] {logging_mixin.py:188} INFO - [2026-03-21T19:49:01.760+0000] {dagbag.py:545} INFO - Filling up the DagBag from /opt/airflow/dags/checks.py
[2026-03-21T19:49:01.789+0000] {processor.py:840} INFO - DAG(s) 'checks' retrieved from /opt/airflow/dags/checks.py
[2026-03-21T19:49:01.816+0000] {logging_mixin.py:188} INFO - [2026-03-21T19:49:01.816+0000] {dag.py:3089} INFO - Sync 1 DAGs
[2026-03-21T19:49:01.841+0000] {logging_mixin.py:188} INFO - [2026-03-21T19:49:01.841+0000] {dag.py:3947} INFO - Setting next_dagrun for checks to 2026-03-20 00:00:00+00:00, run_after=2026-03-21 00:00:00+00:00
[2026-03-21T19:49:01.871+0000] {processor.py:183} INFO - Processing /opt/airflow/dags/checks.py took 0.126 seconds
[2026-03-21T19:49:32.360+0000] {processor.py:161} INFO - Started process (PID=72) to work on /opt/airflow/dags/checks.py
[2026-03-21T19:49:32.361+0000] {processor.py:830} INFO - Processing file /opt/airflow/dags/checks.py for tasks to queue
[2026-03-21T19:49:32.364+0000] {logging_mixin.py:188} INFO - [2026-03-21T19:49:32.363+0000] {dagbag.py:545} INFO - Filling up the DagBag from /opt/airflow/dags/checks.py
[2026-03-21T19:49:32.382+0000] {processor.py:840} INFO - DAG(s) 'checks' retrieved from /opt/airflow/dags/checks.py
[2026-03-21T19:49:32.409+0000] {logging_mixin.py:188} INFO - [2026-03-21T19:49:32.409+0000] {dag.py:3089} INFO - Sync 1 DAGs
[2026-03-21T19:49:32.431+0000] {logging_mixin.py:188} INFO - [2026-03-21T19:49:32.431+0000] {dag.py:3947} INFO - Setting next_dagrun for checks to 2026-03-20 00:00:00+00:00, run_after=2026-03-21 00:00:00+00:00
[2026-03-21T19:49:32.455+0000] {processor.py:183} INFO - Processing /opt/airflow/dags/checks.py took 0.100 seconds
[2026-03-21T19:50:02.825+0000] {processor.py:161} INFO - Started process (PID=73) to work on /opt/airflow/dags/checks.py
[2026-03-21T19:50:02.827+0000] {processor.py:830} INFO - Processing file /opt/airflow/dags/checks.py for tasks to queue
[2026-03-21T19:50:02.829+0000] {logging_mixin.py:188} INFO - [2026-03-21T19:50:02.829+0000] {dagbag.py:545} INFO - Filling up the DagBag from /opt/airflow/dags/checks.py
[2026-03-21T19:50:02.853+0000] {processor.py:840} INFO - DAG(s) 'checks' retrieved from /opt/airflow/dags/checks.py
[2026-03-21T19:50:02.884+0000] {logging_mixin.py:188} INFO - [2026-03-21T19:50:02.883+0000] {dag.py:3089} INFO - Sync 1 DAGs
[2026-03-21T19:50:02.904+0000] {logging_mixin.py:188} INFO - [2026-03-21T19:50:02.903+0000] {dag.py:3947} INFO - Setting next_dagrun for checks to 2026-03-20 00:00:00+00:00, run_after=2026-03-21 00:00:00+00:00
[2026-03-21T19:50:02.927+0000] {processor.py:183} INFO - Processing /opt/airflow/dags/checks.py took 0.111 seconds
[2026-03-21T19:50:33.278+0000] {processor.py:161} INFO - Started process (PID=74) to work on /opt/airflow/dags/checks.py
[2026-03-21T19:50:33.279+0000] {processor.py:830} INFO - Processing file /opt/airflow/dags/checks.py for tasks to queue
[2026-03-21T19:50:33.282+0000] {logging_mixin.py:188} INFO - [2026-03-21T19:50:33.281+0000] {dagbag.py:545} INFO - Filling up the DagBag from /opt/airflow/dags/checks.py
[2026-03-21T19:50:33.301+0000] {processor.py:840} INFO - DAG(s) 'checks' retrieved from /opt/airflow/dags/checks.py
[2026-03-21T19:50:33.322+0000] {logging_mixin.py:188} INFO - [2026-03-21T19:50:33.322+0000] {dag.py:3089} INFO - Sync 1 DAGs
[2026-03-21T19:50:33.350+0000] {logging_mixin.py:188} INFO - [2026-03-21T19:50:33.350+0000] {dag.py:3947} INFO - Setting next_dagrun for checks to 2026-03-20 00:00:00+00:00, run_after=2026-03-21 00:00:00+00:00
[2026-03-21T19:50:33.377+0000] {processor.py:183} INFO - Processing /opt/airflow/dags/checks.py took 0.104 seconds
[2026-03-21T19:51:03.715+0000] {processor.py:161} INFO - Started process (PID=75) to work on /opt/airflow/dags/checks.py
[2026-03-21T19:51:03.716+0000] {processor.py:830} INFO - Processing file /opt/airflow/dags/checks.py for tasks to queue
[2026-03-21T19:51:03.718+0000] {logging_mixin.py:188} INFO - [2026-03-21T19:51:03.718+0000] {dagbag.py:545} INFO - Filling up the DagBag from /opt/airflow/dags/checks.py
[2026-03-21T19:51:03.739+0000] {processor.py:840} INFO - DAG(s) 'checks' retrieved from /opt/airflow/dags/checks.py
[2026-03-21T19:51:03.760+0000] {logging_mixin.py:188} INFO - [2026-03-21T19:51:03.760+0000] {dag.py:3089} INFO - Sync 1 DAGs
[2026-03-21T19:51:03.778+0000] {logging_mixin.py:188} INFO - [2026-03-21T19:51:03.777+0000] {dag.py:3947} INFO - Setting next_dagrun for checks to 2026-03-20 00:00:00+00:00, run_after=2026-03-21 00:00:00+00:00
[2026-03-21T19:51:03.800+0000] {processor.py:183} INFO - Processing /opt/airflow/dags/checks.py took 0.090 seconds
[2026-03-21T19:51:34.098+0000] {processor.py:161} INFO - Started process (PID=76) to work on /opt/airflow/dags/checks.py
[2026-03-21T19:51:34.100+0000] {processor.py:830} INFO - Processing file /opt/airflow/dags/checks.py for tasks to queue
[2026-03-21T19:51:34.102+0000] {logging_mixin.py:188} INFO - [2026-03-21T19:51:34.102+0000] {dagbag.py:545} INFO - Filling up the DagBag from /opt/airflow/dags/checks.py
[2026-03-21T19:51:34.127+0000] {processor.py:840} INFO - DAG(s) 'checks' retrieved from /opt/airflow/dags/checks.py
[2026-03-21T19:51:34.159+0000] {logging_mixin.py:188} INFO - [2026-03-21T19:51:34.159+0000] {dag.py:3089} INFO - Sync 1 DAGs
[2026-03-21T19:51:34.197+0000] {logging_mixin.py:188} INFO - [2026-03-21T19:51:34.197+0000] {dag.py:3947} INFO - Setting next_dagrun for checks to 2026-03-20 00:00:00+00:00, run_after=2026-03-21 00:00:00+00:00
[2026-03-21T19:51:34.220+0000] {processor.py:183} INFO - Processing /opt/airflow/dags/checks.py took 0.132 seconds
[2026-03-21T19:52:04.548+0000] {processor.py:161} INFO - Started process (PID=77) to work on /opt/airflow/dags/checks.py
[2026-03-21T19:52:04.549+0000] {processor.py:830} INFO - Processing file /opt/airflow/dags/checks.py for tasks to queue
[2026-03-21T19:52:04.551+0000] {logging_mixin.py:188} INFO - [2026-03-21T19:52:04.551+0000] {dagbag.py:545} INFO - Filling up the DagBag from /opt/airflow/dags/checks.py
[2026-03-21T19:52:04.570+0000] {processor.py:840} INFO - DAG(s) 'checks' retrieved from /opt/airflow/dags/checks.py
[2026-03-21T19:52:04.593+0000] {logging_mixin.py:188} INFO - [2026-03-21T19:52:04.593+0000] {dag.py:3089} INFO - Sync 1 DAGs
[2026-03-21T19:52:04.610+0000] {logging_mixin.py:188} INFO - [2026-03-21T19:52:04.610+0000] {dag.py:3947} INFO - Setting next_dagrun for checks to 2026-03-20 00:00:00+00:00, run_after=2026-03-21 00:00:00+00:00
[2026-03-21T19:52:04.635+0000] {processor.py:183} INFO - Processing /opt/airflow/dags/checks.py took 0.093 seconds
[2026-03-21T19:52:35.050+0000] {processor.py:161} INFO - Started process (PID=78) to work on /opt/airflow/dags/checks.py
[2026-03-21T19:52:35.052+0000] {processor.py:830} INFO - Processing file /opt/airflow/dags/checks.py for tasks to queue
[2026-03-21T19:52:35.056+0000] {logging_mixin.py:188} INFO - [2026-03-21T19:52:35.055+0000] {dagbag.py:545} INFO - Filling up the DagBag from /opt/airflow/dags/checks.py
[2026-03-21T19:52:35.094+0000] {processor.py:840} INFO - DAG(s) 'checks' retrieved from /opt/airflow/dags/checks.py
[2026-03-21T19:52:35.137+0000] {logging_mixin.py:188} INFO - [2026-03-21T19:52:35.136+0000] {dag.py:3089} INFO - Sync 1 DAGs
[2026-03-21T19:52:35.165+0000] {logging_mixin.py:188} INFO - [2026-03-21T19:52:35.165+0000] {dag.py:3947} INFO - Setting next_dagrun for checks to 2026-03-20 00:00:00+00:00, run_after=2026-03-21 00:00:00+00:00
[2026-03-21T19:52:35.198+0000] {processor.py:183} INFO - Processing /opt/airflow/dags/checks.py took 0.161 seconds
[2026-03-21T19:53:05.962+0000] {processor.py:161} INFO - Started process (PID=79) to work on /opt/airflow/dags/checks.py
[2026-03-21T19:53:05.963+0000] {processor.py:830} INFO - Processing file /opt/airflow/dags/checks.py for tasks to queue
[2026-03-21T19:53:05.968+0000] {logging_mixin.py:188} INFO - [2026-03-21T19:53:05.965+0000] {dagbag.py:545} INFO - Filling up the DagBag from /opt/airflow/dags/checks.py
[2026-03-21T19:53:06.019+0000] {processor.py:840} INFO - DAG(s) 'checks' retrieved from /opt/airflow/dags/checks.py
[2026-03-21T19:53:08.567+0000] {logging_mixin.py:188} INFO - [2026-03-21T19:53:08.567+0000] {dag.py:3089} INFO - Sync 1 DAGs
[2026-03-21T19:53:08.673+0000] {logging_mixin.py:188} INFO - [2026-03-21T19:53:08.672+0000] {dag.py:3947} INFO - Setting next_dagrun for checks to 2026-03-20 00:00:00+00:00, run_after=2026-03-21 00:00:00+00:00
[2026-03-21T19:53:08.724+0000] {processor.py:183} INFO - Processing /opt/airflow/dags/checks.py took 2.769 seconds
[2026-03-21T19:53:39.443+0000] {processor.py:161} INFO - Started process (PID=80) to work on /opt/airflow/dags/checks.py
[2026-03-21T19:53:39.445+0000] {processor.py:830} INFO - Processing file /opt/airflow/dags/checks.py for tasks to queue
[2026-03-21T19:53:39.455+0000] {logging_mixin.py:188} INFO - [2026-03-21T19:53:39.454+0000] {dagbag.py:545} INFO - Filling up the DagBag from /opt/airflow/dags/checks.py
[2026-03-21T19:53:39.572+0000] {processor.py:840} INFO - DAG(s) 'checks' retrieved from /opt/airflow/dags/checks.py
[2026-03-21T19:53:39.706+0000] {logging_mixin.py:188} INFO - [2026-03-21T19:53:39.706+0000] {dag.py:3089} INFO - Sync 1 DAGs
[2026-03-21T19:53:39.840+0000] {logging_mixin.py:188} INFO - [2026-03-21T19:53:39.839+0000] {dag.py:3947} INFO - Setting next_dagrun for checks to 2026-03-20 00:00:00+00:00, run_after=2026-03-21 00:00:00+00:00
[2026-03-21T19:53:39.956+0000] {processor.py:183} INFO - Processing /opt/airflow/dags/checks.py took 0.523 seconds
[2026-03-21T19:54:10.697+0000] {processor.py:161} INFO - Started process (PID=81) to work on /opt/airflow/dags/checks.py
[2026-03-21T19:54:10.698+0000] {processor.py:830} INFO - Processing file /opt/airflow/dags/checks.py for tasks to queue
[2026-03-21T19:54:10.708+0000] {logging_mixin.py:188} INFO - [2026-03-21T19:54:10.707+0000] {dagbag.py:545} INFO - Filling up the DagBag from /opt/airflow/dags/checks.py
[2026-03-21T19:54:10.751+0000] {processor.py:840} INFO - DAG(s) 'checks' retrieved from /opt/airflow/dags/checks.py
[2026-03-21T19:54:10.794+0000] {logging_mixin.py:188} INFO - [2026-03-21T19:54:10.794+0000] {dag.py:3089} INFO - Sync 1 DAGs
[2026-03-21T19:54:10.827+0000] {logging_mixin.py:188} INFO - [2026-03-21T19:54:10.827+0000] {dag.py:3947} INFO - Setting next_dagrun for checks to 2026-03-20 00:00:00+00:00, run_after=2026-03-21 00:00:00+00:00
[2026-03-21T19:54:10.876+0000] {processor.py:183} INFO - Processing /opt/airflow/dags/checks.py took 0.188 seconds
[2026-03-21T19:54:44.361+0000] {processor.py:161} INFO - Started process (PID=82) to work on /opt/airflow/dags/checks.py
[2026-03-21T19:54:44.363+0000] {processor.py:830} INFO - Processing file /opt/airflow/dags/checks.py for tasks to queue
[2026-03-21T19:54:45.566+0000] {logging_mixin.py:188} INFO - [2026-03-21T19:54:44.365+0000] {dagbag.py:545} INFO - Filling up the DagBag from /opt/airflow/dags/checks.py
[2026-03-21T19:54:45.657+0000] {processor.py:840} INFO - DAG(s) 'checks' retrieved from /opt/airflow/dags/checks.py
[2026-03-21T19:54:45.763+0000] {logging_mixin.py:188} INFO - [2026-03-21T19:54:45.763+0000] {dag.py:3089} INFO - Sync 1 DAGs
[2026-03-21T19:54:45.788+0000] {logging_mixin.py:188} INFO - [2026-03-21T19:54:45.788+0000] {dag.py:3947} INFO - Setting next_dagrun for checks to 2026-03-20 00:00:00+00:00, run_after=2026-03-21 00:00:00+00:00
[2026-03-21T19:54:49.952+0000] {processor.py:183} INFO - Processing /opt/airflow/dags/checks.py took 6.101 seconds
[2026-03-21T19:55:20.212+0000] {processor.py:161} INFO - Started process (PID=83) to work on /opt/airflow/dags/checks.py
[2026-03-21T19:55:20.214+0000] {processor.py:830} INFO - Processing file /opt/airflow/dags/checks.py for tasks to queue
[2026-03-21T19:55:20.218+0000] {logging_mixin.py:188} INFO - [2026-03-21T19:55:20.217+0000] {dagbag.py:545} INFO - Filling up the DagBag from /opt/airflow/dags/checks.py
[2026-03-21T19:55:20.253+0000] {processor.py:840} INFO - DAG(s) 'checks' retrieved from /opt/airflow/dags/checks.py
[2026-03-21T19:55:20.289+0000] {logging_mixin.py:188} INFO - [2026-03-21T19:55:20.289+0000] {dag.py:3089} INFO - Sync 1 DAGs
[2026-03-21T19:55:20.615+0000] {logging_mixin.py:188} INFO - [2026-03-21T19:55:20.615+0000] {dag.py:3947} INFO - Setting next_dagrun for checks to 2026-03-20 00:00:00+00:00, run_after=2026-03-21 00:00:00+00:00
[2026-03-21T19:55:20.688+0000] {processor.py:183} INFO - Processing /opt/airflow/dags/checks.py took 0.484 seconds
[2026-03-21T19:55:57.344+0000] {processor.py:161} INFO - Started process (PID=84) to work on /opt/airflow/dags/checks.py
[2026-03-21T19:55:57.346+0000] {processor.py:830} INFO - Processing file /opt/airflow/dags/checks.py for tasks to queue
[2026-03-21T19:55:57.355+0000] {logging_mixin.py:188} INFO - [2026-03-21T19:55:57.351+0000] {dagbag.py:545} INFO - Filling up the DagBag from /opt/airflow/dags/checks.py
[2026-03-21T19:55:57.454+0000] {processor.py:840} INFO - DAG(s) 'checks' retrieved from /opt/airflow/dags/checks.py
[2026-03-21T19:55:57.531+0000] {logging_mixin.py:188} INFO - [2026-03-21T19:55:57.531+0000] {dag.py:3089} INFO - Sync 1 DAGs
[2026-03-21T19:55:57.939+0000] {logging_mixin.py:188} INFO - [2026-03-21T19:55:57.939+0000] {dag.py:3947} INFO - Setting next_dagrun for checks to 2026-03-20 00:00:00+00:00, run_after=2026-03-21 00:00:00+00:00
[2026-03-21T19:55:58.001+0000] {processor.py:183} INFO - Processing /opt/airflow/dags/checks.py took 0.685 seconds
[2026-03-21T19:56:30.693+0000] {processor.py:161} INFO - Started process (PID=85) to work on /opt/airflow/dags/checks.py
[2026-03-21T19:56:30.696+0000] {processor.py:830} INFO - Processing file /opt/airflow/dags/checks.py for tasks to queue
[2026-03-21T19:56:30.702+0000] {logging_mixin.py:188} INFO - [2026-03-21T19:56:30.701+0000] {dagbag.py:545} INFO - Filling up the DagBag from /opt/airflow/dags/checks.py
[2026-03-21T19:56:30.761+0000] {processor.py:840} INFO - DAG(s) 'checks' retrieved from /opt/airflow/dags/checks.py
[2026-03-21T19:56:30.810+0000] {logging_mixin.py:188} INFO - [2026-03-21T19:56:30.810+0000] {dag.py:3089} INFO - Sync 1 DAGs
[2026-03-21T19:56:31.810+0000] {logging_mixin.py:188} INFO - [2026-03-21T19:56:31.810+0000] {dag.py:3947} INFO - Setting next_dagrun for checks to 2026-03-20 00:00:00+00:00, run_after=2026-03-21 00:00:00+00:00
[2026-03-21T19:56:31.888+0000] {processor.py:183} INFO - Processing /opt/airflow/dags/checks.py took 2.238 seconds
[2026-03-21T19:57:02.218+0000] {processor.py:161} INFO - Started process (PID=86) to work on /opt/airflow/dags/checks.py
[2026-03-21T19:57:02.237+0000] {processor.py:830} INFO - Processing file /opt/airflow/dags/checks.py for tasks to queue
[2026-03-21T19:57:02.319+0000] {logging_mixin.py:188} INFO - [2026-03-21T19:57:02.258+0000] {dagbag.py:545} INFO - Filling up the DagBag from /opt/airflow/dags/checks.py
[2026-03-21T19:57:02.380+0000] {processor.py:840} INFO - DAG(s) 'checks' retrieved from /opt/airflow/dags/checks.py
[2026-03-21T19:57:05.631+0000] {logging_mixin.py:188} INFO - [2026-03-21T19:57:05.630+0000] {dag.py:3089} INFO - Sync 1 DAGs
[2026-03-21T19:57:05.665+0000] {logging_mixin.py:188} INFO - [2026-03-21T19:57:05.664+0000] {dag.py:3947} INFO - Setting next_dagrun for checks to 2026-03-20 00:00:00+00:00, run_after=2026-03-21 00:00:00+00:00
[2026-03-21T19:57:05.720+0000] {processor.py:183} INFO - Processing /opt/airflow/dags/checks.py took 3.528 seconds
[2026-03-21T19:57:36.174+0000] {processor.py:161} INFO - Started process (PID=87) to work on /opt/airflow/dags/checks.py
[2026-03-21T19:57:36.178+0000] {processor.py:830} INFO - Processing file /opt/airflow/dags/checks.py for tasks to queue
[2026-03-21T19:57:36.216+0000] {logging_mixin.py:188} INFO - [2026-03-21T19:57:36.213+0000] {dagbag.py:545} INFO - Filling up the DagBag from /opt/airflow/dags/checks.py
[2026-03-21T19:57:36.385+0000] {processor.py:840} INFO - DAG(s) 'checks' retrieved from /opt/airflow/dags/checks.py
[2026-03-21T19:57:40.123+0000] {logging_mixin.py:188} INFO - [2026-03-21T19:57:40.122+0000] {dag.py:3089} INFO - Sync 1 DAGs
[2026-03-21T19:57:40.147+0000] {logging_mixin.py:188} INFO - [2026-03-21T19:57:40.147+0000] {dag.py:3947} INFO - Setting next_dagrun for checks to 2026-03-20 00:00:00+00:00, run_after=2026-03-21 00:00:00+00:00
[2026-03-21T19:57:40.207+0000] {processor.py:183} INFO - Processing /opt/airflow/dags/checks.py took 4.052 seconds
[2026-03-21T19:58:13.191+0000] {processor.py:161} INFO - Started process (PID=88) to work on /opt/airflow/dags/checks.py
[2026-03-21T19:58:13.193+0000] {processor.py:830} INFO - Processing file /opt/airflow/dags/checks.py for tasks to queue
[2026-03-21T19:58:13.197+0000] {logging_mixin.py:188} INFO - [2026-03-21T19:58:13.196+0000] {dagbag.py:545} INFO - Filling up the DagBag from /opt/airflow/dags/checks.py
[2026-03-21T19:58:13.258+0000] {processor.py:840} INFO - DAG(s) 'checks' retrieved from /opt/airflow/dags/checks.py
[2026-03-21T19:58:13.351+0000] {logging_mixin.py:188} INFO - [2026-03-21T19:58:13.350+0000] {dag.py:3089} INFO - Sync 1 DAGs
[2026-03-21T19:58:13.886+0000] {logging_mixin.py:188} INFO - [2026-03-21T19:58:13.885+0000] {dag.py:3947} INFO - Setting next_dagrun for checks to 2026-03-20 00:00:00+00:00, run_after=2026-03-21 00:00:00+00:00
[2026-03-21T19:58:13.979+0000] {processor.py:183} INFO - Processing /opt/airflow/dags/checks.py took 0.799 seconds
[2026-03-21T19:58:45.607+0000] {processor.py:161} INFO - Started process (PID=89) to work on /opt/airflow/dags/checks.py
[2026-03-21T19:58:45.609+0000] {processor.py:830} INFO - Processing file /opt/airflow/dags/checks.py for tasks to queue
[2026-03-21T19:58:45.612+0000] {logging_mixin.py:188} INFO - [2026-03-21T19:58:45.612+0000] {dagbag.py:545} INFO - Filling up the DagBag from /opt/airflow/dags/checks.py
[2026-03-21T19:58:45.667+0000] {processor.py:840} INFO - DAG(s) 'checks' retrieved from /opt/airflow/dags/checks.py
[2026-03-21T19:58:46.090+0000] {logging_mixin.py:188} INFO - [2026-03-21T19:58:46.090+0000] {dag.py:3089} INFO - Sync 1 DAGs
[2026-03-21T19:58:46.119+0000] {logging_mixin.py:188} INFO - [2026-03-21T19:58:46.119+0000] {dag.py:3947} INFO - Setting next_dagrun for checks to 2026-03-20 00:00:00+00:00, run_after=2026-03-21 00:00:00+00:00
[2026-03-21T19:58:46.162+0000] {processor.py:183} INFO - Processing /opt/airflow/dags/checks.py took 0.967 seconds
[2026-03-21T19:59:16.890+0000] {processor.py:161} INFO - Started process (PID=90) to work on /opt/airflow/dags/checks.py
[2026-03-21T19:59:16.896+0000] {processor.py:830} INFO - Processing file /opt/airflow/dags/checks.py for tasks to queue
[2026-03-21T19:59:16.904+0000] {logging_mixin.py:188} INFO - [2026-03-21T19:59:16.903+0000] {dagbag.py:545} INFO - Filling up the DagBag from /opt/airflow/dags/checks.py
[2026-03-21T19:59:16.948+0000] {processor.py:840} INFO - DAG(s) 'checks' retrieved from /opt/airflow/dags/checks.py
[2026-03-21T19:59:17.006+0000] {logging_mixin.py:188} INFO - [2026-03-21T19:59:17.006+0000] {dag.py:3089} INFO - Sync 1 DAGs
[2026-03-21T19:59:17.064+0000] {logging_mixin.py:188} INFO - [2026-03-21T19:59:17.064+0000] {dag.py:3947} INFO - Setting next_dagrun for checks to 2026-03-20 00:00:00+00:00, run_after=2026-03-21 00:00:00+00:00
[2026-03-21T19:59:17.138+0000] {processor.py:183} INFO - Processing /opt/airflow/dags/checks.py took 0.296 seconds
[2026-03-21T19:59:48.040+0000] {processor.py:161} INFO - Started process (PID=91) to work on /opt/airflow/dags/checks.py
[2026-03-21T19:59:48.046+0000] {processor.py:830} INFO - Processing file /opt/airflow/dags/checks.py for tasks to queue
[2026-03-21T19:59:48.051+0000] {logging_mixin.py:188} INFO - [2026-03-21T19:59:48.050+0000] {dagbag.py:545} INFO - Filling up the DagBag from /opt/airflow/dags/checks.py
[2026-03-21T19:59:48.681+0000] {processor.py:840} INFO - DAG(s) 'checks' retrieved from /opt/airflow/dags/checks.py
[2026-03-21T19:59:48.834+0000] {logging_mixin.py:188} INFO - [2026-03-21T19:59:48.833+0000] {dag.py:3089} INFO - Sync 1 DAGs
[2026-03-21T19:59:49.047+0000] {logging_mixin.py:188} INFO - [2026-03-21T19:59:49.046+0000] {dag.py:3947} INFO - Setting next_dagrun for checks to 2026-03-20 00:00:00+00:00, run_after=2026-03-21 00:00:00+00:00
[2026-03-21T19:59:49.909+0000] {processor.py:183} INFO - Processing /opt/airflow/dags/checks.py took 1.874 seconds
[2026-03-21T20:00:20.198+0000] {processor.py:161} INFO - Started process (PID=92) to work on /opt/airflow/dags/checks.py
[2026-03-21T20:00:20.200+0000] {processor.py:830} INFO - Processing file /opt/airflow/dags/checks.py for tasks to queue
[2026-03-21T20:00:20.207+0000] {logging_mixin.py:188} INFO - [2026-03-21T20:00:20.206+0000] {dagbag.py:545} INFO - Filling up the DagBag from /opt/airflow/dags/checks.py
[2026-03-21T20:00:20.255+0000] {processor.py:840} INFO - DAG(s) 'checks' retrieved from /opt/airflow/dags/checks.py
[2026-03-21T20:00:20.340+0000] {logging_mixin.py:188} INFO - [2026-03-21T20:00:20.339+0000] {dag.py:3089} INFO - Sync 1 DAGs
[2026-03-21T20:00:20.394+0000] {logging_mixin.py:188} INFO - [2026-03-21T20:00:20.394+0000] {dag.py:3947} INFO - Setting next_dagrun for checks to 2026-03-20 00:00:00+00:00, run_after=2026-03-21 00:00:00+00:00
[2026-03-21T20:00:21.764+0000] {processor.py:183} INFO - Processing /opt/airflow/dags/checks.py took 1.577 seconds
[2026-03-21T20:00:52.726+0000] {processor.py:161} INFO - Started process (PID=93) to work on /opt/airflow/dags/checks.py
[2026-03-21T20:00:52.730+0000] {processor.py:830} INFO - Processing file /opt/airflow/dags/checks.py for tasks to queue
[2026-03-21T20:00:52.735+0000] {logging_mixin.py:188} INFO - [2026-03-21T20:00:52.734+0000] {dagbag.py:545} INFO - Filling up the DagBag from /opt/airflow/dags/checks.py
[2026-03-21T20:00:52.947+0000] {processor.py:840} INFO - DAG(s) 'checks' retrieved from /opt/airflow/dags/checks.py
[2026-03-21T20:00:53.094+0000] {logging_mixin.py:188} INFO - [2026-03-21T20:00:53.093+0000] {dag.py:3089} INFO - Sync 1 DAGs
[2026-03-21T20:00:53.144+0000] {logging_mixin.py:188} INFO - [2026-03-21T20:00:53.143+0000] {dag.py:3947} INFO - Setting next_dagrun for checks to 2026-03-20 00:00:00+00:00, run_after=2026-03-21 00:00:00+00:00
[2026-03-21T20:00:54.671+0000] {processor.py:183} INFO - Processing /opt/airflow/dags/checks.py took 1.961 seconds
[2026-03-21T20:01:25.428+0000] {processor.py:161} INFO - Started process (PID=94) to work on /opt/airflow/dags/checks.py
[2026-03-21T20:01:25.430+0000] {processor.py:830} INFO - Processing file /opt/airflow/dags/checks.py for tasks to queue
[2026-03-21T20:01:25.434+0000] {logging_mixin.py:188} INFO - [2026-03-21T20:01:25.434+0000] {dagbag.py:545} INFO - Filling up the DagBag from /opt/airflow/dags/checks.py
[2026-03-21T20:01:25.483+0000] {processor.py:840} INFO - DAG(s) 'checks' retrieved from /opt/airflow/dags/checks.py
[2026-03-21T20:01:25.562+0000] {logging_mixin.py:188} INFO - [2026-03-21T20:01:25.561+0000] {dag.py:3089} INFO - Sync 1 DAGs
[2026-03-21T20:01:25.624+0000] {logging_mixin.py:188} INFO - [2026-03-21T20:01:25.623+0000] {dag.py:3947} INFO - Setting next_dagrun for checks to 2026-03-20 00:00:00+00:00, run_after=2026-03-21 00:00:00+00:00
[2026-03-21T20:01:25.783+0000] {processor.py:183} INFO - Processing /opt/airflow/dags/checks.py took 0.369 seconds
[2026-03-21T20:01:56.073+0000] {processor.py:161} INFO - Started process (PID=95) to work on /opt/airflow/dags/checks.py
[2026-03-21T20:01:56.074+0000] {processor.py:830} INFO - Processing file /opt/airflow/dags/checks.py for tasks to queue
[2026-03-21T20:01:56.078+0000] {logging_mixin.py:188} INFO - [2026-03-21T20:01:56.077+0000] {dagbag.py:545} INFO - Filling up the DagBag from /opt/airflow/dags/checks.py
[2026-03-21T20:01:56.242+0000] {processor.py:840} INFO - DAG(s) 'checks' retrieved from /opt/airflow/dags/checks.py
[2026-03-21T20:01:58.930+0000] {logging_mixin.py:188} INFO - [2026-03-21T20:01:58.930+0000] {dag.py:3089} INFO - Sync 1 DAGs
[2026-03-21T20:01:58.966+0000] {logging_mixin.py:188} INFO - [2026-03-21T20:01:58.966+0000] {dag.py:3947} INFO - Setting next_dagrun for checks to 2026-03-20 00:00:00+00:00, run_after=2026-03-21 00:00:00+00:00
[2026-03-21T20:01:59.115+0000] {processor.py:183} INFO - Processing /opt/airflow/dags/checks.py took 3.054 seconds
[2026-03-21T20:02:29.407+0000] {processor.py:161} INFO - Started process (PID=96) to work on /opt/airflow/dags/checks.py
[2026-03-21T20:02:29.408+0000] {processor.py:830} INFO - Processing file /opt/airflow/dags/checks.py for tasks to queue
[2026-03-21T20:02:29.411+0000] {logging_mixin.py:188} INFO - [2026-03-21T20:02:29.410+0000] {dagbag.py:545} INFO - Filling up the DagBag from /opt/airflow/dags/checks.py
[2026-03-21T20:02:30.699+0000] {processor.py:840} INFO - DAG(s) 'checks' retrieved from /opt/airflow/dags/checks.py
[2026-03-21T20:02:30.897+0000] {logging_mixin.py:188} INFO - [2026-03-21T20:02:30.896+0000] {dag.py:3089} INFO - Sync 1 DAGs
[2026-03-21T20:02:30.956+0000] {logging_mixin.py:188} INFO - [2026-03-21T20:02:30.956+0000] {dag.py:3947} INFO - Setting next_dagrun for checks to 2026-03-20 00:00:00+00:00, run_after=2026-03-21 00:00:00+00:00
[2026-03-21T20:02:31.143+0000] {processor.py:183} INFO - Processing /opt/airflow/dags/checks.py took 1.744 seconds
[2026-03-21T20:03:01.774+0000] {processor.py:161} INFO - Started process (PID=97) to work on /opt/airflow/dags/checks.py
[2026-03-21T20:03:01.775+0000] {processor.py:830} INFO - Processing file /opt/airflow/dags/checks.py for tasks to queue
[2026-03-21T20:03:01.779+0000] {logging_mixin.py:188} INFO - [2026-03-21T20:03:01.778+0000] {dagbag.py:545} INFO - Filling up the DagBag from /opt/airflow/dags/checks.py
[2026-03-21T20:03:01.811+0000] {processor.py:840} INFO - DAG(s) 'checks' retrieved from /opt/airflow/dags/checks.py
[2026-03-21T20:03:01.863+0000] {logging_mixin.py:188} INFO - [2026-03-21T20:03:01.862+0000] {dag.py:3089} INFO - Sync 1 DAGs
[2026-03-21T20:03:01.914+0000] {logging_mixin.py:188} INFO - [2026-03-21T20:03:01.913+0000] {dag.py:3947} INFO - Setting next_dagrun for checks to 2026-03-20 00:00:00+00:00, run_after=2026-03-21 00:00:00+00:00
[2026-03-21T20:03:01.998+0000] {processor.py:183} INFO - Processing /opt/airflow/dags/checks.py took 0.236 seconds
[2026-03-21T20:03:32.226+0000] {processor.py:161} INFO - Started process (PID=98) to work on /opt/airflow/dags/checks.py
[2026-03-21T20:03:32.230+0000] {processor.py:830} INFO - Processing file /opt/airflow/dags/checks.py for tasks to queue
[2026-03-21T20:03:32.240+0000] {logging_mixin.py:188} INFO - [2026-03-21T20:03:32.234+0000] {dagbag.py:545} INFO - Filling up the DagBag from /opt/airflow/dags/checks.py
[2026-03-21T20:03:32.294+0000] {processor.py:840} INFO - DAG(s) 'checks' retrieved from /opt/airflow/dags/checks.py
[2026-03-21T20:03:32.350+0000] {logging_mixin.py:188} INFO - [2026-03-21T20:03:32.349+0000] {dag.py:3089} INFO - Sync 1 DAGs
[2026-03-21T20:03:32.401+0000] {logging_mixin.py:188} INFO - [2026-03-21T20:03:32.401+0000] {dag.py:3947} INFO - Setting next_dagrun for checks to 2026-03-20 00:00:00+00:00, run_after=2026-03-21 00:00:00+00:00
[2026-03-21T20:03:32.478+0000] {processor.py:183} INFO - Processing /opt/airflow/dags/checks.py took 0.269 seconds
[2026-03-21T20:04:05.186+0000] {processor.py:161} INFO - Started process (PID=99) to work on /opt/airflow/dags/checks.py
[2026-03-21T20:04:05.189+0000] {processor.py:830} INFO - Processing file /opt/airflow/dags/checks.py for tasks to queue
[2026-03-21T20:04:05.193+0000] {logging_mixin.py:188} INFO - [2026-03-21T20:04:05.192+0000] {dagbag.py:545} INFO - Filling up the DagBag from /opt/airflow/dags/checks.py
[2026-03-21T20:04:05.243+0000] {processor.py:840} INFO - DAG(s) 'checks' retrieved from /opt/airflow/dags/checks.py
[2026-03-21T20:04:05.288+0000] {logging_mixin.py:188} INFO - [2026-03-21T20:04:05.288+0000] {dag.py:3089} INFO - Sync 1 DAGs
[2026-03-21T20:04:05.323+0000] {logging_mixin.py:188} INFO - [2026-03-21T20:04:05.323+0000] {dag.py:3947} INFO - Setting next_dagrun for checks to 2026-03-20 00:00:00+00:00, run_after=2026-03-21 00:00:00+00:00
[2026-03-21T20:04:05.377+0000] {processor.py:183} INFO - Processing /opt/airflow/dags/checks.py took 0.204 seconds
[2026-03-21T20:04:36.026+0000] {processor.py:161} INFO - Started process (PID=100) to work on /opt/airflow/dags/checks.py
[2026-03-21T20:04:36.033+0000] {processor.py:830} INFO - Processing file /opt/airflow/dags/checks.py for tasks to queue
[2026-03-21T20:04:36.038+0000] {logging_mixin.py:188} INFO - [2026-03-21T20:04:36.037+0000] {dagbag.py:545} INFO - Filling up the DagBag from /opt/airflow/dags/checks.py
[2026-03-21T20:04:36.108+0000] {processor.py:840} INFO - DAG(s) 'checks' retrieved from /opt/airflow/dags/checks.py
[2026-03-21T20:04:36.178+0000] {logging_mixin.py:188} INFO - [2026-03-21T20:04:36.178+0000] {dag.py:3089} INFO - Sync 1 DAGs
[2026-03-21T20:04:36.236+0000] {logging_mixin.py:188} INFO - [2026-03-21T20:04:36.236+0000] {dag.py:3947} INFO - Setting next_dagrun for checks to 2026-03-20 00:00:00+00:00, run_after=2026-03-21 00:00:00+00:00
[2026-03-21T20:04:36.308+0000] {processor.py:183} INFO - Processing /opt/airflow/dags/checks.py took 0.303 seconds
[2026-03-21T20:05:06.510+0000] {processor.py:161} INFO - Started process (PID=101) to work on /opt/airflow/dags/checks.py
[2026-03-21T20:05:06.512+0000] {processor.py:830} INFO - Processing file /opt/airflow/dags/checks.py for tasks to queue
[2026-03-21T20:05:06.515+0000] {logging_mixin.py:188} INFO - [2026-03-21T20:05:06.514+0000] {dagbag.py:545} INFO - Filling up the DagBag from /opt/airflow/dags/checks.py
[2026-03-21T20:05:06.541+0000] {processor.py:840} INFO - DAG(s) 'checks' retrieved from /opt/airflow/dags/checks.py
[2026-03-21T20:05:06.576+0000] {logging_mixin.py:188} INFO - [2026-03-21T20:05:06.576+0000] {dag.py:3089} INFO - Sync 1 DAGs
[2026-03-21T20:05:06.603+0000] {logging_mixin.py:188} INFO - [2026-03-21T20:05:06.603+0000] {dag.py:3947} INFO - Setting next_dagrun for checks to 2026-03-20 00:00:00+00:00, run_after=2026-03-21 00:00:00+00:00
[2026-03-21T20:05:06.898+0000] {processor.py:183} INFO - Processing /opt/airflow/dags/checks.py took 0.397 seconds
[2026-03-21T20:05:37.468+0000] {processor.py:161} INFO - Started process (PID=102) to work on /opt/airflow/dags/checks.py
[2026-03-21T20:05:37.470+0000] {processor.py:830} INFO - Processing file /opt/airflow/dags/checks.py for tasks to queue
[2026-03-21T20:05:37.474+0000] {logging_mixin.py:188} INFO - [2026-03-21T20:05:37.473+0000] {dagbag.py:545} INFO - Filling up the DagBag from /opt/airflow/dags/checks.py
[2026-03-21T20:05:37.510+0000] {processor.py:840} INFO - DAG(s) 'checks' retrieved from /opt/airflow/dags/checks.py
[2026-03-21T20:05:37.559+0000] {logging_mixin.py:188} INFO - [2026-03-21T20:05:37.558+0000] {dag.py:3089} INFO - Sync 1 DAGs
[2026-03-21T20:05:37.600+0000] {logging_mixin.py:188} INFO - [2026-03-21T20:05:37.599+0000] {dag.py:3947} INFO - Setting next_dagrun for checks to 2026-03-20 00:00:00+00:00, run_after=2026-03-21 00:00:00+00:00
[2026-03-21T20:05:37.659+0000] {processor.py:183} INFO - Processing /opt/airflow/dags/checks.py took 0.203 seconds
[2026-03-21T20:06:08.990+0000] {processor.py:161} INFO - Started process (PID=103) to work on /opt/airflow/dags/checks.py
[2026-03-21T20:06:08.992+0000] {processor.py:830} INFO - Processing file /opt/airflow/dags/checks.py for tasks to queue
[2026-03-21T20:06:08.996+0000] {logging_mixin.py:188} INFO - [2026-03-21T20:06:08.995+0000] {dagbag.py:545} INFO - Filling up the DagBag from /opt/airflow/dags/checks.py
[2026-03-21T20:06:09.034+0000] {processor.py:840} INFO - DAG(s) 'checks' retrieved from /opt/airflow/dags/checks.py
[2026-03-21T20:06:09.076+0000] {logging_mixin.py:188} INFO - [2026-03-21T20:06:09.076+0000] {dag.py:3089} INFO - Sync 1 DAGs
[2026-03-21T20:06:09.112+0000] {logging_mixin.py:188} INFO - [2026-03-21T20:06:09.112+0000] {dag.py:3947} INFO - Setting next_dagrun for checks to 2026-03-20 00:00:00+00:00, run_after=2026-03-21 00:00:00+00:00
[2026-03-21T20:06:09.172+0000] {processor.py:183} INFO - Processing /opt/airflow/dags/checks.py took 0.192 seconds
[2026-03-21T20:06:39.921+0000] {processor.py:161} INFO - Started process (PID=104) to work on /opt/airflow/dags/checks.py
[2026-03-21T20:06:39.923+0000] {processor.py:830} INFO - Processing file /opt/airflow/dags/checks.py for tasks to queue
[2026-03-21T20:06:39.932+0000] {logging_mixin.py:188} INFO - [2026-03-21T20:06:39.931+0000] {dagbag.py:545} INFO - Filling up the DagBag from /opt/airflow/dags/checks.py
[2026-03-21T20:06:39.986+0000] {processor.py:840} INFO - DAG(s) 'checks' retrieved from /opt/airflow/dags/checks.py
[2026-03-21T20:06:40.034+0000] {logging_mixin.py:188} INFO - [2026-03-21T20:06:40.034+0000] {dag.py:3089} INFO - Sync 1 DAGs
[2026-03-21T20:06:40.066+0000] {logging_mixin.py:188} INFO - [2026-03-21T20:06:40.066+0000] {dag.py:3947} INFO - Setting next_dagrun for checks to 2026-03-20 00:00:00+00:00, run_after=2026-03-21 00:00:00+00:00
[2026-03-21T20:06:40.193+0000] {processor.py:183} INFO - Processing /opt/airflow/dags/checks.py took 0.281 seconds
[2026-03-21T20:07:11.305+0000] {processor.py:161} INFO - Started process (PID=105) to work on /opt/airflow/dags/checks.py
[2026-03-21T20:07:11.308+0000] {processor.py:830} INFO - Processing file /opt/airflow/dags/checks.py for tasks to queue
[2026-03-21T20:07:11.314+0000] {logging_mixin.py:188} INFO - [2026-03-21T20:07:11.313+0000] {dagbag.py:545} INFO - Filling up the DagBag from /opt/airflow/dags/checks.py
[2026-03-21T20:07:11.353+0000] {processor.py:840} INFO - DAG(s) 'checks' retrieved from /opt/airflow/dags/checks.py
[2026-03-21T20:07:11.409+0000] {logging_mixin.py:188} INFO - [2026-03-21T20:07:11.408+0000] {dag.py:3089} INFO - Sync 1 DAGs
[2026-03-21T20:07:11.454+0000] {logging_mixin.py:188} INFO - [2026-03-21T20:07:11.453+0000] {dag.py:3947} INFO - Setting next_dagrun for checks to 2026-03-20 00:00:00+00:00, run_after=2026-03-21 00:00:00+00:00
[2026-03-21T20:07:11.523+0000] {processor.py:183} INFO - Processing /opt/airflow/dags/checks.py took 0.231 seconds
[2026-03-21T20:07:42.268+0000] {processor.py:161} INFO - Started process (PID=106) to work on /opt/airflow/dags/checks.py
[2026-03-21T20:07:42.270+0000] {processor.py:830} INFO - Processing file /opt/airflow/dags/checks.py for tasks to queue
[2026-03-21T20:07:42.274+0000] {logging_mixin.py:188} INFO - [2026-03-21T20:07:42.273+0000] {dagbag.py:545} INFO - Filling up the DagBag from /opt/airflow/dags/checks.py
[2026-03-21T20:07:42.306+0000] {processor.py:840} INFO - DAG(s) 'checks' retrieved from /opt/airflow/dags/checks.py
[2026-03-21T20:07:42.350+0000] {logging_mixin.py:188} INFO - [2026-03-21T20:07:42.350+0000] {dag.py:3089} INFO - Sync 1 DAGs
[2026-03-21T20:07:42.382+0000] {logging_mixin.py:188} INFO - [2026-03-21T20:07:42.382+0000] {dag.py:3947} INFO - Setting next_dagrun for checks to 2026-03-20 00:00:00+00:00, run_after=2026-03-21 00:00:00+00:00
[2026-03-21T20:07:42.456+0000] {processor.py:183} INFO - Processing /opt/airflow/dags/checks.py took 0.197 seconds
[2026-03-21T20:08:12.815+0000] {processor.py:161} INFO - Started process (PID=107) to work on /opt/airflow/dags/checks.py
[2026-03-21T20:08:12.817+0000] {processor.py:830} INFO - Processing file /opt/airflow/dags/checks.py for tasks to queue
[2026-03-21T20:08:12.820+0000] {logging_mixin.py:188} INFO - [2026-03-21T20:08:12.819+0000] {dagbag.py:545} INFO - Filling up the DagBag from /opt/airflow/dags/checks.py
[2026-03-21T20:08:12.856+0000] {processor.py:840} INFO - DAG(s) 'checks' retrieved from /opt/airflow/dags/checks.py
[2026-03-21T20:08:12.914+0000] {logging_mixin.py:188} INFO - [2026-03-21T20:08:12.913+0000] {dag.py:3089} INFO - Sync 1 DAGs
[2026-03-21T20:08:12.958+0000] {logging_mixin.py:188} INFO - [2026-03-21T20:08:12.958+0000] {dag.py:3947} INFO - Setting next_dagrun for checks to 2026-03-20 00:00:00+00:00, run_after=2026-03-21 00:00:00+00:00
[2026-03-21T20:08:13.065+0000] {processor.py:183} INFO - Processing /opt/airflow/dags/checks.py took 0.257 seconds
[2026-03-21T20:08:43.498+0000] {processor.py:161} INFO - Started process (PID=108) to work on /opt/airflow/dags/checks.py
[2026-03-21T20:08:43.501+0000] {processor.py:830} INFO - Processing file /opt/airflow/dags/checks.py for tasks to queue
[2026-03-21T20:08:43.505+0000] {logging_mixin.py:188} INFO - [2026-03-21T20:08:43.504+0000] {dagbag.py:545} INFO - Filling up the DagBag from /opt/airflow/dags/checks.py
[2026-03-21T20:08:43.538+0000] {processor.py:840} INFO - DAG(s) 'checks' retrieved from /opt/airflow/dags/checks.py
[2026-03-21T20:08:43.578+0000] {logging_mixin.py:188} INFO - [2026-03-21T20:08:43.578+0000] {dag.py:3089} INFO - Sync 1 DAGs
[2026-03-21T20:08:43.615+0000] {logging_mixin.py:188} INFO - [2026-03-21T20:08:43.615+0000] {dag.py:3947} INFO - Setting next_dagrun for checks to 2026-03-20 00:00:00+00:00, run_after=2026-03-21 00:00:00+00:00
[2026-03-21T20:08:43.666+0000] {processor.py:183} INFO - Processing /opt/airflow/dags/checks.py took 0.184 seconds
[2026-03-21T20:09:13.873+0000] {processor.py:161} INFO - Started process (PID=109) to work on /opt/airflow/dags/checks.py
[2026-03-21T20:09:13.875+0000] {processor.py:830} INFO - Processing file /opt/airflow/dags/checks.py for tasks to queue
[2026-03-21T20:09:13.879+0000] {logging_mixin.py:188} INFO - [2026-03-21T20:09:13.878+0000] {dagbag.py:545} INFO - Filling up the DagBag from /opt/airflow/dags/checks.py
[2026-03-21T20:09:13.933+0000] {processor.py:840} INFO - DAG(s) 'checks' retrieved from /opt/airflow/dags/checks.py
[2026-03-21T20:09:13.987+0000] {logging_mixin.py:188} INFO - [2026-03-21T20:09:13.987+0000] {dag.py:3089} INFO - Sync 1 DAGs
[2026-03-21T20:09:14.029+0000] {logging_mixin.py:188} INFO - [2026-03-21T20:09:14.028+0000] {dag.py:3947} INFO - Setting next_dagrun for checks to 2026-03-20 00:00:00+00:00, run_after=2026-03-21 00:00:00+00:00
[2026-03-21T20:09:14.657+0000] {processor.py:183} INFO - Processing /opt/airflow/dags/checks.py took 0.801 seconds
[2026-03-21T20:09:45.486+0000] {processor.py:161} INFO - Started process (PID=110) to work on /opt/airflow/dags/checks.py
[2026-03-21T20:09:45.490+0000] {processor.py:830} INFO - Processing file /opt/airflow/dags/checks.py for tasks to queue
[2026-03-21T20:09:45.498+0000] {logging_mixin.py:188} INFO - [2026-03-21T20:09:45.497+0000] {dagbag.py:545} INFO - Filling up the DagBag from /opt/airflow/dags/checks.py
[2026-03-21T20:09:45.555+0000] {processor.py:840} INFO - DAG(s) 'checks' retrieved from /opt/airflow/dags/checks.py
[2026-03-21T20:09:45.606+0000] {logging_mixin.py:188} INFO - [2026-03-21T20:09:45.605+0000] {dag.py:3089} INFO - Sync 1 DAGs
[2026-03-21T20:09:45.940+0000] {logging_mixin.py:188} INFO - [2026-03-21T20:09:45.940+0000] {dag.py:3947} INFO - Setting next_dagrun for checks to 2026-03-20 00:00:00+00:00, run_after=2026-03-21 00:00:00+00:00
[2026-03-21T20:09:46.748+0000] {processor.py:183} INFO - Processing /opt/airflow/dags/checks.py took 1.274 seconds
[2026-03-21T20:10:17.349+0000] {processor.py:161} INFO - Started process (PID=111) to work on /opt/airflow/dags/checks.py
[2026-03-21T20:10:17.351+0000] {processor.py:830} INFO - Processing file /opt/airflow/dags/checks.py for tasks to queue
[2026-03-21T20:10:17.355+0000] {logging_mixin.py:188} INFO - [2026-03-21T20:10:17.354+0000] {dagbag.py:545} INFO - Filling up the DagBag from /opt/airflow/dags/checks.py
[2026-03-21T20:10:17.417+0000] {processor.py:840} INFO - DAG(s) 'checks' retrieved from /opt/airflow/dags/checks.py
[2026-03-21T20:10:17.850+0000] {logging_mixin.py:188} INFO - [2026-03-21T20:10:17.849+0000] {dag.py:3089} INFO - Sync 1 DAGs
[2026-03-21T20:10:17.914+0000] {logging_mixin.py:188} INFO - [2026-03-21T20:10:17.913+0000] {dag.py:3947} INFO - Setting next_dagrun for checks to 2026-03-20 00:00:00+00:00, run_after=2026-03-21 00:00:00+00:00
[2026-03-21T20:10:17.990+0000] {processor.py:183} INFO - Processing /opt/airflow/dags/checks.py took 0.654 seconds
[2026-03-21T20:10:48.897+0000] {processor.py:161} INFO - Started process (PID=112) to work on /opt/airflow/dags/checks.py
[2026-03-21T20:10:48.898+0000] {processor.py:830} INFO - Processing file /opt/airflow/dags/checks.py for tasks to queue
[2026-03-21T20:10:48.901+0000] {logging_mixin.py:188} INFO - [2026-03-21T20:10:48.900+0000] {dagbag.py:545} INFO - Filling up the DagBag from /opt/airflow/dags/checks.py
[2026-03-21T20:10:48.931+0000] {processor.py:840} INFO - DAG(s) 'checks' retrieved from /opt/airflow/dags/checks.py
[2026-03-21T20:10:48.964+0000] {logging_mixin.py:188} INFO - [2026-03-21T20:10:48.964+0000] {dag.py:3089} INFO - Sync 1 DAGs
[2026-03-21T20:10:48.994+0000] {logging_mixin.py:188} INFO - [2026-03-21T20:10:48.993+0000] {dag.py:3947} INFO - Setting next_dagrun for checks to 2026-03-20 00:00:00+00:00, run_after=2026-03-21 00:00:00+00:00
[2026-03-21T20:10:49.147+0000] {processor.py:183} INFO - Processing /opt/airflow/dags/checks.py took 0.259 seconds
[2026-03-21T20:11:19.861+0000] {processor.py:161} INFO - Started process (PID=113) to work on /opt/airflow/dags/checks.py
[2026-03-21T20:11:19.863+0000] {processor.py:830} INFO - Processing file /opt/airflow/dags/checks.py for tasks to queue
[2026-03-21T20:11:19.866+0000] {logging_mixin.py:188} INFO - [2026-03-21T20:11:19.865+0000] {dagbag.py:545} INFO - Filling up the DagBag from /opt/airflow/dags/checks.py
[2026-03-21T20:11:19.893+0000] {processor.py:840} INFO - DAG(s) 'checks' retrieved from /opt/airflow/dags/checks.py
[2026-03-21T20:11:19.924+0000] {logging_mixin.py:188} INFO - [2026-03-21T20:11:19.924+0000] {dag.py:3089} INFO - Sync 1 DAGs
[2026-03-21T20:11:19.952+0000] {logging_mixin.py:188} INFO - [2026-03-21T20:11:19.952+0000] {dag.py:3947} INFO - Setting next_dagrun for checks to 2026-03-20 00:00:00+00:00, run_after=2026-03-21 00:00:00+00:00
[2026-03-21T20:11:20.172+0000] {processor.py:183} INFO - Processing /opt/airflow/dags/checks.py took 0.320 seconds
[2026-03-21T20:11:50.422+0000] {processor.py:161} INFO - Started process (PID=114) to work on /opt/airflow/dags/checks.py
[2026-03-21T20:11:50.424+0000] {processor.py:830} INFO - Processing file /opt/airflow/dags/checks.py for tasks to queue
[2026-03-21T20:11:50.427+0000] {logging_mixin.py:188} INFO - [2026-03-21T20:11:50.426+0000] {dagbag.py:545} INFO - Filling up the DagBag from /opt/airflow/dags/checks.py
[2026-03-21T20:11:50.467+0000] {processor.py:840} INFO - DAG(s) 'checks' retrieved from /opt/airflow/dags/checks.py
[2026-03-21T20:11:50.513+0000] {logging_mixin.py:188} INFO - [2026-03-21T20:11:50.512+0000] {dag.py:3089} INFO - Sync 1 DAGs
[2026-03-21T20:11:50.550+0000] {logging_mixin.py:188} INFO - [2026-03-21T20:11:50.549+0000] {dag.py:3947} INFO - Setting next_dagrun for checks to 2026-03-20 00:00:00+00:00, run_after=2026-03-21 00:00:00+00:00
[2026-03-21T20:11:50.869+0000] {processor.py:183} INFO - Processing /opt/airflow/dags/checks.py took 0.457 seconds
[2026-03-21T20:12:24.705+0000] {processor.py:161} INFO - Started process (PID=115) to work on /opt/airflow/dags/checks.py
[2026-03-21T20:12:24.706+0000] {processor.py:830} INFO - Processing file /opt/airflow/dags/checks.py for tasks to queue
[2026-03-21T20:12:24.709+0000] {logging_mixin.py:188} INFO - [2026-03-21T20:12:24.708+0000] {dagbag.py:545} INFO - Filling up the DagBag from /opt/airflow/dags/checks.py
[2026-03-21T20:12:24.741+0000] {processor.py:840} INFO - DAG(s) 'checks' retrieved from /opt/airflow/dags/checks.py
[2026-03-21T20:12:24.770+0000] {logging_mixin.py:188} INFO - [2026-03-21T20:12:24.770+0000] {dag.py:3089} INFO - Sync 1 DAGs
[2026-03-21T20:12:24.795+0000] {logging_mixin.py:188} INFO - [2026-03-21T20:12:24.795+0000] {dag.py:3947} INFO - Setting next_dagrun for checks to 2026-03-20 00:00:00+00:00, run_after=2026-03-21 00:00:00+00:00
[2026-03-21T20:12:25.072+0000] {processor.py:183} INFO - Processing /opt/airflow/dags/checks.py took 0.375 seconds
[2026-03-21T20:12:55.451+0000] {processor.py:161} INFO - Started process (PID=116) to work on /opt/airflow/dags/checks.py
[2026-03-21T20:12:55.453+0000] {processor.py:830} INFO - Processing file /opt/airflow/dags/checks.py for tasks to queue
[2026-03-21T20:12:55.460+0000] {logging_mixin.py:188} INFO - [2026-03-21T20:12:55.458+0000] {dagbag.py:545} INFO - Filling up the DagBag from /opt/airflow/dags/checks.py
[2026-03-21T20:12:55.522+0000] {processor.py:840} INFO - DAG(s) 'checks' retrieved from /opt/airflow/dags/checks.py
[2026-03-21T20:12:55.569+0000] {logging_mixin.py:188} INFO - [2026-03-21T20:12:55.569+0000] {dag.py:3089} INFO - Sync 1 DAGs
[2026-03-21T20:12:55.606+0000] {logging_mixin.py:188} INFO - [2026-03-21T20:12:55.606+0000] {dag.py:3947} INFO - Setting next_dagrun for checks to 2026-03-20 00:00:00+00:00, run_after=2026-03-21 00:00:00+00:00
[2026-03-21T20:12:56.466+0000] {processor.py:183} INFO - Processing /opt/airflow/dags/checks.py took 1.026 seconds
[2026-03-21T20:13:27.120+0000] {processor.py:161} INFO - Started process (PID=117) to work on /opt/airflow/dags/checks.py
[2026-03-21T20:13:27.122+0000] {processor.py:830} INFO - Processing file /opt/airflow/dags/checks.py for tasks to queue
[2026-03-21T20:13:27.126+0000] {logging_mixin.py:188} INFO - [2026-03-21T20:13:27.125+0000] {dagbag.py:545} INFO - Filling up the DagBag from /opt/airflow/dags/checks.py
[2026-03-21T20:13:27.178+0000] {processor.py:840} INFO - DAG(s) 'checks' retrieved from /opt/airflow/dags/checks.py
[2026-03-21T20:13:27.250+0000] {logging_mixin.py:188} INFO - [2026-03-21T20:13:27.249+0000] {dag.py:3089} INFO - Sync 1 DAGs
[2026-03-21T20:13:27.296+0000] {logging_mixin.py:188} INFO - [2026-03-21T20:13:27.295+0000] {dag.py:3947} INFO - Setting next_dagrun for checks to 2026-03-20 00:00:00+00:00, run_after=2026-03-21 00:00:00+00:00
[2026-03-21T20:13:27.372+0000] {processor.py:183} INFO - Processing /opt/airflow/dags/checks.py took 0.265 seconds
[2026-03-21T20:13:57.778+0000] {processor.py:161} INFO - Started process (PID=118) to work on /opt/airflow/dags/checks.py
[2026-03-21T20:13:57.781+0000] {processor.py:830} INFO - Processing file /opt/airflow/dags/checks.py for tasks to queue
[2026-03-21T20:13:57.787+0000] {logging_mixin.py:188} INFO - [2026-03-21T20:13:57.786+0000] {dagbag.py:545} INFO - Filling up the DagBag from /opt/airflow/dags/checks.py
[2026-03-21T20:13:57.828+0000] {processor.py:840} INFO - DAG(s) 'checks' retrieved from /opt/airflow/dags/checks.py
[2026-03-21T20:13:57.867+0000] {logging_mixin.py:188} INFO - [2026-03-21T20:13:57.867+0000] {dag.py:3089} INFO - Sync 1 DAGs
[2026-03-21T20:13:57.897+0000] {logging_mixin.py:188} INFO - [2026-03-21T20:13:57.897+0000] {dag.py:3947} INFO - Setting next_dagrun for checks to 2026-03-20 00:00:00+00:00, run_after=2026-03-21 00:00:00+00:00
[2026-03-21T20:13:58.405+0000] {processor.py:183} INFO - Processing /opt/airflow/dags/checks.py took 0.656 seconds
[2026-03-21T20:14:28.824+0000] {processor.py:161} INFO - Started process (PID=119) to work on /opt/airflow/dags/checks.py
[2026-03-21T20:14:28.825+0000] {processor.py:830} INFO - Processing file /opt/airflow/dags/checks.py for tasks to queue
[2026-03-21T20:14:28.829+0000] {logging_mixin.py:188} INFO - [2026-03-21T20:14:28.828+0000] {dagbag.py:545} INFO - Filling up the DagBag from /opt/airflow/dags/checks.py
[2026-03-21T20:14:28.862+0000] {processor.py:840} INFO - DAG(s) 'checks' retrieved from /opt/airflow/dags/checks.py
[2026-03-21T20:14:28.902+0000] {logging_mixin.py:188} INFO - [2026-03-21T20:14:28.901+0000] {dag.py:3089} INFO - Sync 1 DAGs
[2026-03-21T20:14:28.930+0000] {logging_mixin.py:188} INFO - [2026-03-21T20:14:28.929+0000] {dag.py:3947} INFO - Setting next_dagrun for checks to 2026-03-20 00:00:00+00:00, run_after=2026-03-21 00:00:00+00:00
[2026-03-21T20:14:29.041+0000] {processor.py:183} INFO - Processing /opt/airflow/dags/checks.py took 0.229 seconds
[2026-03-21T20:14:59.360+0000] {processor.py:161} INFO - Started process (PID=120) to work on /opt/airflow/dags/checks.py
[2026-03-21T20:14:59.365+0000] {processor.py:830} INFO - Processing file /opt/airflow/dags/checks.py for tasks to queue
[2026-03-21T20:14:59.374+0000] {logging_mixin.py:188} INFO - [2026-03-21T20:14:59.373+0000] {dagbag.py:545} INFO - Filling up the DagBag from /opt/airflow/dags/checks.py
[2026-03-21T20:14:59.432+0000] {processor.py:840} INFO - DAG(s) 'checks' retrieved from /opt/airflow/dags/checks.py
[2026-03-21T20:14:59.501+0000] {logging_mixin.py:188} INFO - [2026-03-21T20:14:59.500+0000] {dag.py:3089} INFO - Sync 1 DAGs
[2026-03-21T20:14:59.554+0000] {logging_mixin.py:188} INFO - [2026-03-21T20:14:59.553+0000] {dag.py:3947} INFO - Setting next_dagrun for checks to 2026-03-20 00:00:00+00:00, run_after=2026-03-21 00:00:00+00:00
[2026-03-21T20:14:59.645+0000] {processor.py:183} INFO - Processing /opt/airflow/dags/checks.py took 0.301 seconds
[2026-03-21T20:15:29.859+0000] {processor.py:161} INFO - Started process (PID=121) to work on /opt/airflow/dags/checks.py
[2026-03-21T20:15:29.861+0000] {processor.py:830} INFO - Processing file /opt/airflow/dags/checks.py for tasks to queue
[2026-03-21T20:15:29.867+0000] {logging_mixin.py:188} INFO - [2026-03-21T20:15:29.866+0000] {dagbag.py:545} INFO - Filling up the DagBag from /opt/airflow/dags/checks.py
[2026-03-21T20:15:29.915+0000] {processor.py:840} INFO - DAG(s) 'checks' retrieved from /opt/airflow/dags/checks.py
[2026-03-21T20:15:29.964+0000] {logging_mixin.py:188} INFO - [2026-03-21T20:15:29.964+0000] {dag.py:3089} INFO - Sync 1 DAGs
[2026-03-21T20:15:30.035+0000] {logging_mixin.py:188} INFO - [2026-03-21T20:15:30.035+0000] {dag.py:3947} INFO - Setting next_dagrun for checks to 2026-03-20 00:00:00+00:00, run_after=2026-03-21 00:00:00+00:00
[2026-03-21T20:15:30.117+0000] {processor.py:183} INFO - Processing /opt/airflow/dags/checks.py took 0.270 seconds
[2026-03-21T20:16:00.296+0000] {processor.py:161} INFO - Started process (PID=122) to work on /opt/airflow/dags/checks.py
[2026-03-21T20:16:00.299+0000] {processor.py:830} INFO - Processing file /opt/airflow/dags/checks.py for tasks to queue
[2026-03-21T20:16:00.304+0000] {logging_mixin.py:188} INFO - [2026-03-21T20:16:00.303+0000] {dagbag.py:545} INFO - Filling up the DagBag from /opt/airflow/dags/checks.py
[2026-03-21T20:16:00.366+0000] {processor.py:840} INFO - DAG(s) 'checks' retrieved from /opt/airflow/dags/checks.py
[2026-03-21T20:16:00.407+0000] {logging_mixin.py:188} INFO - [2026-03-21T20:16:00.406+0000] {dag.py:3089} INFO - Sync 1 DAGs
[2026-03-21T20:16:00.448+0000] {logging_mixin.py:188} INFO - [2026-03-21T20:16:00.447+0000] {dag.py:3947} INFO - Setting next_dagrun for checks to 2026-03-20 00:00:00+00:00, run_after=2026-03-21 00:00:00+00:00
[2026-03-21T20:16:00.516+0000] {processor.py:183} INFO - Processing /opt/airflow/dags/checks.py took 0.235 seconds
[2026-03-21T20:16:30.982+0000] {processor.py:161} INFO - Started process (PID=123) to work on /opt/airflow/dags/checks.py
[2026-03-21T20:16:30.993+0000] {processor.py:830} INFO - Processing file /opt/airflow/dags/checks.py for tasks to queue
[2026-03-21T20:16:30.998+0000] {logging_mixin.py:188} INFO - [2026-03-21T20:16:30.997+0000] {dagbag.py:545} INFO - Filling up the DagBag from /opt/airflow/dags/checks.py
[2026-03-21T20:16:31.049+0000] {processor.py:840} INFO - DAG(s) 'checks' retrieved from /opt/airflow/dags/checks.py
[2026-03-21T20:16:31.110+0000] {logging_mixin.py:188} INFO - [2026-03-21T20:16:31.109+0000] {dag.py:3089} INFO - Sync 1 DAGs
[2026-03-21T20:16:31.146+0000] {logging_mixin.py:188} INFO - [2026-03-21T20:16:31.145+0000] {dag.py:3947} INFO - Setting next_dagrun for checks to 2026-03-20 00:00:00+00:00, run_after=2026-03-21 00:00:00+00:00
[2026-03-21T20:16:31.207+0000] {processor.py:183} INFO - Processing /opt/airflow/dags/checks.py took 0.242 seconds
[2026-03-21T20:17:04.967+0000] {processor.py:161} INFO - Started process (PID=124) to work on /opt/airflow/dags/checks.py
[2026-03-21T20:17:04.973+0000] {processor.py:830} INFO - Processing file /opt/airflow/dags/checks.py for tasks to queue
[2026-03-21T20:17:04.986+0000] {logging_mixin.py:188} INFO - [2026-03-21T20:17:04.985+0000] {dagbag.py:545} INFO - Filling up the DagBag from /opt/airflow/dags/checks.py
[2026-03-21T20:17:05.026+0000] {processor.py:840} INFO - DAG(s) 'checks' retrieved from /opt/airflow/dags/checks.py
[2026-03-21T20:17:05.075+0000] {logging_mixin.py:188} INFO - [2026-03-21T20:17:05.075+0000] {dag.py:3089} INFO - Sync 1 DAGs
[2026-03-21T20:17:05.125+0000] {logging_mixin.py:188} INFO - [2026-03-21T20:17:05.125+0000] {dag.py:3947} INFO - Setting next_dagrun for checks to 2026-03-20 00:00:00+00:00, run_after=2026-03-21 00:00:00+00:00
[2026-03-21T20:17:05.365+0000] {processor.py:183} INFO - Processing /opt/airflow/dags/checks.py took 0.416 seconds
[2026-03-21T20:17:35.498+0000] {processor.py:161} INFO - Started process (PID=125) to work on /opt/airflow/dags/checks.py
[2026-03-21T20:17:35.499+0000] {processor.py:830} INFO - Processing file /opt/airflow/dags/checks.py for tasks to queue
[2026-03-21T20:17:35.501+0000] {logging_mixin.py:188} INFO - [2026-03-21T20:17:35.501+0000] {dagbag.py:545} INFO - Filling up the DagBag from /opt/airflow/dags/checks.py
[2026-03-21T20:17:35.523+0000] {processor.py:840} INFO - DAG(s) 'checks' retrieved from /opt/airflow/dags/checks.py
[2026-03-21T20:17:35.548+0000] {logging_mixin.py:188} INFO - [2026-03-21T20:17:35.548+0000] {dag.py:3089} INFO - Sync 1 DAGs
[2026-03-21T20:17:35.571+0000] {logging_mixin.py:188} INFO - [2026-03-21T20:17:35.570+0000] {dag.py:3947} INFO - Setting next_dagrun for checks to 2026-03-20 00:00:00+00:00, run_after=2026-03-21 00:00:00+00:00
[2026-03-21T20:17:37.666+0000] {processor.py:183} INFO - Processing /opt/airflow/dags/checks.py took 2.174 seconds
[2026-03-21T20:18:09.026+0000] {processor.py:161} INFO - Started process (PID=126) to work on /opt/airflow/dags/checks.py
[2026-03-21T20:18:09.029+0000] {processor.py:830} INFO - Processing file /opt/airflow/dags/checks.py for tasks to queue
[2026-03-21T20:18:09.048+0000] {logging_mixin.py:188} INFO - [2026-03-21T20:18:09.034+0000] {dagbag.py:545} INFO - Filling up the DagBag from /opt/airflow/dags/checks.py
[2026-03-21T20:18:09.128+0000] {processor.py:840} INFO - DAG(s) 'checks' retrieved from /opt/airflow/dags/checks.py
[2026-03-21T20:18:09.201+0000] {logging_mixin.py:188} INFO - [2026-03-21T20:18:09.200+0000] {dag.py:3089} INFO - Sync 1 DAGs
[2026-03-21T20:18:09.235+0000] {logging_mixin.py:188} INFO - [2026-03-21T20:18:09.235+0000] {dag.py:3947} INFO - Setting next_dagrun for checks to 2026-03-20 00:00:00+00:00, run_after=2026-03-21 00:00:00+00:00
[2026-03-21T20:18:09.277+0000] {processor.py:183} INFO - Processing /opt/airflow/dags/checks.py took 0.316 seconds
[2026-03-21T20:18:43.422+0000] {processor.py:161} INFO - Started process (PID=127) to work on /opt/airflow/dags/checks.py
[2026-03-21T20:18:43.425+0000] {processor.py:830} INFO - Processing file /opt/airflow/dags/checks.py for tasks to queue
[2026-03-21T20:18:43.430+0000] {logging_mixin.py:188} INFO - [2026-03-21T20:18:43.429+0000] {dagbag.py:545} INFO - Filling up the DagBag from /opt/airflow/dags/checks.py
[2026-03-21T20:18:43.533+0000] {processor.py:840} INFO - DAG(s) 'checks' retrieved from /opt/airflow/dags/checks.py
[2026-03-21T20:18:43.604+0000] {logging_mixin.py:188} INFO - [2026-03-21T20:18:43.603+0000] {dag.py:3089} INFO - Sync 1 DAGs
[2026-03-21T20:18:43.647+0000] {logging_mixin.py:188} INFO - [2026-03-21T20:18:43.647+0000] {dag.py:3947} INFO - Setting next_dagrun for checks to 2026-03-20 00:00:00+00:00, run_after=2026-03-21 00:00:00+00:00
[2026-03-21T20:18:43.697+0000] {processor.py:183} INFO - Processing /opt/airflow/dags/checks.py took 0.287 seconds
[2026-03-21T20:19:14.524+0000] {processor.py:161} INFO - Started process (PID=128) to work on /opt/airflow/dags/checks.py
[2026-03-21T20:19:14.527+0000] {processor.py:830} INFO - Processing file /opt/airflow/dags/checks.py for tasks to queue
[2026-03-21T20:19:14.533+0000] {logging_mixin.py:188} INFO - [2026-03-21T20:19:14.531+0000] {dagbag.py:545} INFO - Filling up the DagBag from /opt/airflow/dags/checks.py
[2026-03-21T20:19:14.592+0000] {processor.py:840} INFO - DAG(s) 'checks' retrieved from /opt/airflow/dags/checks.py
[2026-03-21T20:19:14.652+0000] {logging_mixin.py:188} INFO - [2026-03-21T20:19:14.652+0000] {dag.py:3089} INFO - Sync 1 DAGs
[2026-03-21T20:19:14.696+0000] {logging_mixin.py:188} INFO - [2026-03-21T20:19:14.696+0000] {dag.py:3947} INFO - Setting next_dagrun for checks to 2026-03-20 00:00:00+00:00, run_after=2026-03-21 00:00:00+00:00
[2026-03-21T20:19:14.828+0000] {processor.py:183} INFO - Processing /opt/airflow/dags/checks.py took 0.316 seconds
[2026-03-21T20:19:45.521+0000] {processor.py:161} INFO - Started process (PID=129) to work on /opt/airflow/dags/checks.py
[2026-03-21T20:19:45.522+0000] {processor.py:830} INFO - Processing file /opt/airflow/dags/checks.py for tasks to queue
[2026-03-21T20:19:45.528+0000] {logging_mixin.py:188} INFO - [2026-03-21T20:19:45.527+0000] {dagbag.py:545} INFO - Filling up the DagBag from /opt/airflow/dags/checks.py
[2026-03-21T20:19:45.623+0000] {processor.py:840} INFO - DAG(s) 'checks' retrieved from /opt/airflow/dags/checks.py
[2026-03-21T20:19:45.706+0000] {logging_mixin.py:188} INFO - [2026-03-21T20:19:45.706+0000] {dag.py:3089} INFO - Sync 1 DAGs
[2026-03-21T20:19:45.751+0000] {logging_mixin.py:188} INFO - [2026-03-21T20:19:45.750+0000] {dag.py:3947} INFO - Setting next_dagrun for checks to 2026-03-20 00:00:00+00:00, run_after=2026-03-21 00:00:00+00:00
[2026-03-21T20:19:45.819+0000] {processor.py:183} INFO - Processing /opt/airflow/dags/checks.py took 0.306 seconds
[2026-03-21T20:20:16.869+0000] {processor.py:161} INFO - Started process (PID=130) to work on /opt/airflow/dags/checks.py
[2026-03-21T20:20:16.872+0000] {processor.py:830} INFO - Processing file /opt/airflow/dags/checks.py for tasks to queue
[2026-03-21T20:20:16.876+0000] {logging_mixin.py:188} INFO - [2026-03-21T20:20:16.875+0000] {dagbag.py:545} INFO - Filling up the DagBag from /opt/airflow/dags/checks.py
[2026-03-21T20:20:16.910+0000] {processor.py:840} INFO - DAG(s) 'checks' retrieved from /opt/airflow/dags/checks.py
[2026-03-21T20:20:16.960+0000] {logging_mixin.py:188} INFO - [2026-03-21T20:20:16.959+0000] {dag.py:3089} INFO - Sync 1 DAGs
[2026-03-21T20:20:16.998+0000] {logging_mixin.py:188} INFO - [2026-03-21T20:20:16.998+0000] {dag.py:3947} INFO - Setting next_dagrun for checks to 2026-03-20 00:00:00+00:00, run_after=2026-03-21 00:00:00+00:00
[2026-03-21T20:20:17.209+0000] {processor.py:183} INFO - Processing /opt/airflow/dags/checks.py took 0.355 seconds
[2026-03-21T20:20:47.429+0000] {processor.py:161} INFO - Started process (PID=131) to work on /opt/airflow/dags/checks.py
[2026-03-21T20:20:47.430+0000] {processor.py:830} INFO - Processing file /opt/airflow/dags/checks.py for tasks to queue
[2026-03-21T20:20:47.434+0000] {logging_mixin.py:188} INFO - [2026-03-21T20:20:47.434+0000] {dagbag.py:545} INFO - Filling up the DagBag from /opt/airflow/dags/checks.py
[2026-03-21T20:20:47.470+0000] {processor.py:840} INFO - DAG(s) 'checks' retrieved from /opt/airflow/dags/checks.py
[2026-03-21T20:20:47.532+0000] {logging_mixin.py:188} INFO - [2026-03-21T20:20:47.532+0000] {dag.py:3089} INFO - Sync 1 DAGs
[2026-03-21T20:20:47.575+0000] {logging_mixin.py:188} INFO - [2026-03-21T20:20:47.574+0000] {dag.py:3947} INFO - Setting next_dagrun for checks to 2026-03-20 00:00:00+00:00, run_after=2026-03-21 00:00:00+00:00
[2026-03-21T20:20:47.658+0000] {processor.py:183} INFO - Processing /opt/airflow/dags/checks.py took 0.238 seconds
[2026-03-21T20:21:17.860+0000] {processor.py:161} INFO - Started process (PID=132) to work on /opt/airflow/dags/checks.py
[2026-03-21T20:21:17.863+0000] {processor.py:830} INFO - Processing file /opt/airflow/dags/checks.py for tasks to queue
[2026-03-21T20:21:17.867+0000] {logging_mixin.py:188} INFO - [2026-03-21T20:21:17.867+0000] {dagbag.py:545} INFO - Filling up the DagBag from /opt/airflow/dags/checks.py
[2026-03-21T20:21:17.913+0000] {processor.py:840} INFO - DAG(s) 'checks' retrieved from /opt/airflow/dags/checks.py
[2026-03-21T20:21:17.969+0000] {logging_mixin.py:188} INFO - [2026-03-21T20:21:17.969+0000] {dag.py:3089} INFO - Sync 1 DAGs
[2026-03-21T20:21:18.015+0000] {logging_mixin.py:188} INFO - [2026-03-21T20:21:18.014+0000] {dag.py:3947} INFO - Setting next_dagrun for checks to 2026-03-20 00:00:00+00:00, run_after=2026-03-21 00:00:00+00:00
[2026-03-21T20:21:18.080+0000] {processor.py:183} INFO - Processing /opt/airflow/dags/checks.py took 0.240 seconds
[2026-03-21T20:21:50.847+0000] {processor.py:161} INFO - Started process (PID=133) to work on /opt/airflow/dags/checks.py
[2026-03-21T20:21:50.850+0000] {processor.py:830} INFO - Processing file /opt/airflow/dags/checks.py for tasks to queue
[2026-03-21T20:21:50.856+0000] {logging_mixin.py:188} INFO - [2026-03-21T20:21:50.855+0000] {dagbag.py:545} INFO - Filling up the DagBag from /opt/airflow/dags/checks.py
[2026-03-21T20:21:50.938+0000] {processor.py:840} INFO - DAG(s) 'checks' retrieved from /opt/airflow/dags/checks.py
[2026-03-21T20:21:51.007+0000] {logging_mixin.py:188} INFO - [2026-03-21T20:21:51.006+0000] {dag.py:3089} INFO - Sync 1 DAGs
[2026-03-21T20:21:51.064+0000] {logging_mixin.py:188} INFO - [2026-03-21T20:21:51.064+0000] {dag.py:3947} INFO - Setting next_dagrun for checks to 2026-03-20 00:00:00+00:00, run_after=2026-03-21 00:00:00+00:00
[2026-03-21T20:21:51.149+0000] {processor.py:183} INFO - Processing /opt/airflow/dags/checks.py took 0.323 seconds
[2026-03-21T20:22:22.551+0000] {processor.py:161} INFO - Started process (PID=134) to work on /opt/airflow/dags/checks.py
[2026-03-21T20:22:22.554+0000] {processor.py:830} INFO - Processing file /opt/airflow/dags/checks.py for tasks to queue
[2026-03-21T20:22:22.576+0000] {logging_mixin.py:188} INFO - [2026-03-21T20:22:22.575+0000] {dagbag.py:545} INFO - Filling up the DagBag from /opt/airflow/dags/checks.py
[2026-03-21T20:22:22.621+0000] {processor.py:840} INFO - DAG(s) 'checks' retrieved from /opt/airflow/dags/checks.py
[2026-03-21T20:22:22.658+0000] {logging_mixin.py:188} INFO - [2026-03-21T20:22:22.658+0000] {dag.py:3089} INFO - Sync 1 DAGs
[2026-03-21T20:22:22.690+0000] {logging_mixin.py:188} INFO - [2026-03-21T20:22:22.690+0000] {dag.py:3947} INFO - Setting next_dagrun for checks to 2026-03-20 00:00:00+00:00, run_after=2026-03-21 00:00:00+00:00
[2026-03-21T20:22:22.746+0000] {processor.py:183} INFO - Processing /opt/airflow/dags/checks.py took 0.227 seconds
[2026-03-21T20:22:53.103+0000] {processor.py:161} INFO - Started process (PID=135) to work on /opt/airflow/dags/checks.py
[2026-03-21T20:22:53.106+0000] {processor.py:830} INFO - Processing file /opt/airflow/dags/checks.py for tasks to queue
[2026-03-21T20:22:53.125+0000] {logging_mixin.py:188} INFO - [2026-03-21T20:22:53.124+0000] {dagbag.py:545} INFO - Filling up the DagBag from /opt/airflow/dags/checks.py
[2026-03-21T20:22:53.200+0000] {processor.py:840} INFO - DAG(s) 'checks' retrieved from /opt/airflow/dags/checks.py
[2026-03-21T20:22:53.274+0000] {logging_mixin.py:188} INFO - [2026-03-21T20:22:53.274+0000] {dag.py:3089} INFO - Sync 1 DAGs
[2026-03-21T20:22:53.329+0000] {logging_mixin.py:188} INFO - [2026-03-21T20:22:53.328+0000] {dag.py:3947} INFO - Setting next_dagrun for checks to 2026-03-20 00:00:00+00:00, run_after=2026-03-21 00:00:00+00:00
[2026-03-21T20:22:53.761+0000] {processor.py:183} INFO - Processing /opt/airflow/dags/checks.py took 0.722 seconds
[2026-03-21T20:23:24.350+0000] {processor.py:161} INFO - Started process (PID=136) to work on /opt/airflow/dags/checks.py
[2026-03-21T20:23:24.355+0000] {processor.py:830} INFO - Processing file /opt/airflow/dags/checks.py for tasks to queue
[2026-03-21T20:23:24.363+0000] {logging_mixin.py:188} INFO - [2026-03-21T20:23:24.361+0000] {dagbag.py:545} INFO - Filling up the DagBag from /opt/airflow/dags/checks.py
[2026-03-21T20:23:24.427+0000] {processor.py:840} INFO - DAG(s) 'checks' retrieved from /opt/airflow/dags/checks.py
[2026-03-21T20:23:24.497+0000] {logging_mixin.py:188} INFO - [2026-03-21T20:23:24.496+0000] {dag.py:3089} INFO - Sync 1 DAGs
[2026-03-21T20:23:24.541+0000] {logging_mixin.py:188} INFO - [2026-03-21T20:23:24.540+0000] {dag.py:3947} INFO - Setting next_dagrun for checks to 2026-03-20 00:00:00+00:00, run_after=2026-03-21 00:00:00+00:00
[2026-03-21T20:23:24.619+0000] {processor.py:183} INFO - Processing /opt/airflow/dags/checks.py took 0.290 seconds
[2026-03-21T20:23:54.828+0000] {processor.py:161} INFO - Started process (PID=137) to work on /opt/airflow/dags/checks.py
[2026-03-21T20:23:54.829+0000] {processor.py:830} INFO - Processing file /opt/airflow/dags/checks.py for tasks to queue
[2026-03-21T20:23:54.833+0000] {logging_mixin.py:188} INFO - [2026-03-21T20:23:54.832+0000] {dagbag.py:545} INFO - Filling up the DagBag from /opt/airflow/dags/checks.py
[2026-03-21T20:23:54.925+0000] {processor.py:840} INFO - DAG(s) 'checks' retrieved from /opt/airflow/dags/checks.py
[2026-03-21T20:23:55.157+0000] {logging_mixin.py:188} INFO - [2026-03-21T20:23:55.157+0000] {dag.py:3089} INFO - Sync 1 DAGs
[2026-03-21T20:23:55.193+0000] {logging_mixin.py:188} INFO - [2026-03-21T20:23:55.193+0000] {dag.py:3947} INFO - Setting next_dagrun for checks to 2026-03-20 00:00:00+00:00, run_after=2026-03-21 00:00:00+00:00
[2026-03-21T20:23:55.308+0000] {processor.py:183} INFO - Processing /opt/airflow/dags/checks.py took 0.501 seconds
[2026-03-21T20:24:31.372+0000] {processor.py:161} INFO - Started process (PID=138) to work on /opt/airflow/dags/checks.py
[2026-03-21T20:24:31.377+0000] {processor.py:830} INFO - Processing file /opt/airflow/dags/checks.py for tasks to queue
[2026-03-21T20:24:31.380+0000] {logging_mixin.py:188} INFO - [2026-03-21T20:24:31.380+0000] {dagbag.py:545} INFO - Filling up the DagBag from /opt/airflow/dags/checks.py
[2026-03-21T20:24:31.462+0000] {processor.py:840} INFO - DAG(s) 'checks' retrieved from /opt/airflow/dags/checks.py
[2026-03-21T20:24:31.498+0000] {logging_mixin.py:188} INFO - [2026-03-21T20:24:31.498+0000] {dag.py:3089} INFO - Sync 1 DAGs
[2026-03-21T20:24:31.528+0000] {logging_mixin.py:188} INFO - [2026-03-21T20:24:31.528+0000] {dag.py:3947} INFO - Setting next_dagrun for checks to 2026-03-20 00:00:00+00:00, run_after=2026-03-21 00:00:00+00:00
[2026-03-21T20:24:31.631+0000] {processor.py:183} INFO - Processing /opt/airflow/dags/checks.py took 5.391 seconds
[2026-03-21T20:25:07.271+0000] {processor.py:161} INFO - Started process (PID=139) to work on /opt/airflow/dags/checks.py
[2026-03-21T20:25:07.274+0000] {processor.py:830} INFO - Processing file /opt/airflow/dags/checks.py for tasks to queue
[2026-03-21T20:25:07.285+0000] {logging_mixin.py:188} INFO - [2026-03-21T20:25:07.283+0000] {dagbag.py:545} INFO - Filling up the DagBag from /opt/airflow/dags/checks.py
[2026-03-21T20:25:07.322+0000] {processor.py:840} INFO - DAG(s) 'checks' retrieved from /opt/airflow/dags/checks.py
[2026-03-21T20:25:07.366+0000] {logging_mixin.py:188} INFO - [2026-03-21T20:25:07.366+0000] {dag.py:3089} INFO - Sync 1 DAGs
[2026-03-21T20:25:07.402+0000] {logging_mixin.py:188} INFO - [2026-03-21T20:25:07.402+0000] {dag.py:3947} INFO - Setting next_dagrun for checks to 2026-03-20 00:00:00+00:00, run_after=2026-03-21 00:00:00+00:00
[2026-03-21T20:25:07.457+0000] {processor.py:183} INFO - Processing /opt/airflow/dags/checks.py took 0.199 seconds
[2026-03-21T20:25:38.099+0000] {processor.py:161} INFO - Started process (PID=140) to work on /opt/airflow/dags/checks.py
[2026-03-21T20:25:38.105+0000] {processor.py:830} INFO - Processing file /opt/airflow/dags/checks.py for tasks to queue
[2026-03-21T20:25:38.297+0000] {logging_mixin.py:188} INFO - [2026-03-21T20:25:38.112+0000] {dagbag.py:545} INFO - Filling up the DagBag from /opt/airflow/dags/checks.py
[2026-03-21T20:25:39.201+0000] {processor.py:840} INFO - DAG(s) 'checks' retrieved from /opt/airflow/dags/checks.py
[2026-03-21T20:25:39.825+0000] {logging_mixin.py:188} INFO - [2026-03-21T20:25:39.824+0000] {dag.py:3089} INFO - Sync 1 DAGs
[2026-03-21T20:25:39.856+0000] {logging_mixin.py:188} INFO - [2026-03-21T20:25:39.855+0000] {dag.py:3947} INFO - Setting next_dagrun for checks to 2026-03-20 00:00:00+00:00, run_after=2026-03-21 00:00:00+00:00
[2026-03-21T20:25:39.890+0000] {processor.py:183} INFO - Processing /opt/airflow/dags/checks.py took 2.043 seconds
[2026-03-21T20:26:10.233+0000] {processor.py:161} INFO - Started process (PID=141) to work on /opt/airflow/dags/checks.py
[2026-03-21T20:26:10.235+0000] {processor.py:830} INFO - Processing file /opt/airflow/dags/checks.py for tasks to queue
[2026-03-21T20:26:10.241+0000] {logging_mixin.py:188} INFO - [2026-03-21T20:26:10.240+0000] {dagbag.py:545} INFO - Filling up the DagBag from /opt/airflow/dags/checks.py
[2026-03-21T20:26:10.314+0000] {processor.py:840} INFO - DAG(s) 'checks' retrieved from /opt/airflow/dags/checks.py
[2026-03-21T20:26:10.473+0000] {logging_mixin.py:188} INFO - [2026-03-21T20:26:10.473+0000] {dag.py:3089} INFO - Sync 1 DAGs
[2026-03-21T20:26:10.582+0000] {logging_mixin.py:188} INFO - [2026-03-21T20:26:10.581+0000] {dag.py:3947} INFO - Setting next_dagrun for checks to 2026-03-20 00:00:00+00:00, run_after=2026-03-21 00:00:00+00:00
[2026-03-21T20:26:10.903+0000] {processor.py:183} INFO - Processing /opt/airflow/dags/checks.py took 0.706 seconds
